edition	01_transkribus_export	00_metadata_registration	01b_image_pb_renaming	02_tei_conversion	03_story_segmentation	04_fw_elements	05_dicta_ner	06_ner_cleanup	07_place_linking	08_person_linking	09_currency_annotation	10_abbreviation_annotation	11_bibl_linking	12_bibliography_sourceDesc	13_structural_validation	14_manual_proofreading	15_website_deployment	notes
edition	01_transkribus_export	00_metadata_registration	01b_image_pb_renaming	02a_upload_images	02_tei_conversion	03_story_segmentation	04_fw_elements	05_dicta_ner	06_ner_cleanup	07_place_linking	08_person_linking	09_currency_annotation	10_abbreviation_annotation	11_bibl_linking	12_bibliography_sourceDesc	13_structural_validation	14_manual_proofreading	15_website_deployment	notes
Adat-Zadikim	done	done	done	done	done (24 stories)	done (64)	done (508p/142l)	no empty tags	128/142 (90%)	252/508 (50%)	not started	not started	14 refs	done	not checked	not started	not started	
Buzina_Denehora	done	done	done	done	done (74 stories)	review (172)	done (501p/116l)	no empty tags	36/116 (31%)	not started	not started	not started	164 refs	done	issues: xml:id: 49/74	not started	not started	
Dvarim-Yekarim	done	done	done	done	done (11 stories)	review (15)	done (99p/36l)	no empty tags	22/36 (61%)	not started	not started	not started	1 refs	done	issues: xml:id: 7/11	not started	not started
Hitgalut-HaZadikim	done	done	done	done	done (54 stories)	done (52)	done (591p/300l)	no empty tags	160/300 (53%)	not started	not started	not started	1 refs	done	issues: xml:id: 45/54	not started	not started
Khal-Hasidim	done	done	done	done	done (255 stories)	done	done (2978p/1146l)	no empty tags	954/1146 (83%)	1082/2978 (36%)	not started	not started	97 refs	done	issues: xml:id: 254/255	not started	not started	
Khal-Kdoshim	done	done	done	done	done (14 stories)	done	done (85p/52l)	no empty tags	48/52 (92%)	10/85 (12%)	not started	not started	7 refs	done	issues: xml:id: 12/14	not started	not started	
Kokhvei-Or	done	done	done	done	done (54 stories)	done (56)	done (160p/57l)	no empty tags	36/57 (63%)	not started	not started	not started	19 refs	done	issues: xml:id: 1/54	not started	not started	
Maasiot-Pliot	done	done	done	done	done (26 stories)	done (85)	done (179p/72l)	no empty tags	33/72 (46%)	not started	not started	not started	29 refs	done	issues: xml:id: 24/26	not started	not started	
Maasiot-veSihot-Zadikim	done	done	done	done	done (38 stories)	done (157)	done (892p/387l)	no empty tags	238/387 (61%)	not started	not started	not started	127 refs	done	not checked	not started	not started	
MaasiyotUmaamarimYekarim	done	done	done	done	done (41 stories)	review (55)	done (358p/69l)	no empty tags	36/69 (52%)	not started	not started	not started	163 refs	done	issues: xml:id: 0/41	not started	not started	
MaasyiotMzadikeiYesodeiOlam	done	done	done	done	done (16 stories)	done (48)	done (141p/103l)	no empty tags	64/103 (62%)	not started	not started	not started	36 refs	done	issues: xml:id: 14/16	not started	not started	
Mifalot-HaZadikim	done	done	done	done	done (56 stories)	partial (4)	done (263p/103l)	no empty tags	96/103 (93%)	105/263 (40%)	not started	not started	11 refs	done	issues: xml:id: 54/56	not started	not started	
PeerMikdoshim	done	done	done	done	done (22 stories)	done	done (140p/83l)	no empty tags	81/83 (98%)	60/140 (43%)	not started	not started	5 refs	done	issues: xml:id: 18/22	not started	not started	
Sefer-Moraim-Gdolim	done	done	done	done	done (17 stories)	done (81)	done (82p/27l)	no empty tags	18/27 (67%)	not started	not started	not started	23 refs	done	issues: xml:id: 16/17	not started	not started	
Shemen-Hatov	done	done	done	done	done (220 stories)	review (137)	done (1774p/745l)	no empty tags	353/745 (47%)	not started	not started	not started	1 refs	done	issues: xml:id: 208/220	not started	not started
Shivhei-Harav	done	done	done	done	done (22 stories)	done	done (320p/212l)	no empty tags	153/212 (72%)	71/320 (22%)	not started	not started	23 refs	done	issues: xml:id: 19/22	not started	not started	
Shlosha-edrei-zon	done	done	done	done	done (50 stories)	done (83)	done (268p/177l)	no empty tags	115/177 (65%)	not started	not started	not started	70 refs	done	issues: xml:id: 48/50	not started	not started	
Sipurei-Kdoshim	done	done	done	done	done (18 stories)	done (111)	done (282p/77l)	no empty tags	73/77 (95%)	not started	not started	not started	21 refs	done	issues: xml:id: 17/18	not started	not started	
Sipurei-Zadikim	done	done	done	done	done (14 stories)	done (123)	done (257p/156l)	no empty tags	129/156 (83%)	46/257 (18%)	not started	not started	9 refs	done	not checked	not started	not started	
SipureiAnsheiShem	done	done	done	done	done (25 stories)	done (95)	done (161p/104l)	no empty tags	68/104 (65%)	not started	not started	not started	1 refs	done	issues: xml:id: 23/25	not started	not started
Sipurim-Nehmadim	done	done	done	done	done (36 stories)	done (62)	done (206p/117l)	no empty tags	58/117 (50%)	not started	not started	not started	61 refs	done	issues: xml:id: 34/36	not started	not started	
SipurimUmaamarimYekarim	done	done	done	done	done (40 stories)	done (22)	done (215p/90l)	no empty tags	54/90 (60%)	not started	not started	not started	1 refs	done	issues: xml:id: 36/40	not started	not started
Smichat-Moshe	done	done	done	done	done (10 stories)	done (10)	done (316p/179l)	no empty tags	147/179 (82%)	63/316 (20%)	not started	not started	35 refs	done	issues: xml:id: 2/10	not started	not started	
maase-zadikim	done	done	done	done	done (41 stories)	done (100)	done (342p/235l)	no empty tags	225/235 (96%)	171/342 (50%)	not started	not started	21 refs	done	not checked	not started	not started	
shivheiZadikim	done	done	done	done	done (65 stories)	done (161)	done (711p/304l)	no empty tags	184/304 (61%)	not started	not started	not started	91 refs	done	issues: xml:id: 64/65	not started	not started	
tmimei_derech	done	done	done	done	done (10 stories)	done (231)	done (222p/54l)	no empty tags	49/54 (91%)	not started	not started	not started	47 refs	done	issues: xml:id: 5/10	not started	not started	
Torat-Haramal	done	done	done	not started	not started	not started	not started	not started	not started	not started	not started	not started	not started	not started	not started	not started	not started	not started	DiJeSt:15471223; תורת הרמ"ל השלם; merged: also ליקוטים חדשים (HB:3671, doc 6577070); 53 imgs / 112 p
Toldot-Haniflaot	done	done	done	not started	not started	not started	not started	not started	not started	not started	not started	not started	not started	not started	not started	not started	not started	not started	DiJeSt:6452887; תולדות הנפלאות; 57 imgs
Peulat-Hatzadikim	done	done	done	not started	not started	not started	not started	not started	not started	not started	not started	not started	not started	not started	not started	not started	not started	not started	DiJeSt:6577152; ספר פעולת הצדיקים; merged: also ספר מים רבים (HB:3711, doc 6577154); 49 imgs / 151 p
Seva-Ratzon	done	done	done	not started	not started	not started	not started	not started	not started	not started	not started	not started	not started	not started	not started	not started	not started	not started	DiJeSt:6577969; שבע רצון; 32 imgs
Maasim-Tovim	done	done	done	not started	not started	not started	not started	not started	not started	not started	not started	not started	not started	not started	not started	not started	not started	not started	DiJeSt:6578374; מעשים טובים; 32 imgs (pp.1-4 not exported)
Shaarei-Haemuna	done	done	done	not started	not started	not started	not started	not started	not started	not started	not started	not started	not started	not started	not started	not started	not started	not started	DiJeSt:6705131; ספר שערי האמונה; 94 imgs
Derech-Haemuna	done	done	done	not started	not started	not started	not started	not started	not started	not started	not started	not started	not started	not started	not started	not started	not started	not started	DiJeSt:7125297; דרך האמונה ומעשה רב; 109 imgs; ⚠ pp.4-6 missing
Eser-Kedushot	done	done	done	not started	not started	not started	not started	not started	not started	not started	not started	not started	not started	not started	not started	not started	not started	not started	DiJeSt:9194695; עשר קדושות; 126 imgs (pp.1-4 not exported); ⚠ pp.123-126 missing
Eser-Orot	done	done	done	not started	not started	not started	not started	not started	not started	not started	not started	not started	not started	not started	not started	not started	not started	not started	DiJeSt:9194696; עשר אורות; 157 imgs (pp.1-4 not exported); ⚠ p.6 missing
Tiferet-Hayyim	done	done	done	not started	not started	not started	not started	not started	not started	not started	not started	not started	not started	not started	not started	not started	not started	not started	DiJeSt:9568035; תפארת חיים; 55 imgs
