row_number	review_notes	מעשות מהגדולים והצדיקים	DBid	download link	Final Edition Title for the DB	BHB-date	Bibliography of the Hebrew Book	KitsisID	edition	Questions	answer	Kitsis-head	BHBTitle	downloaded filename	KitsispubPlace	BHBpublicationDate	מקום הדפסה (כששונה מהוצאה)	BHBHebrewDate	Kitsisdate	accuracy	bf:note(2)	Kitzisdescription	HebrewBooksLink	OtzarHachochmaLink	fabio:hasSubtitle(2)	title(notBHB)	ALMA ID	findingComments	Access-comments	dcterms:lanugage	PersonKitsis	AuthorNoPoint(2)	Author-heb-Y	Author-eng-Y	KitsisTitle	dijest:kimaID(2)	dijest:locStatus(2)	dijest:printer(2)	validate printer	dcterms:publisher(2)	validate publisher	dijest:Haskama(2)	Language	title-eng-Y	Format (2/4/8)	AuthorEntityID	Editor	dijest:printer	dcterms:publisher	dijest:kimaID	_ - coor	longitude	latitude	dijest:locStatus	Number of Pages	Number of Stories	Nu. מספר.	Kitsis Genre and tradition	File
6	DATE UNKNOWN — BHBHebrewDate='תר-?'; verify whether a precise date exists	5	3569		"שבחי הבעש""ט"		168587						"שבחי הבעש""ט"			Russia-Poland		תר-?			באותיות מרובעות.				...				יש כבר סריקה מוקדמת	heb						TBD	[]					TBD	heb					TBD	TBD	14092	point(7.7666666666667 49.433333333333)	7.766666667	49.43333333	[]					רשימת ספרי חסידות.xlsx - Editions (5).tsv
13	PLACE AMBIGUOUS — BHBpublicationDate='ווארשא?,Warsaw?,Warsaw'; clarify publication city	12	3576		"שבחי הבעש""ט"	1895	168592			לבדוק מקום הוצאה והדפסה!			"שבחי הבעש""ט"			ווארשא?,Warsaw?,Warsaw		"תרנ""ה"			"יצחק רפאל, שבחי הבעש""ט - ארשת, ב, תש""ך, עמ' 368, מס' 11, רושם טופס שמעבר לשערו אישור הצנזור בווארשא מיום 13 בפברואר 1895."				"... כמש""נ בלעמבערג שנת תרמ""ה..."				יש כבר סריקה מוקדמת	heb						953	[]					TBD	heb					TBD	TBD	953	Point(21.033333333 52.216666666)	21.03333333	52.21666667	[]					רשימת ספרי חסידות.xlsx - Editions (5).tsv
14	PLACE AMBIGUOUS — BHBpublicationDate='Warsaw?Lemberg'; clarify publication city	13	3577		"שבחי הבעש""ט"	1895	168593			לבדוק מקום הוצאה והדפסה!			"שבחי הבעש""ט"			Warsaw?Lemberg		"תרנ""ה"			TBD				"... [כמש""נ] בלעמבערג שנת תרמ""ה..."				יש כבר סריקה מוקדמת	heb							[]					TBD	heb					חסר שם מדפיס	TBD	953	Point(21.033333333 52.216666666)	21.03333333	52.21666667	[]					רשימת ספרי חסידות.xlsx - Editions (5).tsv
16	DBID RESOLVED: 3579 (auto-filled from Editions-Report match)	15			"שבחי הבעש""ט"	1907	168595						"שבחי הבעש""ט"			לעמבערג,Lvov,Lemberg		"תרס""ז"			TBD				NULL				יש כבר סריקה מוקדמת	heb						166	NULL	דפוס יוסף פישער, קראקא	Yosef Fischer	דוד ראטה		TBD	heb					דפוס יוסף פישער, קראקא	דוד ראטה	166	Point(24.014166666 49.83)	24.01416667	49.83	NULL					רשימת ספרי חסידות.xlsx - Editions (5).tsv
17	"DBID NOT IN EDITIONS-REPORT — kima=675, year=1816 not found in Editions-Report (Oct 2025 export). Check hasidic-stories.dh-dev.com for 'שבחי הבעש""ט' (Karetz, 1816)."	16			"שבחי הבעש""ט"	1816	לא מצאתי מספר BHB כי זה ביידיש	2	A			"שבחי הבעש""ט (יידיש), קארעץ תקע""ו"				Karetz,קארעצץ		"תקע""ו"	"תקע""ו"			"תרגום ליידיש, ראשון מתוך כמה שנעשו מאוחר יותר, לספר שבחי הבעש""ט. קיימים שינויים סגנוניים ותכניים."							יש כבר סריקה מוקדמת בעברית				אנונימי		"שבחי הבעש""ט (יידיש)"	675							yid	Shivchei HaBesht						675									רשימת ספרי חסידות.xlsx - Editions (5).tsv
18	"DBID AMBIGUOUS — two identical records found in Editions-Report for kima=1703, year=1850: DBid=3572 and DBid=3573 (both titled 'שבחי הבעש""ט'). Cannot auto-resolve; check DiJeSt DB to determine which is the correct match."	17			שבחי בעל שם טוב	1850	"כנ""ל"									Zolkiew,זאלקווא		"תר""י"					http://www.hebrewbooks.org/43939						יש כבר סריקה מוקדמת בעברית							1703							yid	Shivchei HaBesht						1703									רשימת ספרי חסידות.xlsx - Editions (5).tsv
24	DBID AMBIGUOUS — two identical records found in Editions-Report for kima=953, year=1881: DBid=3584 and DBid=3585 (both titled 'סיפורי מעשיות'). Cannot auto-resolve; check DiJeSt DB to determine which is the correct match.	23			סיפורי מעשיות	1881	152171						סיפורי מעשיות			Warsaw					TBD				NULL				יש כבר סריקה מוקדמת	heb		נחמן בן שמחה מבראצלאב				953	NULL	דפוס נתן שריפטגיססער				TBD	heb			97672		דפוס נתן שריפטגיססער	TBD	953	Point(21.033333333 52.216666666)	21.03333333	52.21666667	NULL					רשימת ספרי חסידות.xlsx - Editions (5).tsv
27	DBID RESOLVED: 3588 (auto-filled from Editions-Report match)	26			סיפורי מעשיות	1909	152174						סיפורי מעשיות			Warsaw					TBD				...				יש כבר סריקה מוקדמת	heb		נחמן בן שמחה מבראצלאב				953	NULL			שמעון ראטענבערג, לאדז		TBD	heb			97672		חסר שם מדפיס	שמעון ראטענבערג, לאדז	953	Point(21.033333333 52.216666666)	21.03333333	52.21666667	NULL					רשימת ספרי חסידות.xlsx - Editions (5).tsv
29	DBID NOT FOUND IN EDITIONS-REPORT — kima=250, year=1911 has 3 candidates (DBid=3773 'אהל אברהם', DBid=3781 'נפלאות הצדיקים', DBid=3760 'עשר עטרות'), none matching 'ספורי קדושים'. Book absent or kima wrong. Also: LANGUAGE MISSING and TITLE MISSING still unresolved. | LANGUAGE MISSING — enter heb / yid / jrb (or other ISO 639-3 code) | TITLE NOT SET — BHBTitle='???' is available; confirm it as Final Edition Title for the DB (or correct it)					1864				לבדוק	מהדורה ראשונה של שבחי הר״ן או הופעה ראשונה של שבחי הר״ן במהדורה כלשהי. תר״י או תרכ״ד?		???			למברג			תרכ״ד			" בסופה של המהדורה הראשונה של סיפורי מעשיות, שלושה עשר הסיפורים שסיפר ר' נחמן מברסלב, מופיעים קבצים ובהם סיפורי שבחים אודות ר' נחמן, שנכתבו בידי תלמידו, ר' נתן מנמירוב.  החלק הראשון של הספר אינו עוסק בשבחים, אלא בסיפורי המעשיות שסיפר ר' נחמן, אולם בסוף חלק זה הוסיף ר' נתן כמה סיפורים קצרים אודות ר' נחמן (כיצד בצעירותו ידע כי ילדה שחלתה תמות, כיצד הזהיר על תיקון לעניין קרי, ועוד). בנוסף, לאחר חלק זה הוסיף ר' נתן קובץ מונוגרפי מפותח והוא סיפור חיי ר' נחמן ובמרכזם תיאור מפותח של ""סדר הנסיעה שלו לארץ ישראל"". חלק זה מופיע גם הוא תחת הכותרת ""סיפורי מעשיות"" הרצה בראש העמודים. מאוחר יותר הודפס חלק זה בנפרד בכמה מהדורות תחת השם מסעות הים (5), ושוב עם הוספות כספר שבחי הר""ן (למברג תר""ל??). עוד על המהדורות של קובץ זה ר' קעניג, נווה צדיקים, עמ' עא-עג.  בסוף הספר קובץ נוסף הנקרא ""ליקוטי מוהר""ן"" והוא בעצם השלמות של ר' נתן למהדורות של ספר ליקוטי מוהר""ן שכבר ראו אור (אוסטרהא תקנ""ח, תקע""א). קובץ זה נודע לימים כספר שיחות הר""ן (נתפס בשם זה תחילה כפרק ""שיחות הר""ן"" יחד עם פרק ""שבחי הר""ן"" בספר בשם מגיד שיחות, זולקווה תר""י), אולם תחילה התפרסם בשם מעגלי צדק (4). הקובץ מכיל גם תורות ודרשות, אך רובו נושא אופי של אמרות מענה ושיחות מאת ר' נחמן, ומשולבים בו גם כמה סיפורים אודותיו.  "														166														166								מעשיות (ר' נחמן), מונוגרפיה (ר' נתן), אמרות קודש משולבות בסיפורים. ללא מסרנים.	
30	"TITLE CONFLICT — BHBTitle='שבחי הר""ן' vs KitsisTitle='סיפורי מעשיות'; choose one for Final Edition Title for the DB"	28	3590			1864	169864	3	A?	"?3A (לקיציס מהדורה יותר מוקדמת משנת תקע""ו) . כמו כן, לבדוק מקום הוצאה והדפסה!"	נראה לי שהותכו כאן שני ספרים שלא היו צריכים להיות יחד-  אולי לפצל	"סיפורי מעשיות, ר' נחמן מברסלב (ור' נתן מנמירוב), אוסטרהא תקע""ו"	"שבחי הר""ן"			Lvov,אוסטרהא,Ostroh		"תקע""ו "	"תקע""ו"		"הקטעים שבאו בהוצאה הראשונה של סיפורי מעשיות בדף האחרון, נדפסו כאן על-פי הוצאת [לעמבערג] הנז', בסוף ""שיחות הר""ן"", וצויינו כאן בסימנים: קיא-קטז, ודבריו של נ""צ קעניג, (נוה צדיקים, בני-ברק תשכ""ט, עמ' עג): ש""בהוצאה ראשונה [של סיפורי מעשיות] לא נרשמו ונדפסו כל השיחות ... רק עד סימן קיא"" - בטעות יסודם."				"נכלל בו ספר שיחות הר""ן ... מו""ה נחמן [מבראצלאב] זצ""ל ... גם ... מקצת שבחי (הר""ן) ... והנהגותיו ... וסדר נסיעתו לארץ הקדושה [חובר על-ידי תלמידו ר' נתן שטערנהארץ]."				אין לנו עותק של הדפוס הראשון	heb	ר' נחמן מברסלב (ור' נתן מנמירוב)	שטרנהארץ, נתן בן נפתלי הירץ	ר' נתן מנמירוב	Nathan of Nemyriv	סיפורי מעשיות	166	NULL					TBD	heb	Shivchei  Haran		127013		TBD	TBD	166	Point(24.014166666 49.83)	24.01416667	49.83	NULL			4		רשימת ספרי חסידות.xlsx - Editions (5).tsv
35	DBID RESOLVED: 3595 (auto-filled from Editions-Report match)	33			מעגלי צדק	1850	152158						מעגלי צדק			Warsaw					TBD				NULL				יש סריקה מוקדמת של HebrewBooks	heb		נחמן בן שמחה מבראצלאב				953	NULL	דפוס יואל לעבענזאהן				TBD	heb			97672		דפוס יואל לעבענזאהן	TBD	953	Point(21.033333333 52.216666666)	21.03333333	52.21666667	NULL					רשימת ספרי חסידות.xlsx - Editions (5).tsv
38	"DBID NOT FOUND IN EDITIONS-REPORT — kima=1703, year=1850 returns only 'שבחי הבעש""ט' (DBid=3572, 3573), not 'מסעות הים'. Either this book is absent from the Oct-2025 export, or the kima ID in this row is wrong. Verify title and kima against hasidic-stories.dh-dev.com. | LANGUAGE MISSING — enter heb / yid / jrb (or other ISO 639-3 code)"	35.5		https://www.nli.org.il/he/books/NNL_ALEPH001827534	מסעות הים	1850		5	A	לבדוק מקום הוצאה והדפסה!	לבירור מאוחר	"מסעות הים, ר' נתן מנמירוב, לבוב תר""י"		dedupmrg286645983_IE80888630	לבוב	Zhovkva			"תר""י"			הוצאה נפרדת של הפרק המונוגרפי שכתב ר' נתן מנמירוב אודות נסיעת רבו לארץ ישראל, שצורפה תחילה לספר סיפורי המעשיות (ר' 3).				מגיד שיחות	990018275340205171				ר' נתן מנמירוב	שטרנהארץ, נתן בן נפתלי הירץ	ר' נתן מנמירוב	Nathan of Nemyriv	מסעות הים	1703								Magid Sichot (in it Sichot Haran)		127013				1703								מונוגרפיה. ללא מסרנים.	רשימת ספרי חסידות.xlsx - Editions (5).tsv
41	DATE UNKNOWN — BHBHebrewDate='שנה לא ידועה'; verify whether a precise date exists | DBID MISSING — look up on hasidic-stories.dh-dev.com (lower priority)	38			מגיד שיחות													שנה לא ידועה					http://www.hebrewbooks.org/26789						יש כבר סריקה מוקדמת				ר' נתן מנמירוב										yid			127013									194				רשימת ספרי חסידות.xlsx - Editions (5).tsv
42	DBID NOT IN EDITIONS-REPORT — kima=6918 not found in Editions-Report (Oct 2025 export). Check hasidic-stories.dh-dev.com for 'מעשה נפלאה ונורא מהרב זלמינא וויטפסקער' (1863).	39		https://www.nli.org.il/he/books/NNL_ALEPH003601145	"מעשה נפלאה ונורא מהרב ... מוהר""ר זלמינא וויטפסקער"	1863	לא מצאתי מספר BHB	6	A			"מעשה... מהרב הגדול... זלמינא ויטפסקער, אלעזר מרגליות, טרשרנוביץ תרכ""ג (1863). "		dedupmrg285099927_IE138518236		טשרנוביץ,Chernivtsi		"תרכ""ג"	"תרכ""ג (1863)."			"קונטרס ביידיש ובו תיאור הצלתו של ר' שניאור זלמן מליאדי מן המאסר. המעשה מתואר באופן סנסציוני ובסיוע עובדות מופרכות ומוגזמות. ""ר' זלמנא"" מוגלה לאי אלבה (כמו נפוליון). מציל את הצבא הרוסי באמצע מתקפה צבאית, ועוד כהנה וכהנה. שפת היידיש נמוכה ודיבורית וכוללת ביטויים כגון ""הקיצר"" וכיוצא באלו. ההוצאה זולה וניכרים בה שיבושים. ראה אור שוב שנה מאוחר יותר. נכתב בידי חסיד אנונימי מבוקובינה.  כתגובה לספרון זה הוציא מיכאל לוי פרומקין את שבחי הרב, תרכ""ד (7). בכך מסמנת דווקא יצירה זו את לתחילתה מחדש של ספרות השבחים החסידית, לאחר שנים של שתיקה ספרותית. על הספרון ראו גם הברמן, שערי חב""ד, עמ' 324-323. הכרך מצולם בשלמותו ומתורגם לעברית בידי יהושע מונדשיין בכה""ע כרם חב""ד ד (תשנ""ב), עמ' 265-247.  "				מעשה... מהרב הגדול... זלמינא וויטפסקער	990036011450205171				אלעזר מרגליות		"אלעזר מרגליות מק""ק סקאליט"	Elazar Margaliot from Skala	מעשה... מהרב הגדול... זלמינא ויטפסקער	6918							yid	Maase… Meharav Hagadol… Zalmina Vitpeskyr						6918							7	נובלה בסגנון ספרות נפלאות, סנסציה היסטורית בדיונית. ספרון אגורה. ללא מסרנים.	רשימת ספרי חסידות.xlsx - Editions (5).tsv
67	DBID RESOLVED: 3649 (auto-filled from Editions-Report match)	64			קהל חסידים	1875	לא מצאתי מספר BHB כי זה ביידיש									למברג		"תרל""ה"					http://www.hebrewbooks.org/43930						יש כבר סריקה מוקדמת בעברית							166							yid	Kehal Chasidim						166									רשימת ספרי חסידות.xlsx - Editions (5).tsv
78	DATE MISSING — no date in any column; provide year if known	75	3630|3632|3633|3634		"סדר הדורות מתלמידי הבעש""ט"		115758						"סדר הדורות מתלמידי הבעש""ט"			Lublin					בראשי העמודים: סדר הדורות החדש.				...				יש כבר סריקה מוקדמת	heb		בודק, מנחם מנדל בן ראובן שרגא				174	[]					TBD	heb			166602		TBD	TBD	174	Point(22.566666666 51.233333333)	22.56666667	51.23333333	[]					רשימת ספרי חסידות.xlsx - Editions (5).tsv
80	DBID NOT FOUND IN EDITIONS-REPORT — kima=166, year=1866 has no 'מפעלות הצדיקים' entry. Report candidates: DBid=3643 ('ספורי קדושים') and DBid=3612 ('עדת צדיקים') — neither matches. Kima may be wrong, or record absent from export. Verify on hasidic-stories.dh-dev.com. | LANGUAGE MISSING — enter heb / yid / jrb (or other ISO 639-3 code)	77		https://www.nli.org.il/he/books/NNL_ALEPH000412267	מפעלות הצדיקים	1866		16	B			"מפעלות הצדיקים עם דובר מישרים, מנחם מנדל בודק, למברג תרכ""ו"		dedupmrg285123306_IE49376459		Lvov,Lemberg,Lviv			"תרכ""ו"			"אוסף של סיפורים נובליים ארוכים, חסידיים ולא חסידיים. דומה לספרו מעשה צדיקים (תרכ""ד, 8) סיפור ארוך מועתק מספר ""הכנסת אורחים"" שהועתק, לדברי המחבר, מתוך עותק שבספרייה בווינה. כמה סיפורים על ר' שלום מבעלז. גם בספר זה משולבים אמרות לקח ומוסר. בהקדמה מצהיר המחבר על בחירתו בלשון קלה לטובת ההמון. אין להחליף עם מפעלות צדיקים (החדש) שערך יוסף בר""א (תרס""א, 54) בהשראת סגנונו של בודק. על פי נוסח השער היו שזיהו את שנת ההוצאה כתרט""ז (על פי האותיות המודגשות בפסוק ""זה הש'ער' לד' צדיק'ים י'בואו'"") אולם בגוף השוער מעיד המחבר שהספר יצא לאחר פאר מקדושים (תרכ""ה), ויש כנראה למנות בפסוק גם אות י' נוספת שתשלים לשנה תרכ""ו.  "				מפעלות הצדיקים	990004122670205171				מנחם מנדל בודק	בודק, מנחם מנדל בן ראובן שרגא	מנחם מנדל בודק	Menachem Mendel Bodek	מפעלות הצדיקים עם דובר מישרים	166										166602				166								מעשיות נפלאות, נובלות. ללא מסרנים.	רשימת ספרי חסידות.xlsx - Editions (5).tsv
89	DBID NOT FOUND IN EDITIONS-REPORT — kima=250, year=1911 has 3 candidates (DBid=3773 'אהל אברהם', DBid=3781 'נפלאות הצדיקים', DBid=3760 'עשר עטרות'), none matching 'ספורי קדושים'. Book absent or kima wrong. Also: LANGUAGE MISSING and TITLE MISSING still unresolved. | LANGUAGE MISSING — enter heb / yid / jrb (or other ISO 639-3 code)				ספורי קדושים	1911	327114						ספורי קדושים	dedupmrg388945615_IE171777553		פיעטרקוב											990021501470205171									250														250									
101	DBID RESOLVED: 3671 (auto-filled from Editions-Report match) | LANGUAGE MISSING — enter heb / yid / jrb (or other ISO 639-3 code)	97		https://www.nli.org.il/he/books/NNL_ALEPH001853577/NLI	בוצינא דנהורא	1884	לא מצאתי מספר BHB									Lvov,למברג		"תרמ""ד"					http://hebrewbooks.org/41599			בוצינא דנהורא	990018535770205171		HebrewBooks				נחמן יעקב מבאר			166								Butzina  Denehora						166									רשימת ספרי חסידות.xlsx - Editions (5).tsv
103	DBID RESOLVED: 3656 (auto-filled from Editions-Report match)	99			בוצינא דנהורא	1889	112219						בוצינא דנהורא			Piotrkow					TBD				...				יש כבר סריקה מוקדמת	heb		אשכנזי, ברוך בן יחיאל מיכל ממזיבוז				250	NULL	דפוס פייבל בעלכאטאווסקי				TBD	heb			168808		דפוס פייבל בעלכאטאווסקי	TBD	250	Point(19.683333333 51.4)	19.68333333	51.4	NULL					רשימת ספרי חסידות.xlsx - Editions (5).tsv
112	DBID RESOLVED: 3665 (auto-filled from Editions-Report match)	108			שבחי צדיקים	1895	160769						שבחי צדיקים			Warsaw					TBD				...				יש כבר סריקה מוקדמת	heb		ציטרין, מנחם מנדל				953	NULL	N. Shriftgiser		אברהם יוסף קליימאן		TBD	heb					N. Shriftgiser	אברהם יוסף קליימאן	953	Point(21.033333333 52.216666666)	21.03333333	52.21666667	NULL					רשימת ספרי חסידות.xlsx - Editions (5).tsv
118	DBID MISSING — look up on hasidic-stories.dh-dev.com (lower priority)	114		https://www.nli.org.il/he/books/NNL_ALEPH001870222	מבוא לתולדות החסידות	1883?-1888												"תרמ""ג?- תרמ""ח"								תולדות החסידות	990018702220205171		לא הצלחתי להוריד. יש בעיה בהורדת הספר- גדי אמר שאין צורך לבקש מהספרייה				שמעון  דובנוב	Simon Dubnow									heb	Toldot Hachassidut (Series of Essays)													32		רשימת ספרי חסידות.xlsx - Editions (5).tsv
132	DATE MISSING — no date in any column; provide year if known	128	3684|3686		מעשיות פליאות		148931						מעשיות פליאות			Tel Aviv					עי' להלן: מעשיות פליאות נוראים ונפלאים.				NULL				יש כבר סריקה מוקדמת	heb						272	NULL					TBD	heb					TBD	TBD	272	Point(34.8 32.083333333)	34.8	32.08333333	NULL					רשימת ספרי חסידות.xlsx - Editions (5).tsv
134	DATE MISSING — no date in any column; provide year if known	130	3684|3686		מעשיות נוראים ונפלאים		148930						מעשיות נוראים ונפלאים			Tel Aviv					עי' להלן: מעשיות פליאות נוראים ונפלאים.				NULL				יש כבר סריקה מוקדמת	heb						272	NULL					TBD	heb					TBD	TBD	272	Point(34.8 32.083333333)	34.8	32.08333333	NULL					רשימת ספרי חסידות.xlsx - Editions (5).tsv
137	DBID NOT FOUND IN EDITIONS-REPORT — kima=571, year=1896 has no match. kima=571 entries in report are years 1815, 1902, 1910 — none are 1896. Book ('ספר קבוצת יעקב') likely absent from Oct-2025 export or kima wrong. Verify on hasidic-stories.dh-dev.com. | LANGUAGE UNCERTAIN — currently 'כנראה heb'; confirm correct code (heb / yid / jrb)	133		https://www.nli.org.il/he/books/NNL_ALEPH002009982/NLI	ספר קבוצת יעקב	1896	149435	41		41 (קיציס מביא את השם הכללי של הספר 'קבוצת יעקב') כמו כן, לבדוק מקום הוצאה והדפסה!	הפרדנו בין שתי הדפסות זהות שהשערים שלהם שונים	"קבוצת יעקב, יעקב מרגליות, פשמישל תרנ""ו"				Berdychiv,ברדיטשוב			"תרנ""ו"			"הספר מכיל עניינים שונים המחולקים לפרקים (למשל רשימת מצוות עשה ולא תעשה, מכתב מר' אברהם מקליסק ועוד). הפרק האחרון בספר נקרא ""גדולים מעשה צדיקים"" הוא קובץ חשוב של סיפורים מקוריים. מצורפת הסכמה מר' אברהם יעקב מסדיגורה.  המחבר, חסיד רוז'ין, הוא נינו של ר' יצחק, אחי ר' מאיר מרגליות (בעל המאיר נתיבים) תלמידו וידידו של הבעש""ט. בספר מובאות מסורות משפחתיות חשובות, כגון סיפורים אודות הסב, ר' שמואל, שהיה נער בבית הבעש""ט. בשל כך זכה הספר להערכה בידי ש""י עגנון (על פי עדות דב סדן, אצל נגאל, מלקטי הסיפור, עמ' 118) כמו כן מביא המחבר דברים ששמע מרבי ישראל מרוז'ין. ספר זה הוא המקור הראשון לסיפור הנער המחלל בחליל ביום הכיפורים בבית המדרש של הבעש""ט. ר' גם מור אלטשולר, קבוצת יעקב. הספר ראה אור בשינויים קלים בתרנ""ז. יצא לאור שוב על ידי שלמה טלינגטור כשהוא מצורף לקבצים נוספים הקשורים לבית רוז'ין (ישועות ישראל, תפארת ישראל, גדולים מעשה צדיקים, ירושלים תש""ה). בתש""ו הדפיס את הקובץ לבדו כספרון עצמאי (גדולים מעשה צדיקים).  סוגה (בהתייחס לפרק הסיפורים): ילקוט סיפורים, מסורת משפחתית. מוזכרים כמה מסרנים."		https://tablet.otzar.org/he/book/book.php?book=10536&width=0&scroll=0&udid=0			990020099820205171		ביקשנו מזכויות יוצרים בספריה		יעקב מרגליות		יעקב מרגליות	Yaacov Margaliot	קבוצת יעקב	571							כנראה heb							571					20		46		רשימת ספרי חסידות.xlsx - Editions (5).tsv
138	DBID NOT FOUND IN EDITIONS-REPORT — kima=424, year=1897 has no match. kima=424 entries in report are years 1876, 1886, 1910 (×2) — none are 1897. Book ('ספר קבוצת יעקב', second impression) likely absent from export or kima wrong. Verify on hasidic-stories.dh-dev.com. | LANGUAGE UNCERTAIN — currently 'כנראה heb'; confirm correct code (heb / yid / jrb)	133.2		https://www.nli.org.il/he/books/NNL_ALEPH002009982/NLI	ספר קבוצת יעקב	1897	149435	41		41 (קיציס מביא את השם הכללי של הספר 'קבוצת יעקב') כמו כן, לבדוק מקום הוצאה והדפסה!	הפרדנו בין שתי הדפסות זהות שהשערים שלהם שונים	"קבוצת יעקב, יעקב מרגליות, פשמישל תרנ""ו"			פשמישל			"תרנ""ז"				"הספר מכיל עניינים שונים המחולקים לפרקים (למשל רשימת מצוות עשה ולא תעשה, מכתב מר' אברהם מקליסק ועוד). הפרק האחרון בספר נקרא ""גדולים מעשה צדיקים"" הוא קובץ חשוב של סיפורים מקוריים. מצורפת הסכמה מר' אברהם יעקב מסדיגורה.  המחבר, חסיד רוז'ין, הוא נינו של ר' יצחק, אחי ר' מאיר מרגליות (בעל המאיר נתיבים) תלמידו וידידו של הבעש""ט. בספר מובאות מסורות משפחתיות חשובות, כגון סיפורים אודות הסב, ר' שמואל, שהיה נער בבית הבעש""ט. בשל כך זכה הספר להערכה בידי ש""י עגנון (על פי עדות דב סדן, אצל נגאל, מלקטי הסיפור, עמ' 118) כמו כן מביא המחבר דברים ששמע מרבי ישראל מרוז'ין. ספר זה הוא המקור הראשון לסיפור הנער המחלל בחליל ביום הכיפורים בבית המדרש של הבעש""ט. ר' גם מור אלטשולר, קבוצת יעקב. הספר ראה אור בשינויים קלים בתרנ""ז. יצא לאור שוב על ידי שלמה טלינגטור כשהוא מצורף לקבצים נוספים הקשורים לבית רוז'ין (ישועות ישראל, תפארת ישראל, גדולים מעשה צדיקים, ירושלים תש""ה). בתש""ו הדפיס את הקובץ לבדו כספרון עצמאי (גדולים מעשה צדיקים).  סוגה (בהתייחס לפרק הסיפורים): ילקוט סיפורים, מסורת משפחתית. מוזכרים כמה מסרנים."		https://tablet.otzar.org/he/book/book.php?book=10536&width=0&scroll=0&udid=0			990020099820205171		ביקשנו מזכויות יוצרים בספריה		יעקב מרגליות		יעקב מרגליות	Yaacov Margaliot	קבוצת יעקב	424							כנראה heb							424					20		46		רשימת ספרי חסידות.xlsx - Editions (5).tsv
145	DBID RESOLVED: 3695 (auto-filled from Editions-Report match)	140			דרך האמונה ומעשה רב	1925	125495						דרך האמונה ומעשה רב			Warsaw					TBD				...				יש סריקה מוקדמת של HebrewBooks	heb		דונר, יעקב שלום בן נתן נטע הכהן				953	NULL	J. Wagmeister		אברהם יוסף קליימאן		TBD	heb			171190		J. Wagmeister	אברהם יוסף קליימאן	953	Point(21.033333333 52.216666666)	21.03333333	52.21666667	NULL					רשימת ספרי חסידות.xlsx - Editions (5).tsv
148	PLACE AMBIGUOUS — BHBpublicationDate='קרקוב,Tarnow,Krakow?'; clarify publication city | DBID MISSING — look up on hasidic-stories.dh-dev.com (lower priority)	143		https://www.nli.org.il/he/books/NNL_ALEPH002067057	נצר תאנה	1900	165632	46	A?	לבדוק	לבדוק		נצר תאנה	dedupmrg287011167_IE104187043		קרקוב,Tarnow,Krakow?		"תרנ""ט"	"תרנ""ט"								990020670570205171					ראבי, שמעון בן יוסף	שמשון רבי	Shimshon Rabi		765	NULL	Josef Pisz.	Yosef Fischer				heb	Notzer Teaina	"17 ס""מ"										32		51		רשימת ספרי חסידות.xlsx - Editions (5).tsv
151	PLACE AMBIGUOUS — BHBpublicationDate='ורשה?,Warsaw?,Warsaw'; clarify publication city	146	3700	https://www.nli.org.il/he/books/NNL_ALEPH001937668/NLI	אמונת צדיקים	1900	136870	48	A			"אמונת צדיקים, אנונימי (יצחק דוב בער בן צבי הירש), וורשה תר""ס"	אמונת צדיקים			ורשה?,Warsaw?,Warsaw		"תר""ס"	"תר""ס"		"על המעטפת: ""קהל חסידים החדש"". בשם זה נקראו חלק מההוצאות הבאות של הספר."	" ילקוט של כמאתיים סיפורים על צדיקים חסידיים. כולל סיפורי נפלאות נובליים ארוכים. המחבר מעיד כי אסף סיפורים מספרים קודמים וביניהם רמתיים צופים (26), זכרון טוב (32) ואחרים. עם זאת ייתכן כי הספר מכיל חומר מקורי.  המחבר מציג את עצמו כנכדו של תלמיד הבעש""ט ר' יוסף, וכי בידו מסורות משפחתיות. בהקדמה מוזכר המחבר כ""איש זקן שקנה חכמה... ומחמת גודל ענותנותו לא רצה לפרסם שמו"", אך ייתכן שהסיבה להצנעת שמו היא היות עיקרו של הספר העתקות מספרים קודמים. עוד על הספר והמחבר ראו נגאל, מלקטי הסיפור, עמ' 148-137.  בתרס""ב הוציא המחבר מחדש את ספרו בלבוב בשם שונה: קהל חסידים החדש (59). כנראה משיקולים מסחריים, כדי לזהות את ספרו עם קהל חסידים של וולדן (תרכ""ה, 11), שהצליח מאוד.  "	http://hebrewbooks.org/3839		"... כולל שני מאות סיפורים ... אשר סיפרו ארבעה ... אנשי השם ... הראשון ... ר' יצחק אייזיק [ספרין] ... מקאמרני ... השני ... ר' יצחק [ב""ר מרדכי] זצלה""ה הרב מנעסחיז ... השלישי ... מו""ה משולם נתן מרגליות זצלה""ה ראבד""ק בארדיטשוב. מה ששמע מאביו ... ר' שמואל מרגליות זצלה""ה אבד""ק זאליטשיק שישב ... בבית רבינו הבעש""ט ... וסיפר לו ... מה שראו עיניו. ובנו ... מו""ה יעקב מרגליות ז""ל הראבד""ק בארדיטשוב בספרו קבוצת יעקב הדפיס שם כמה סיפורים מאלו ... הרביעי ... מו""ה שמואל משינאווי זצלה""ה אבד""ק נאשעלסק (חברו ... אחד מחסידי קשישאי ... שמו ... בר""ת ידב""ה [יצחק דוב בער ב""ר הירש]) ..."		990019376680205171		איןן סריקה	heb	אנונימי (יצחק דוב בער בן צבי הירש)	יצחק דוב בר בן צבי הירש	אנונימי- (יצחק דוב בער בן צבי הירש?)	Anonymous- (Yitzhak Dov Beer Ben Tzvi Hirsh?)	אמונת צדיקים	953	NULL					TBD	heb	Emunat Tzadikim	8			TBD	TBD	953	Point(21.033333333 52.216666666)	21.03333333	52.21666667	NULL	96	206	53	ילקוט סיפורים מתוך ספרים קודמים, כולל כמה סיפורי נפלאות, מסודר לפי אישים באופן חלקי. ללא מסרנים מלבד עדותו של המחבר כי ליקט מסורות משפחתיות.	רשימת ספרי חסידות.xlsx - Editions (5).tsv
155	PLACE AMBIGUOUS — BHBpublicationDate='ורשה?,Warsaw'; clarify publication city	150	3704	https://www.nli.org.il/he/books/NNL_ALEPH001822053	ספר חסידים	1900	113169						ספר חסידים	dedupmrg287619449_IE22315793		ורשה?,Warsaw		"תר""ס"			"נשמת חסידים נדפס תחילה בתוך ""ממזרח וממערב"", כרך ד, תרנ""ט, עמ' 64-55. נדפס אחר-כך, בשינויים רבים בשם חדש (""משנת חסידים""), בתוך כתבי מיכה יוסף בן גריון, מאמרים, מערכה ב, חלק א, ליפסיה תרפ""ב."				"אגדות, פרצופים וחזיונות, עם מבוא: ""נשמת חסידים"", [מאת] מיכה יוסף ברדיטצבסקי ..."		990018220530205171			heb		ברדיצ'בסקי, מיכה יוסף בן משה אהרן	מיכה יוסף ברדצ'בסקי	Micha Yosef Berdyczewski		953	NULL			תושיה		TBD	heb	Sefer Chassidim	8	18850		TBD	תושיה	953	Point(21.033333333 52.216666666)	21.03333333	52.21666667	NULL	91		57		רשימת ספרי חסידות.xlsx - Editions (5).tsv
159	DBID UNRESOLVABLE WITHOUT TITLE — kima=953, year=1891: no matching record found (kima=953 has 72 records in Editions-Report, none in year 1891). Add 'Final Edition Title for the DB' first, then retry matching. | LANGUAGE MISSING — enter heb / yid / jrb (or other ISO 639-3 code) | TITLE MISSING — no title found in any source column; provide Final Edition Title for the DB	154		https://www.nli.org.il/he/books/NNL_ALEPH000400073/NLI		1891										Warsaw										שערי האמונה	990004000730205171		HebrewBooks אבל ההפניה הוא להוצאה משנת 1901							953								Shaarei Haemuna						953									רשימת ספרי חסידות.xlsx - Editions (5).tsv
163	DBID RESOLVED: 3707 (auto-filled from Editions-Report match) | LANGUAGE UNCERTAIN — currently 'כנראה heb'; confirm correct code (heb / yid / jrb)	158		https://www.nli.org.il/he/books/NNL_ALEPH001205252/NLI	עין הבדולח	1901	זה בתוך ספר הנקרא 'עין הבדולח' וזה המספר שלו: 142164			לבדוק	מה זה ׳זה׳ שבהערה של שעיה?					פיוטרקוב,Piotrków		"תרס""א"					http://hebrewbooks.org/7280				990012052520205171		HebrewBooks בתוך ספר 'עין הבדולח'				צבי יחזקאל מיכלזאהן	Tzvi Yechezkel Michaelson		250							כנראה heb	Degan Shamaim						250							62		רשימת ספרי חסידות.xlsx - Editions (5).tsv
164	DBID NOT FOUND IN EDITIONS-REPORT — kima=957, year=1901 has no match. kima=957 entries in report are years 1900, 1902, 1903 — none are 1901 and none titled 'ספורי נפלאות'. Year or kima may be slightly off. Verify on hasidic-stories.dh-dev.com.	160		https://www.nli.org.il/he/books/NNL_ALEPH002167728/NLI	ספורי נפלאות	1901	לא מצאתי מספר BHB	56				"סיפורי נפלאות, ברוך רטנר, ז'יטומיר תרס""ב"				Zhytomyr,ז'יטומר		"תרס""ב"	"תרס""ב"			"ייחודי. אוסף נרחב של סיפורים ביידיש על אודות ר' ישראל דוב מווילדניק. נכתב על ידי אחד מחסידיו של הצדיק המביא מעשים שראה, נכח או ששמע מאנשים קרובים שנכחו בעת ההתרחשות. זהו אולי ספר השבחים הראשון ביידיש המכיל חומר מקורי רב, ואינו תרגום של ספר בעברית.  יהושע מונדשיין תרגם את הספר והוציא בעברית בשם זה, מאנסי תשנ""ו. "					990021677280205171		HebrewBooks יידיש		ברוך רטנר		ברוך רטנר	Baruch Retner	סיפורי נפלאות	957							yid	Sipurei Niflaot	8					957					104		64	בעיני ראיתי, מונוגרפיה. מסרנים מתוך חצר הצדיק.	רשימת ספרי חסידות.xlsx - Editions (5).tsv
181	DBID PROBABLE — best candidate is DBid=4113 ('דברים ערבים ב', year=1905-1903, kima=1638), which corresponds to 'דברים ערבים חלק שני'. DBid=3721 is part 1 ('דברים ערבים'). Please confirm DBid=4113 is correct and enter it.	177			דברים ערבים חלק שני	1905	חלק ב': 121485	72	B	"72B (קיציס מביא הוצאה מאוחרת יותר משנת תרס""ח לדברים ערבים ב', שזה תאריך יותר מאוחר ממה שאנחנו הבאנו בשורה 175, ששם הובא דברי ערבים א ו-ב' ביחד, אבל אולי החלק השני באמת נדפס מאוחר יותר.)"	finalize date	"דברים ערבים חלק שני, דוב בער עהרמן, מונקאץ' תרס""ה"				Mukachevo,מונקאץ'		"תרס""ה (קישור לדפוס משנת תרס""ג)"	"תרס""ה"			"המשך לחלק א' שיצא בתרס""ג (67). בהקדמה מעיד המחבר על ההצלחה הפרסומית של החלק הראשון. כדרכו בחלק הראשון נוטה המחבר לעסוק בסיפורים ארוכים יחסית, אך לאו דווקא בסיפורי נפלאות. בחלק זה אוסף סיפורים על רבי ישראל מרוז'ין, חלקם מועתקים מס' עירין קדישין (וורשה תרמ""ה) בציון המקור. חלק מהסיפורים מובאים בשם מסרנים שהמחבר הצניע את שמם בראשי תיבות או במחיקה מכוונת. מהדורה מלאה יצאה בירושלים תשל""ג תחת השם דברים ערבים השלם.  "	http://hebrewbooks.org/3853			דברים ערבים ב			חלק ב כלול בחלק א והבאנו את הפרטים בשורה 175		דוב בער עהרמן		דוב בער עהרמאן	Dov Ber Ehrman	דברים ערבים חלק שני	1638							heb	Devarim Arevim Part 2	2					1638					2 כרכים	98	80	אוסף סיפורים, ילקוט, כמה סיפורים נפלאים. כמה מסרנים אנונימיים.	רשימת ספרי חסידות.xlsx - Editions (5).tsv
195	LANGUAGE MISSING — enter heb / yid / jrb (or other ISO 639-3 code) | DATE MISSING — no date in any column; provide year if known | DBID MISSING — look up on hasidic-stories.dh-dev.com (lower priority)	191		https://www.nli.org.il/he/books/NNL_ALEPH002006028	ספר אהבת שלום תנינא					לבדוק	לבדיקה			dedupmrg285555567_IE44871495												אהבת שלום תנינא	990020060280205171																																רשימת ספרי חסידות.xlsx - Editions (5).tsv
205	DBID UNRESOLVABLE WITHOUT TITLE — kima=250, year=1908 has 4 candidates: DBid=3743 ('אילנא דחיי'), DBid=3749 ('ויקהל שלמה'), DBid=3744 ('מזכרת שם הגדולים'), DBid=3746 ('עטרת צבי'). Add 'Final Edition Title for the DB' to identify the correct record. | TITLE MISSING — no title found in any source column; provide Final Edition Title for the DB	202				1908	זה מופיע רק כנספח ל'נפלאות היהודי'. ולא מצאתי לבד.			בדיקה נוספת	בדיקה נוספת					פיוטרקוב,Piotrków		"תרס""ח"											הפרטים כמו 'נפלאות היהודי'				צבי יחזקאל מיכלזאהן	Tzvi Yechezkel Michaelson		250							heb	Beit Tzadikim						250							97		רשימת ספרי חסידות.xlsx - Editions (5).tsv
213	DBID NOT FOUND IN EDITIONS-REPORT — kima=1638, year=1909 has no match. kima=1638 entries in report are years 1905-1903 (×2), 1910, 1911 (×2) — none are 1909. 'שיחת חולין' (Mukachevo 1909) appears absent from Oct-2025 export. Verify on hasidic-stories.dh-dev.com.	210		https://www.nli.org.il/he/books/NNL_ALEPH001175214	שיחת חולין	1909	"לא מצאתי את המספר BHB של ההוצאה משנת תרס""ט"	92	לבדוק	לבדוק	לבדוק	"שיחת חולין של תלמידי חכמים החדש, אברהם סג""ל אטינגא, מונקאץ' תרס""ט"		dedupmrg286874072_IE38813419		Mukachevo,מונקאץ'		"תרס""ט"	"תרס""ט"			" קובץ של אמרות חכמה והומור מפי אישים חסידיים וחוץ חסידיים. הקובץ אינו מכיל סיפורי נפלאות ומדגיש את חכמתם וערמתם של גדולי ישראל. נוכחות רבה ניכרת לאישים מאזור מגוריו של המחבר, מן העיר ברודי ומגליציה בכלל. המחבר הוא רב חסידי שהיה שותף פעיל גם בחוג הכותבים של רצ""י מיכלזאהן, ובספרים אחרים מופיעות ידיעות רבות משמו. במקביל לכך, בספר זה הוא מביא ידיעות בשם רצ""י ומסרנים נוספים. בספר מופיע אפילו סיפור שבחים אודות רצ""י.  הספר מעיד בשמו על היותו המשך לספרו של צבי שלעז, שיחת חולין של תלמידי חכמים (וורשה תרל""ו), ובו שיחות ודברי חכמה של גדולי ישראל חוץ חסידיים. בספר זה כונסו דמויות חדשות, בעיקר מן העולם החסידי. הספר הצליח מאוד ויצא בהוצאה שניה בתרע""ב. בהמשך הוסיף המחבר כרך נוסף בשם דעת זקנים - שיחת חולין, תרע""א (121). עוד על המחבר ר' קיציס, ספרות השבחים, עמ' 176-175.  "	http://hebrewbooks.org/35155			שיחות חולין של תלמידי חכמים החדש	990011752140205171				"אברהם סג""ל אטינגא"		"אברהם סג""ל אטינגא"	"Avraham Sega""l Etinga"	שיחת חולין של תלמידי חכמים החדש	1638							heb	Sichot Chulin shel Talmidei Chachamim Hachadash						1638							102	אוסף של דברי חכמה והומור. כולל גם מקורות ומסרנים שונים.	רשימת ספרי חסידות.xlsx - Editions (5).tsv
230	DBID RESOLVED: 3772 (auto-filled from Editions-Report match)	228			אהל נפתלי	1911	147818						אהל נפתלי			Warsaw					TBD				...				אין שדה 972	heb		מיכלסון, אברהם חיים שמחה בונם בן צבי יחזקאל				953	[]					TBD	heb			373533		חסר שם מדפיס	TBD	953	Point(21.033333333 52.216666666)	21.03333333	52.21666667	[]					רשימת ספרי חסידות.xlsx - Editions (5).tsv
235	DBID RESOLVED: 3777 (auto-filled from Editions-Report match)	233			פאר וכבוד	1912	111838						פאר וכבוד			Mukacevo					TBD				NULL				יש סריקה מוקדמת	heb		ארמאן, דוב בר בן משה שמואל				1638	NULL	דפוס אהרן דוב מייזעלס עט חיים גארטענבערג				TBD	heb			248426		דפוס אהרן דוב מייזעלס עט חיים גארטענבערג	TBD	1638	point(22.71779 48.43919)	22.71779	48.43919	NULL					רשימת ספרי חסידות.xlsx - Editions (5).tsv
239	DBID NOT FOUND IN EDITIONS-REPORT — kima=250, year=1911 has 3 candidates (DBid=3773 'אהל אברהם', DBid=3781 'נפלאות הצדיקים', DBid=3760 'עשר עטרות'), none matching 'נפלאות בעל שם טוב'. Book absent from export or kima wrong. Verify on hasidic-stories.dh-dev.com.	237		https://www.nli.org.il/he/books/NNL_ALEPH002148344	נפלאות בעל שם טוב	1911	לא מצאתי את המספר BHB כי זה ביידיש	114	A	לבדוק	לבדוק	"נפלאות בעל שם טוב, אנונימי, פיוטרקוב תרע""א"		dedupmrg286431239_IE170954274		פיוטרקוב,Piotrków		"תרע""א (קישור לדפוס משנת תרצ""ה)"	"תרע""א"			ספרון אגורה ביידיש, יצא לאור בהפקת דפוס ליבסקינד. בעיקר סיפורי נפלאות. המחבר האנונימי הוסיף לכמה סיפורים את מקור השמועה, מפי נכד של המגיד מזלוטשוב, ומסרנים נוספים שאינם אישים מפורסמים. ראה אור עוד באותה השנה (1911) גם בלמברג.		https://tablet.otzar.org/he/book/book.php?book=195910&width=-17&scroll=0&udid=15718327897047032		נפלאות בעל שם טוב	990021483440205171				אנונימי		אנונימי	Anonymous	נפלאות בעל שם טוב	250							yid	Niflaot Ba'al Shem Tov	8					250					14		122	ספרון אגורה אנונימי ביידיש. סיפורי נפלאות. ללא מקורות ומפי כמה מסרנים.	רשימת ספרי חסידות.xlsx - Editions (5).tsv
240	DBID NOT FOUND IN EDITIONS-REPORT — kima=250, year=1911 has 3 candidates (DBid=3773 'אהל אברהם', DBid=3781 'נפלאות הצדיקים', DBid=3760 'עשר עטרות'), none matching 'נפלאות בית לוי'. Book absent from export or kima wrong. Verify on hasidic-stories.dh-dev.com.	238		https://www.nli.org.il/he/books/NNL_ALEPH002207735/NLI	נפלאות בית לוי	1911	לא מצאתי מספר BHB	116		לבדוק	לבדוק	"נפלאות בית לוי, אנונימי, פיוטרקוב תרע""א"				פיוטרקוב,Piotrków		"תרע""א"	"תרע""א"			" ספרון אגורה ביידיש, הודפס יחד עם סיפורי בעל שם טוב מאותה השנה. הספר שאל חומרים בעיקר מתפארת בית לוי, תר""ע (103). המוציא לאור הוא אברהם יוסף קליימן.  "				נפלאות בית הלוי	990022077350205171		לא ניתן להוריד- לבקש מהספרייה		אנונימי		אנונימי	Anonymous	נפלאות בית לוי	250							yid	Niflaot Beit Halevi	"22 ס""מ"					250					49			ספרון אגורה ביידיש, סיפורים מעובדים מספר עברי קודם. ללא מקורות ומסרנים.	רשימת ספרי חסידות.xlsx - Editions (5).tsv
244	DBID NOT FOUND IN EDITIONS-REPORT — kima=250, year=1866 has no match (earliest kima=250 entry in report is 1876). 'סיפורי קדושים' (1866) likely absent from Oct-2025 export. Verify on hasidic-stories.dh-dev.com.	242		https://www.nli.org.il/he/books/NNL_ALEPH001065721/NLI	סיפורי קדושים	1866	לא מצאתי מספר BHB כי זה ביידיש	121	B	"121B (אצל קיציס ההוצאה היא משנת תרע""א. אצלנו רשום משנת 1866)"	בירור נוסף	"סיפורי קדושים, אנונימי, פיוטרקוב תרע""א"				פיוטרקוב,Piotrków		"תרע""א"	"תרע""א"			" ספרון אגורה ובו סיפורים על צדיקים שונים, חסידיים וחוץ חסידיים. כמה מהסיפורים בשמם של מסרנים בלתי ידועים. החומר מעובד מתוך ספרים קודמים (אולי מסיפורי צדיקים החדש, תרס""ט, 90). לכל סיפור כותרת נמלצת בסגנון ה""וואונדרליכע"": ""א שיינע געשיכטע"", ""א מעשה נורא"" וכיוצא באלו. בהוצאת בית המסחר ליבסקינד ובית הדפוס פאלמאן. אין לבלבל עם סיפורי קדושים  של בודק, תרכ""ו (17).  "	http://hebrewbooks.org/52682			ספורי קדושים	990010657210205171		Hebrewbooks		אנונימי		בנימין זאב ליבסקינד	Binyamin Zeev Libskind	סיפורי קדושים	250							yid	Sipurei Kedoshim	8					250						15	125	ספרון אגורה ביידיש, מעובד מתוך ספרים קודמים. ללא מקורות ומסרנים.	רשימת ספרי חסידות.xlsx - Editions (5).tsv
245	DBID NOT FOUND IN EDITIONS-REPORT — kima=525, year=1911 has 2 candidates (DBid=3775 'מאורות הגדולים', DBid=3779 'נפלאות הרבי'), neither matching 'עטרת זקנים'. Book absent from export or kima wrong. Verify on hasidic-stories.dh-dev.com.	243		https://www.nli.org.il/he/books/NNL_ALEPH002150523/NLI	עטרת זקנים	1911	לא מצאתי מספר BHB כי זה ביידיש	122		לבדוק	בירור נוסף	"עטרת זקנים, אנונימי, בילגורייא תרע""א"				בילגורייא,Biłgoraj		"תרע""א"	"תרע""א"			" חוברת ביידיש קלה ומנקודת בסגנון סיפורי הנפלאות ""וואונדרליכע זאכין"", ללא מקורות ומסרנים. הופק על ידי בית המסחר אמקורט והודפס בשנית על ידי בית המסחר פריינד בוורשה, ששיתף פעולה תדיר עם אמקורט. אין לבלבל עם עטרת זקנים הנספח לתורת הרמ""ל, תרס""ג (66). "				עטרת צדיקים	990021505230205171		Hebrewbooks		אנונימי		אנונימי	Anonymous	עטרת זקנים	525							yid	Ateret Zekainim	"22 ס""מ"					525					56		126	ספרון אגורה ביידיש, ילקוט סיפורים מעובדים מספרות קודמת. ללא מקורות ומסרנים.	רשימת ספרי חסידות.xlsx - Editions (5).tsv
246	DBID NOT FOUND IN EDITIONS-REPORT — kima=424, year=1911 has no match. kima=424 entries in report are years 1876, 1886, 1910 (×2) — none are 1911 and none titled 'אהלי צדיק'. Book absent from export or kima wrong. Verify on hasidic-stories.dh-dev.com.	244		https://www.nli.org.il/he/books/NNL_ALEPH001010700/NLI	אהלי צדיק	1911	לא מצאתי מספר BHB כי זה ביידיש	123	A	לבדוק	בירור נוסף	"אהלי צדיק, אנונימי, פשמישל תרע""א"				Przemyśl,פשמישל		"תרע""א"	"תרע""א"			" ספרון אגורה ביידיש קלה ופשוטה. לקט של סיפורי נפלאות על הבעש""ט, ר' וולף קיצעס וצדיקים חסידיים נוספים, מעובדים מספרות קודמת. ייתכן שנועד לתלמידים, לנוער או נשים. הפקה נוספת של בית המסחר אמקורט עם שמחה פריינד.  "	http://hebrewbooks.org/52683			אהלי צדיק	990010107000205171		ביקשנו מזכויות יוצרים בספריה		אנונימי		אנונימי	Anonymous	אהלי צדיק	424							yid	Ohalei Tzadik	"22 ס""מ"					424					48	10	127	ספרון אגורה ביידיש, סיפורי נפלאות, עיבוד מתוך ספרים קודמים. ללא מקורות ומסרנים.	רשימת ספרי חסידות.xlsx - Editions (5).tsv
247	DBID NOT FOUND IN EDITIONS-REPORT — kima=424, year=1911 has no match. kima=424 entries in report are years 1876, 1886, 1910 (×2) — none are 1911 and none titled 'תפארת מנחם'. Book absent from export or kima wrong. Verify on hasidic-stories.dh-dev.com.	245		https://www.nli.org.il/he/books/NNL_ALEPH001372610/NLI	תפארת מנחם	1911	לא מצאתי מספר BHB	124		"124 (אצל קיציס רשום הוצאה משנת תרע""א עם סימן שאלה-?. אצלנו לא רשום תאריך.)"	finalize date	"תפארת מנחם, אנונימי, פשמישל תרע""א(?)"				Przemyśl,פשמישל		"תרע""א"	"תרע""א(?)"			"ספרון יידיש אודות ר' מנחם מנדל מרימנוב, נטייה לסיפורי נפלאות. רוב החומר מעובד מתוך עטרת מנחם שיצא שנה קודם (101). גם בכותרות העמודים הראשונים הספר נקרא ""עטרת מנחם"" (!). הפקה מסחרית נוספת של בתי המסחר אמקורט-פריינד. בשער לא מפורשת שנת ההוצאה, אלא רק ""תר-"", כדי לחסוך בהכנת סדר דפוס חדש לשערי הספרים הבאים ולאפשר שימוש חוזר. "				תפארת מנחם	990013726100205171		ביקשנו מזכויות יוצרים בספריה		אנונימי		אנונימי	Anonymous	תפארת מנחם	424							yid	Tiferet Menachem	"22 ס""מ"					424					48		128	ספרון אגורה ביידיש, סיפורי נפלאות. מעובד מתוך ספרות קודמת. ללא מקורות ומסרנים.	רשימת ספרי חסידות.xlsx - Editions (5).tsv
251	"DBID NOT FOUND IN EDITIONS-REPORT — kima=250, year=1912 has 5 candidates (DBid=3784 'בוצינא קדישא', DBid=3793 'בית ישראל', DBid=3787 'דרך צדיקים', DBid=3786 'זכרון לראשונים', DBid=3790 'תפארת מהרא""ל'), none matching 'תפארת היהודי'. Book absent from export or kima wrong. Verify on hasidic-stories.dh-dev.com."	249		https://www.nli.org.il/he/books/NNL_ALEPH001936311/NLI	תפארת היהודי	1912	"יש במאגר רק את הנתונים מתר""ץ (1930) כמו בhebrewbooks"	127		לבדוק	לבדוק	"תפארת היהודי, יועץ קים קדיש רוקוץ, פיוטרקוב תרע""ב"				פיוטרקוב,Piotrków		"תרע""ב (קישור לדפוס משנת תר""צ)"	"תרע""ב"			" המשך לס' נפלאות היהודי, תרס""ח (88). ילקוט על היהודי הקדוש מפשיסחה, מתוך ספרים קודמים ומפי מסרנים. הודפס בדפוס פאלמאן. בין המסרנים רצ""י מיכלזאהן, שהמחבר הוא שותף לחוג הסופרים שפועל בהשראתו, ר' נתן נטע דונר ועוד. מסרנים נוספים הם אדמו""רים מצאצאי היהודי הקדוש, וביניהם הרבנים מפוריסוב ושידלובצה ונכדים נוספים של הצדיק. בהקדמה אוסר המחבר להדפיס את הספר ביידיש, כדי להשאיר את הזכויות בידיו. בכך הוא מעיד על השוק הפרוץ של העיבודים ליידיש שפעל באותן השנים.  "	http://hebrewbooks.org/3881			תפארת היהודי		כללתי את כל הסעיפים שמובאים בספר, כי מובלע בהם הרבה סיפורים בתוך הדברי תורה.	אין סרוק (רק הפנייה לHB למהדורה אחרת)		יועץ קים קדיש רוקוץ		יועץ קים קדיש	Yoeitz Kim Kadish	תפארת היהודי	250							heb	Tiferet HaYehudi	8					250					82	198	131	ילקוט מספרים קודמים ומפי מסרנים.	רשימת ספרי חסידות.xlsx - Editions (5).tsv
254	DBID AMBIGUOUS — two identical records found in Editions-Report for kima=250, year=1913: DBid=3788 and DBid=3789 (both titled 'דרך צדיקים'). Cannot auto-resolve; check DiJeSt DB to determine which is the correct match.	252			דרך צדיקים	1913	302277						דרך צדיקים			Piotrkow					TBD				...				יש סריקה מוקדמת של HebrewBooks	heb		ילין, אברהם בן אריה זאב				250	NULL	דפוס העניך פאלמאן (דפוס ((Cyrillic text) (Varshava ,V. Tursh				TBD	heb			248424		דפוס העניך פאלמאן (דפוס ((Cyrillic text) (Varshava ,V. Tursh	TBD	250	Point(19.683333333 51.4)	19.68333333	51.4	NULL					רשימת ספרי חסידות.xlsx - Editions (5).tsv
262	DBID NOT FOUND IN EDITIONS-REPORT — kima=166, year=1913 has no match (kima=166 has 56 records in report but none in 1913 with title 'סיפורי יעקב'). Book ('סיפורי יעקב – חלק שני') absent from Oct-2025 export or kima wrong. Verify on hasidic-stories.dh-dev.com.	260		https://www.nli.org.il/he/books/NNL_ALEPH001188052	סיפורי יעקב – חלק שני	1913	זה אותו מספר כמו 'ספורי יעקב' א': 153582	133	B	133B (קיציס מציין הוצאה משנת 1913. אנחנו כללנו את זה בסיפורי יעקב א'. החלק השני יצא בשנה הזאת.)	לבדוק	"סיפורי יעקב – חלק שני, יעקב סופר, לבוב תרע""ג"		dedupmrg287338329_IE49238472 (1) הורד לפני כן		לבוב,Lviv		"תרע""ג"	"תרע""ג"			" ר' חלק ראשון, תרס""ד (71)."		https://tablet.otzar.org/he/book/book.php?book=156069&width=-17&scroll=0&udid=15712971613593582		סיפורי יעקב ב	990011880520205171				יעקב סופר		יעקב סופר	Yaacov Sofer	סיפורי יעקב – חלק שני	166							heb	Sipurei Yaacov Part 2	"22 ס""מ"					166							139		רשימת ספרי חסידות.xlsx - Editions (5).tsv
266	DBID AMBIGUOUS — two identical records found in Editions-Report for kima=953, year=1914: DBid=3799 and DBid=3800 (both titled 'דור ודור ודורשיו'). Cannot auto-resolve; check DiJeSt DB to determine which is the correct match.	264			דור ודור ודורשיו	1914	143400						דור ודור ודורשיו			Warsaw					TBD				...				יש כבר סריקה מוקדמת	heb		לווינשטיין, יוסף בן אברהם אבוש				953	NULL	(Sikora i Mylner)		י. קנאסטער		TBD	heb			252105		(Sikora i Mylner)	י. קנאסטער	953	Point(21.033333333 52.216666666)	21.03333333	52.21666667	NULL					רשימת ספרי חסידות.xlsx - Editions (5).tsv
268	"DBID NOT FOUND IN EDITIONS-REPORT — kima=953, year=1914 has 4 candidates (DBid=3799 and DBid=3800 'דור ודור ודורשיו', DBid=3770 'הרב מלאדי ומפלגת חב""ד', DBid=3802 'מעשיות נוראים'), none matching 'ספרן של צדיקים'. Book absent from export or kima wrong. Verify on hasidic-stories.dh-dev.com."	266			ספרן של צדיקים	1914	"יש במאגר רק את הנתונים מ1928 (תרפ""ט)"	140	A			"ספרן של צדיקים, אלעזר דוב גימן, וורשה תרע""ד"				ורשה,Warsaw		"תרע""ד (קישור לדפוס משנת תרפ""ט)"	"תרע""ד"			" אוסף מעשיות על הרבה מאישי החסידות מסודרים במערכות על פי סדר כרונולוגי. על פי השער וההקדמה, רבות מן השמועות שמע המחבר מרבו, האדמו""ר ר' ירחמיאל משה מקוז'ניץ, שנפטר כמה שנים קודם לכן. בספר מופיעים גם כמה מסרנים, בעיקר מחסידות קוז'ניץ.  יצא במהדורות נוספות בלובלין תרפ""ט, ירושלים תשי""ט ומהדורות נוספות. "		https://tablet.otzar.org/he/book/book.php?book=106198&width=-17&scroll=0&udid=15712971613593582					לא מצאתי סריקה- לבקש מהספרייה		אלעזר דוב גימן		אליעזר דוב גימן	Eliezer Dov Giman	ספרן של צדיקים	953							heb	Sifran shel Tzadikim	8					953					96		143	מערכות ומונגרפיות קצרות, אוסף סיפורים, מסורת חצר. ללא מקורות. מעט מסרנים.	רשימת ספרי חסידות.xlsx - Editions (5).tsv
