story_id	edition	old_human_binary	old_human_5tier_mapped	old_claude_binary	old_gemini_binary	new_claude_5tier	new_collective	new_confidence	old_was_disagreement	new_reasoning	story_text
Maase-Zadikim_0008	maase-zadikim	no-women	no-women	no-women	minor	no-women	False	high	yes	The story features only male characters — Reb Zisha, Reb Elimelech, the Maggid of Mezeritch, an unnamed craftsman, the king, and the king's son. No women appear or are referenced in any way. The quoted verse 'באהבתה תשגה מאד' uses a feminine form but refers allegorically to divine love, not to any female character in the narrative.	"Maase-Zadikim_0008 תיוגים ב״ה ספורים יקרים ונפלאים מהאחים הצדיקים יסודי עולם קדושי עליונים קדוש יאמר להם הרב מו""ה אלימלך ז""ל והרב מו""ה זישע ז""ל זי""ע הנה הרב הצדיק הקדוש מו' זישע ז""ל כשהיה רך בשנים נעשה חבר ליראי ד' לכת החסידים אשר שמשו כל צרכן בבית רבן הקדוש צי""ע הרב המגיד מ מעזריטש ז""ל והצדיק ר' זישע היה נחבא אל מחבואות ואל היער ושם היה מנעים זמירות ותשבחות להשי״ת בהתלהבות ובאהבה עזה בתשוקה וחשיקה וחפיצה והשתוקקות גדול עד שהי׳ נאמר עליו מקרא הכתוב באהבתה תשגה מאוד כי היה נראה כאיש אשר הולך משוקע ברעיונותיו ומשתומם תמיד. מרוב דביקותו בהשם ב""ה וב""ש ומרוב השתוקקותו לעבודת שמו ית' ויתעלה. ואחיו הצדיק הרב מו' אלימלך עדיין לא הסתפח אז לחברת החסידים ואנשי מעשה והיה לומד תורה בדרך הלומדים ויהי כאשר ראה את אחיו הצדיק ז""ל את התנהגותו כי הולך שומם ונבוך תמיד ברעיונותיו וישאל אותו למה זה מתנהג בזרות כי מעשהו היה נראה זר לכל הלומדים. ואז השיב לו אחיו הצדיק והקדוש מוה' זישע ז""ל אחי אחי אספר לך מעשה נפלא למען תדע ותבין את כל. במדינה אחת היה מלך גדול וחכם נפלא להלל מאד אשר כל בני המדינה אהבוהו מאוד אהבה עזה ויהי שם במדינה בודינה בעל מלאכה אחד עשיר גדול מופלג אשר נתעשר מעשה צדיקים נתעשר ממלאכתו מאוד. לימים עלה במחשבתו מה לי תועלת מהון הרב הזה הן מעדנות ותענוגות בני אדם לא אהבתי מנעורי כי אם הלחם אשר אוכל והמלבוש אשר אני לובש ואם כן מה יש לי מכסף הרב הזה תענוג מאומה. ויועץ אז למכור את כל הונו ורכושו ולנסוע לעיר המלוכה ולפזר כל הונו למען יהיה מהקרובים למלכות ולמען יתענג מאור פני מלכו. ויעש כן וימכור כל חפיציו היקרים ויסע לעיר המלוכה וילך בין סגני העיר ושריה לחקור ולדרוש על התמנות אחת מדברי המל"
Khal-Hasidim_0139	Khal-Hasidim	no-women	no-women	no-women	minor	no-women	False	high	yes	The story concerns the relationship between Rabbi Dov Ber of Mezeritch and the Baal Shem Tov — their meeting, a kabbalistic test, and Dov Ber's decision to become the Besht's disciple. No women appear or are referenced in any capacity.	"Khal-Hasidim_0139 תיוגים מעשה איך נתקרב רבינו האלקי המגיד הגדול מ מעזריטץ לרבינו הקדוש הבעש""ט ז""ל : שמעתי מחסיד אחד כששמע הרב הקדוש מו""ה דוב בער זצל""ה מהשם הגדול של הרב הקדוש הבעש״ט וכל העם נוסעים אליו ופועל בתפלתו פעולות גדולות ונוראות והנה הרב מו""ה דוב בער זצל הי' חריף גדול ובקי בכל הש""ס ובכל הפוסקים והיה לו עשר ידות בחכמת הקבלה והי׳ מתמי׳ על דבר השמועה מגודל מעלת הבעש״ט ופעם אחת נתיישב בדעתו לנסוע אליו כדי לנסותו ומחמת שהיה מתמיד גדול בלימוד כשהיה בדרך יום ושתים ולא הי' אפשר לו להתמיד בלמודו כמו בביתו התחיל להתחרט על שנסע והנה אח""כ כשבא אל הבעש״ט נבג""מ וסבר שישמע ממנו תורה ו הבעש״ט זצ""ל סיפר לו מעשה א' איך שנסע דרך כמה ימים ולא הי' לו עוד לחם ליתן לנכרי שלו בעל העגלה ונזדמן לו נכרי עני אחד עם לחם וקנה ממנו הלחם כדי לפרנס הנכרי בעל העגלה שלו ועוד ממעשיות כאלה ואח״כ ביום השני בא עוד אצל הבעש""ט וסיפר לו איך שבדרך לא הי' לו עוד שחת לתת להסוסים ונזדמן לו כנ""ל והנה כל המעשיות שסיפר הבעש״ט זצללה""ה היה בהם חכמה נפלאה מאוד והנה הרב מו""ה דוב בער שלא הבין זאת ע""כ בא לבית אכסניא ואמר למשרת שלו אני הייתי חפץ לנסוע היום תיכף למקומנו אך מפני שהחשיך מאוד ע""כ נלון פה עד שתזרח ותעל מאור הלבנה אזי נסע לדרכינו ויהי בחצות הלילה כשהכין א""ע לנסוע אז שלח הבעש״ט את משרת שלו לקרוא אותו והלך אצלו ושאל אותו הבעש״ט יש לך ידיעה בחכמת הקבלה א״ל כן ואמר הבעש״ט למשרת שלו קח לי ספר עץ חיים והראה הבעש""ט להרב רדו""ב מאמר אחד בעץ חיים א""ל הרב ר׳ דוב אקח לעיין ולהתיישב ואח״כ אמר ל הבעש״ט ז""ל את הפשט במאמר הזה א""ל הבעש""ט אינך יודע כלום וחזר בו כנ""ל וא""ל ל הבעש״ט הפשט הנכון כמו שאמרתי ואם יודע מעלתו פשט אחר ויאמר"
Adat-Zadikim_0017	Adat-Zadikim	no-women	no-women	no-women	minor	mention-only	True	high	yes	The only women in the story are the doctor Garde's unnamed mistresses ('נשים אהובות לו'), referenced collectively as background context for his dissolute lifestyle and then dismissed one by one as he repents — they neither speak, act, nor appear in any depicted scene as individuals. They function purely as moral backdrop to illustrate the protagonist's spiritual transformation.	"Adat-Zadikim_17 תיוגים מעשה נוראה מאדונינו האלקי רשכב""ה הרב המגיד הגדול מ מעזריטש איך המשיך אליו הדאקטער גארדע עד שנעשה צדיק גדול זכותם יגן עלינו אמן : איש אחד משועי ואצילי וילנא הבירה עבר דרך מעזריטש לעסקו וכאשר שמע מכל העם מפליאים לו מאד גדולת הרב המגיד נתיישב בדעתו לילך ולתהות על קנקנו ועל כי היה האיש ההוא מופלג גדול בלימוד וירא שמים. אך לא נעה אחרי החסידים. וע""כ רצה לשמוע מהרה""מ דברי תורה ושישאל אותו כל פליאותיו ואז ידע לבחון האמת עם מי : ויהי כאשר נכנס האיש להרב המגיד וקבל שלום ממנו אמר לו הרב תדע בני כי לא הרפואות שהדאקטורים נותנים מרפאים את החולה כ""א הדאקטורים בעצמם מרפאים כי לכל דאקטער יש מזל אחר והמה מלאכים הממונים על הרפואה שהולך מלאך אחד עם כל דאקטער והמה מרפאים את האדם והרפואות המה רק למראית העין ועם הדאקטער היותר גדול מכל הדאקטורים הולך עמו המלאך רפאל בעצמו לרפאות את החולה ויותר לא דיבר הרה״מ עם האיש מאומה. ויתפלא האיש מאוד על דבריו באומרו הלא אנכי אינני דאקטער ולא בן דאקטער ומה הגיד לי. ויהי' הדברים בעיניו כמתעתע ולא ידע מה לדון לדין בהם וישקול עוד הפעם הדברים בפלס שכלו אולי היא הוא ממשל משלים אבל לא היה יכול לכנוס לעומק הענין וע""כ נשאר בדעתו כי אין בו ממש ופנה שכמו והלך מ הרה""מ ונסע לעסקיו ויתמהמה בדרך כמו ג׳ חדשים. ואחרי כן נסע לביתו ויהי בבואו לביתו נפל האיש למשכב וחלה מאוד. ודרשו ברופאים ולא הועילו ויהי האיש הולך וחסר יום יום ועל כי היה האיש משועי העיר ומראשיה דאגו אחריו כל אנשי העיר מאד והתאמצו כולם איש איש מאשר ידעו דאקטער אחד הביא אותו אליו אבל כולם לא הועילו לו כלל והיה הולך וחסר מאוד עד כי נכבד עליו חליו וניטל ממנו כח הדיבור וראו שהוא גווע ממש וגעו כל א"
Khal-Hasidim_0248	Khal-Hasidim	no-women	no-women	no-women	minor	no-women	False	high	yes	The story features only male characters — Rabbi Shalom of Belz, the innkeeper, and the Rabbi of Strelisk — with no women mentioned or referenced in any way.	"Khal-Hasidim_0248 תיוגים סיפר הרב הקדוש רשכב""ה מו""ה שלום מ בעלז ז""ל. הנה נו דע שהוא שימש כל צרכו את הרה""ק מוהר""ר שלמה לוצקר ז""ל בעמה""ח ספר דברת שלמה וגם שימש את הרב הקדוש מ לובלין ז""ל ואחרי מותם לא היה חפץ לנסוע עוד לצדיקים אשר היו אז בח יים חיותם. פעם אחת בא לק""ק בילקאמן והתאכסן אצל בעל אכס ניא אחד שהיה נוסע ל הרה""ק מ סטרעליסק ז""ל. והנה לבעל אכסניא היה דבר נחוץ מאוד מאיד לשאול עצת חכם עצה מצדיקי הדור בדבר מה. ו אז בא לפני הרה""ק מו""ה שלום ז""ל וביקש מאתו שיסע ע מו ל סטרעליסק אל הרב ז""ל בדבר העצה ההוא והנה הרב מהר ""ש אמר בלבו מה זאת אנה אלקים לידי אין זאת כי כך רצון הבורא ב"" ה שאסע ל הרב מ סטרעליסק והשיב הרה""ק מהר""ש ז""ל אסע עמ ך ל סטערליסק . ואחר זמן בא בעל האכסניא אליו ואמר לו אבקש מכבוד הרב דבר שיסע ל סטרעליסק בעצמו לשאול עצה מאתו עבורי עבור עביר העסק הזה כי אין לי זמן ליסע כי השעה דחוקה דחיקה לי עתה ולכן ימחול הרב ליסע בעצמו ועלי ליתן לכבודו כל ההוצאות וישתומם הרה""ק מהר""ש על זה כי הרהיב בעל האכסניא בנפשו לעשותו שליח ל סטרעליסק כי כבר אז נתגדל הרב מהר""ש ז""ל והי׳ מתנהג ברבנות לכן הי' הדבר לפלא בעיניו : אך הרב הצדיק הקדוש מהר""ש ז""ל מגודל שפלות רוחו אמר בלבו אין זאת כי רצון הבורא ית׳ היא שיסע ל סטרעליסק ויענה את בעל האכסניא כי הוא היא מוכן ליסע. ויהי כן ויסע הרה""ק ל סטרעליסק ויבא בבוקר בזמן התפלה שמה וילך להתפלל בבית המדרש אשר הי׳ הרב הקדוש מתפלל שם ויעמוד א״ע שמה קרוב אצל מקום הרב מ סטרעליסק ז""ל וכהגיע לתפלת שמונה עשרה חקר הרב מהר""ש במחשבתו ובדעתו אם הוא מותר לעמוד שם להתפלל שמונה עשרה מפני הדין המבואר בש״ע או""ח לא יעמוד אחורי רבו ויתפלל וישקול וישקיל בדעתו אם הוי דינו כרבו או "
Khal-Hasidim_0221	Khal-Hasidim	no-women	no-women	no-women	minor	no-women	False	high	yes	The story involves only male characters throughout — Rabbi Levi Yitzhak, Rabbi Uziel Meizels, Rabbi Elimelech of Lizhensk, the Maggid of Mezeritch, and a coachman — with no women mentioned, referenced, or implied in any role.	"Khal-Hasidim_0221 תיוגים עתה אספר לכם את אשר קרה להרב הגאון האמיתי רשכב""ה איש אלקים קדוש יאמר לו מרנא ורבנא לוי יצחק ז""ל טרם הי' אבד""ק בארדיטשוב בהיות עוד מקום משכן כבוד קדשו בעיר ריטשאוואהל : הרב הגאון האלקי ר׳ לוי יצחק טרם נתקבל לאב""ד בקהילות גדולות וטרם יצא טבעו ושמו הקדוש בעולם לאות ולמופת בישראל בהיותו בהיותי עוד צעיר לימים הי׳ אב""ד בעיר ריטשאוואהל : ושם הי' ג""כ משכן קדשו של כבוד הרב האי גאון האמיתי שר התורה איש אלקים מו""ה עוזיאל מייזלש בעמה""ח כרם שלמה [אשר אחרי כן קראו אותו הקדושים אשר בארץ בשם עבד ד'] והגאון ר' עוזיאל הנ""ל הי' אז צעיר ורך בשנים והיה והיו בבית חותנו הגביר דשם. והוא לא שמע עוד משם הקדוש של רבינו שבגולה הקדוש והטהור הגאון אלקי רבי ר׳ בער המגיד הגדול מ מעזריטש . ולאשר כי הגאון ר׳ לוי יצחק התנהג בפרישות ובחסידות מאוד ושאג כארי בעת תפלתו כדרכו הק׳ לכן לא נחה דעת הגאון ר׳ עוזיאל ממנו וכאשר הגאון ר׳ לוי יצחק הרב ד ריטשעוואל דרש דרשה בחריפות ובבקיאות ואחרי הגמרו דברים סתר הגאון רבי עוזיאל את כל דבריו כי השנאה מקלקלת השורה והוא הי׳ חריף גדול ועושר מופלג כן הי׳ בכל פעם אשר דרש הג' ר׳ לוי יצחק סתר הג' ר' עוזיאל את כל הדרשה. ויהי היום נסע הגאון ר׳ עוזיאל לאיזה עסק לעיר גדולה דרך מעזריטש ויקח מבית חותנו מרכבה רתמה רתומה עם שלש סוסים טובים ואת משרתו לקח עמו ויסע. וכבואם איזה פרסאות סמוך למוך ל מעזריטש ויפגע באיש אחד הולך וצרור בידו וכראות הגאון ר' עוזיאל את תוארו ציוה להעגלון לעמוד ויקרא לאיש ויתן לו שלום והחזיר לו שלום וישאלהו הגאון ר׳ עוזיאל מאין אתם ויאמר מ ליזענסק אנכי ויקחהו על המרכבה וישאל לו מה שמכם ויאמר אלימלך . ויפצר בו הגאון ר' עוזיאל אשר יאמר לפניו איזה ח"
Khal-Hasidim_0205	Khal-Hasidim	no-women	no-women	no-women	minor	no-women	False	high	yes	The story features only male characters throughout — rabbis, a cantor, a wealthy host, guards, and congregants — with no women appearing, referenced, or mentioned in any capacity.	"Khal-Hasidim_0205 תיוגים ויהי אחרי הדברים האלה נתוועד הסבא הזה עם הרבנים הקדושים המפורסמים הצדיקים ר' מרדכי מ נישחיז ועם הש״ץ מ זאסלאב אשר גם המה הלכו אז בגולה ונתועדו כולם לילך יחד בגולה ועשו מה שעשו בצוותא. פעם אחת נזדמנו כולם בעיר לאדמיר והזמינו אותם לאיזה עשיר על סעודת ברית מילה. ויושיבו אותם בשולחן לבדם כדרך העניים ובעת יושבם על הסעודה נתהוה מדובר ביניהם כי ר' מרדכי יהי' לרב ב נישחיז ועל ר׳ יעקב שיהיה ש״ץ ב זאסלאב . אולם הסבא ר׳ ליב לא רצה לקבל על עצמו שום התמנות ותיכף פתח הש״ץ ר׳ יעקב לברך הקרואים בלי רשות והרמנא מבעל הברית ויברך את הרב ר' מרדכי בשם מורי מורינו הרב מ מנישחיז . ואח״כ ברך אותו הרב מ נישחיז ג""כ בשם מורי מורינו הש״ץ מאסלאב ויהיו לצחוק בעיני כל הקרואים אבל הם שנו ושלשו הדברים בפני כל העם בקול חזק וקראו את הרב ר' מרדכי בשם רב מ נישחיז ויחרה לבעל הברית מאד ויגש אליהם ויגער בם ולא שמעו אליו. ויחר אף הבעל ברית ויכה את הרב ר' מרדכי על הלחי ויאמר הסבא ר׳ ליב להבעל ברית כי יש אתו סוד כמוס אשר רוצה לגלות לו ויוליכהו עד לפני החלון הפתוח ושם הכה אותו מאחוריו וקפץ מתוך החלון הה וא והרבנים הנ""ל נסו מתוך הפתח וירדפו אחריהם וית חבאו כולם בבית אחד תחת מטה אחת. אבל כאשר ראו אנ שים כי המה נכנסו בבית ההוא הגידו להנגיד הנ""ל ולקח ה נגיד אתו אנשי חיל וילכו אתו לקחתם במשמר אבל בעזרת האל לא מצאו אותם אף כי המה חפשו תחת ה מטה ואמר הסבא מספאלא על זה כי תחת המטה היו מו נחים שם ביצים וגם פרי אדמה ובזאת עשו פדיון השני ר בנים הנ""ל ואותו לא ראו אף בלא שום פדיון : והנה לא היו ימים מועטים כי נתקבל הרב ר' מ רדכי לאב בית דין ב נישחיז ונתגלה שם והראה מו פתים נוראים עצומים עד שבמשך זמן מועט נה"
Khal-Hasidim_0146	Khal-Hasidim	no-women	no-women	no-women	minor	mention-only	True	high	yes	The doctor's mistresses ('האהובות') are referenced as an anonymous group that he habitually travels with and then dismisses one by one on his way to Mezeritch — they serve purely as backdrop illustrating his moral state and subsequent repentance, with no individual action, speech, or depicted scene. No other women appear or are referenced.	"Khal-Hasidim_0146 תיוגים מעשה נורא מאד מרבינו האלקי רשכב""ה המגיד הגדול מ מעזריטש איך המשיך אליו הדאקטער גורדע עד שנעשה צדיק גדול : איש אחד משועי ואצילי וילנא הבירה עבר דרך מעזריטש לעסקו וכאשר שמע מכל העם מפליאים לו מאד גדולת הרב המגיד נתיישב בדעתו לילך ולתהות על קנקנו ועל כי היה האיש ההוא מופלג גדול בלימוד וירא שמים. אך לא נטה אחרי החסידים. וע""כ רצה לשמוע מ הרה״מ דברי תורה ושישאל אותו כל פליאותיו ואז ידע לבחון האמת עם מי. ויהי כאשר נכנס האיש להרב המגיד וקבל שלום ממנו אמר לו הרב תדע בני כי לא הרפואות שהדאקטרים נותנים מרפאים את החולה כ""א הדאקטרים בעצמם מרפאים כי לכל דאקטער יש מזל אחר והמה מלאכים הממונים על הרפואה שהולך מלאך אחד עם כל דאקטער והמה מרפאים את האדם והרפואות המה רק למראית העין ועם הדאקטער האחד גדול מכל הדאקטרים הולך עמו המלאך רפאל בעצמו לרפאות את החולה ויותר לא דיבר הרה״מ עם האיש מאומה. ויתפלא האיש מאוד על דבריו באומרו הלא אנכי אינני דאקטער ולא בן דאקטער ומה הגיד לי. והיו הדברים בעיניו כמתעתע ולא ידע מה לדון בהם וישקול עוד הפעם הדברים בפלס שכלו אולי הוא ממשל משלים אבל לא היה יכול לכנוס לעומק הענין וע""כ נשאר בדעתו כי אין בו ממש ופנה שכמו והלך מ הרה״מ ונסע לעסקיו ויתמהמה בדרך כמו ג' חדשים. ואחרי כן נסע לביתו ויהי בבואו לביתו נפל האיש למשכב ויחלה מאוד. ודרשו ברופאים ולא הועילו ויהי האיש הולך וחסר יום יום ועל כי היה האיש משועי העיר ומראשיה דאגו אחריו כל אנשי העיר מאד. והנה כולם איש איש אשר ידעו מדאקטער אחד הביאו אותו אליו אבל כולם לא הועילו לו כלל והיה הלך וחסר מאוד עד כי נכבד עליו חוליו וניטל ממנו כח הדיבור וראו שהוא גוע ממש וגעו כל אנשי העיר בבכיה ונעשה רעש גדול בעיני "
Khal-Hasidim_0107	Khal-Hasidim	no-women	no-women	no-women	minor	no-women	False	high	yes	The story involves only male characters — the Baal Shem Tov, Rabbi Moharan, a Jewish innkeeper, and a servant — with no women appearing or referenced in any way.	"Khal-Hasidim_0107 תיוגים פ""א ראה הבעש""ט שהרב מוהר""ן נוסע לדרכו ונסע הבעש""ט ג""כ אחריו בכדי שיבא מוהר״ן לאכסניא מקודם על שבת והוא יבא אחריו ויהיה הוא אורח אצלו ולהרב מוהר""ן לא יהיה דגים על שבת ויהיה לו לחרפה וכאשר ראה הרב מוהר״ן ש הבעש״ט רודף אחריו עיקם את הדרך בארחות עקלקות ונסע יומים בלא דרך ובלתי שום כפר ו הבעש""ט הכיר דרכו ונסע אחריו ג""כ והנה ביום ה' לעת הערב בא הרב מוהר״ן לכפר א׳ ושם דר יהודי א' ותומ""י בבואו לשם שאל אם אפשר לו להשיג בכאן דגים כי בעש״ק לא יסע מכאן ואמר לו הבעה״ב שא״א להשיג בשום אופן כי הוא רחוק מכל צד ערך עשרים פרסאות או יותר מן נהרות וישאלהו הרב מוהר״ן האיך אפשר להיות יהודי בלתי מים לשתיה ולנ""י ולטבילה והשיבו שיש אצלו ב' בריכות מים א׳ מים זכים לשתות וא׳ מים עכורים לרחיצה ולטבילה ואמר א""כ הוא אשיג דגים בוודאי ואמר תומ""י למשרתו הנה ראיתי פ״א צייד דגים שלקח מקל וכרך עליו חוט וזרק לתוך הנהר וצדה בזה דגים לכן קח מקל וחוט ולך להבריכה תומ""י ועשה כן והעלה מן הבריכה דג גדול וביום המחרת כאשר ראה ש הבעש""ט יבא בקרוב אליו הלך לקראתו בשמחה להקביל פניו ונתן לו שלום ואמר לו בעז""ה יש לי דגים על שבת והשיבו ת""ח לך על אשר שלחת עלי דונצעס והוכרחתי לעסוק עבורם ומחמת זה השגת דגים ואלולי זאת בוודאי לא השגת דגים בשום אופן :"
Shivhei-Habesht_0138	Shivhei-Habesht	no-women	no-women	no-women	minor	no-women	False	high	yes	The story involves only male characters — R' Zelig, R' Meir, the Besht, two men, and the innkeeper — with no women mentioned, referenced, or implied in any way.	"Shivhei-Habesht_0138 תיוגים* שמעתי מר׳ זעליג דק""ק לעטשוב שהלך בדרך ובא לק""ק איספאלי ועדיין הי׳ כפר והוא התאכסן אצל שוחט ושמעו שבא הרב ר׳ מאיר הרב דגולה והלכתי להקביל פניו וביקש את הרב מ׳ זעליג שישב בכאן כמה ימים עד שיתאספו כל בני הכפרים למשפט ויהי׳ לו לצוותא והי׳ יושב אצל הרב וסיפר לפניו פ""א נסע הבעש״ט לק""ק בראד ונסע דרך הראדענקע ועמד יעמד לפני ביתי ושלח אחרי שאצא ואני לא הייתי עדיין אב""ד ואמר מאיר שב עמי על העגלה ותסע עמי לק""ק בראד ולקחתי השק מטו״ת שלי וטוזליק ונסעתי וכשבאנו לק""ק בראד ועמד באכסני' כדרך הסוחר ולא בא אליו שום אדם רק שני אנשים אחד מן נגידים והשני לא הי׳ נגיד והיו אנשים חשובים ונתנו לו שלום ובכל פעם היו באים אליו ואני ראיתי שתם הכסף ביד הבעש״ט ואין בידו אפילו פ""א והייתי מצטער למה לא לקחתי מעות שלי מביתי ושמעתי שאומר לבעה״ג הכין עצמך לדרך והלכתי והודעתי לאותן שני אנשים ש הבעש״ט נסע לדרכו ובאו וכשראו ששהה נסיעתם אמרו אנחנו נלך לבהמ""ד וכשיהי' מוכן לנסוע יתן לנו ר' מאיר ידיעה ונבוא וכן הי' שהודיע להם ובאו ונתן הנגיד ל הבעש״ט בפעם ראשונה א׳ אד""ז וכשבאו וכשבאי פ""ש לקח הבעש״ט אותו א""ז ונתן להנגיד הנ""ל ואמר י״ב זהוב׳ תתנו לאנשי הקלויז הקלוז כי היו חשובים בעיני הבעש״ט שאמר שראה השכינה שורה על הקלוז והמותר י״ב זהוב' תחלקו לעניים ונסעו מן העיר וכשראיתי שביזבז הא""ז הנ""ל נמס לבי בקרבי כי ידעתי שאין לו אפילו פ""א ושאלתי אותו למה עושה כן כי אין לרומע""ל אפילו פ""א על הוצאות והשיב לו בלשון צחות תדע נאמנ' כל זמן שהי״ת חי אין לנו מה לדאוג וכן היה כשבאו לק""ק ראדוויל התחילו לילך אצלו בני העיר אחר רפואות וכן בכל מקום עד שהביא ממון 137 138 לביתו : מעשה שבחי הבעש״ט כה 139 140 141 142 143"
Khal-Hasidim_0078	Khal-Hasidim	no-women	no-women	no-women	minor	no-women	False	high	yes	The story involves a merchant, a thief, the Besht, and R. Tzvi the scribe — no women appear or are referenced in any way, even incidentally.	"Khal-Hasidim_0078 תיוגים וגם שמעתי ממנו ואח״כ שמעתי מהרב דקהלתינו שפ״א בא חנוני בעיר שדה לבן מ ברעסלי עם בריקע גדולה עם סחורה גיוואנט ובא בלילה ולא רצה לפתוח החנות החנית בלילה וצוה להסיר את הסוסים מן העגלה ואמר בלבו מי יכול לגנוב עגלה עם משאוי גדולה כזו ועזב בחוץ העגלה עם הסחורה ואח״כ בא גנב ואסר סוסים אחרים לעגלה הנ""ל וברח עם העגלה ועם כל הסחורה ובבוקר ראו שנגנב העגלה עם הסחורה והתחילו לרוץ ולחפש בכל הרחובות ועל פרשת הדרכים ולא מצאו ולא השיגו הגנב ושלח הסוחר אגרת ל הבעש״ט וכשבא השליח ל הבעש״ט ומצא אותו שהוא עומד אצל המזוזה ורוצה לנסוע לק""ק דראזנע על ב״מ כי כיבדו אותו במצות מילה וקיבל האגרת מן השליח ואמר לו המתין עד שאחזור והמתין השליח ו הבעש""ט לן בדרך ובהיות הבקר נסע לעיר וכשבא סמוך לעיר ראה הבע״ש מרחוק כי העגלה עם הסחורה באה ג""כ לעיר בדרך אחרת ואמר לר' צבי סופר ראה והבט העגלה הנוסעת עם שני סוסים ואמר אני רואה ואמר השליח ששלחו אלי הוא עבור העגלה הזאת עם הסחורה שבתוכה שנגנבה כשנבוא לעיר תשאל על אכסניא שלו ותאמר לו שיתן לו העגלה עם הסחורה כי זה גניבה אצלך וכשבאו לעיר תיכף הלך רבי צבי סופר לאכסניא שלו וראה שהיה עומד ומתפלל ולא יכול להעיז ולומר לו כנ""ל כי הוא מתפלל כאיש תם וישר ובא הסופר ל הבעש״ט והשיב לו כנ""ל אמר לו תיכף לך כי יסע תיכף עם הסחורה ותאבד העגלה עם הסחורה והלך הסופר פ""ש ומצא אותו שאוכל סעודת הבוקר ושאל לבעה״ב אם שתה י""ש הרבה כדרך הגנבים ואמר שלא שתה כי אם בעד שני גדולים כדרך כל הארץ והלך ממנו עוד הפעם בידים ריקניות ריקנות לביתו אמר לו הבעש""ט לך ואמור לו כל הסימנים שעמד ביער שלשה ימים שעברו כל הרצים המחפשים ואח״כ לן במקום פלוני ואמור לו כל הליליות שלן עד עיר דראזנע ו"
Maase-Zadikim_0015	maase-zadikim	no-women	no-women	minor	minor	minor-character	False	medium	yes	"The innkeeper's wife appears in a depicted scene — she is sitting with her husband and directly addressed ('ראה אשתי'), placing her beyond mere relational mention; however she neither speaks nor acts, making the boundary with mention-only genuinely close. The non-Jewish woman ('נשג""ז') with whom the innkeeper sinned is referenced only as the object of his transgression, not as a character."	"Maase-Zadikim_0015 תיוגים מעשה נפלא מהרב הצדיק וקדוש מו""ה הירש ליב אַליקער זללה""ה בין החסידים ואנשי מעשה אשר נלוו והתחברו אל הרב הצדיק והקדוש הנ""ל היה אברך אחד רך בשנים חתן גביר אחד מעיר רחוק כששים פרסאות מעיר אלוק יע״א ויהי אחר ראש השנה עת כאשר יבואו החסידים ליפטר מאת רבם ולקבל מאתו ברכה אז בא בתוך החבורה האברך הנזכר ויאמר לו רבו הרב הקדוש המקום ב""ה יכין לך מקום אשר תהיה שמה והוא יזמין לך פרנסתך. והנה האברך החסיד מצטער מאוד מברכות אלו בידעו כי דברי רבו הקדוש אינם לבטלה והוא היה חתן גביר מפורסם והוא בעצמו היה ג״כ עשיר גדול ויחשוב דברים שונים ורוחו נהפך לו לעצב ודאגה. אך הוא נסע עם חברת חברה חסידים וכאשר באו לאכסניא אחר איזה פרסאות נחו מעט וישתו משקה למען ישמחו את האברך הנ""ל ושלא ידאג עוד ובתוך כך דברו דברי תורה והאברך הזה הגדול על כלם בדברים נעימים לאוזן שומע והנה מעשה צדיקים והנה שמה רחוק ישב בעל האכסניא עם זוגתו ואמר לה ראה אשתי האברך הזה הוא מעולה על כל החבורה דבריו נעימים לשמוע ולדעתי אבחר לו להיות מלמד להועיל לבני הבחורים. ויקם בעל האכסני' וילך אל האברך הנזכר חתן הגביר ויאמר לו בני הנה ראיתיך מבחר מכל בני חבורותיך. היה נא פה מלמד אצלי ללמוד עם בניי. ויפול לב האברך החסיד מאוד בזכרו את דברי רבו הקדוש וברכתו אליו כי השם ב""ה יכין לו מקום לשבת שמה כי ראה כי דברים אלה על שורש אחד יסובבו עם דברי רבו הקדוש. וימאן מתחלה האברך החסיד להיות שמה עד כי הפציר בו והבטיח לו כי ישגיח עליו היטב במאכלו ומשתהו ובשאר הצטרכותו. אז אמר בלבו תהיה מה רבינו הקדוש כיון בברכותיו על המקום הזה אשר יפצירו בי לשבת עמם. אנכי אשב עמם עד כי יחמול עלי השם ואראה אחרית דבר אשר יראני השם ב״ה ברוב רחמיו : ויואל"
Shivhei-Habesht_0084	Shivhei-Habesht	no-women	no-women	minor	minor	mention-only	True	high	yes	Women appear only in the phrase 'אנשים ונשים' (men and women) as part of the crowd that joined the funeral procession — an anonymous collective backdrop with no individual action, speech, or presence. No woman acts, speaks, or is depicted as a character.	"Shivhei-Habesht_0084 תיוגים* שוב שמעתי מהרב הנ""ל שבימי המוכיח הנ""ל מק""ק פולונאי הי׳ בעיר אחת מסור א׳ שציער מאוד את אנשי עירו במסירתו פ""א חלה ומת וציוה המוכיח ז""ל להשמשים מהחברה להודיע לו זמן לויה שלו והודיעו לו ולבש הטוזליק והלך עם ר' מאיר מילקעס מק""ק הנ""ל וכשראו כל העם שהמוכיח הולך ללוותו הלכו ממש כל העיר אנשים ונשים ושמח בנו של המסור מאוד שהמוכיח עש' לו כבוד והלך בעצמו ג״כ ללוותו והמוכיח הלך עד בית העלמין וכשבאו עם המת והשכיבוהו אצל האוהל כנהוג כנהג התקרב המוכיח ועמד אצל המת לאמר עליו הספד והנא' מאוד לבנו של המסור אז פתח המוכיח דבורו במשל ואמר בזה""ל פ""א הי' לאדון כלב אחד ונקרא בשמו בריטאן ותיכף כששמעו בניו הפתיח' של המשל הבינו שידבר עליו דברי גנות וחזרו לאחוריהם ללכת למבצר ולקחת משם עבדי האדון וגם ריקים לעשות להמוכיח בזיון או להכות אותו וחרד ר' מאיר הנ""ל עד מאוד ותפש את המוכיח בשיפולי בגדו ולחש לו שבני המסור הלכו למבצר להלשין עליו ולא ענהו דבר וריחקו דרך החיבה לאחוריו ד׳ אמות ולא הפסיק מדבריו וגמר אומר שלכלב הלז היה טוב מאוד אצל האדון כי הי' תופס תמיד כל מינו חיות בעת נסיעות האדון לצוד צידה כמנהג בין השרי' ויהי׳ היום ומת הכלב הלז והראה המוכיח בידו על המת הלז והיה שמח׳ גדולה בין החיות שנעשו חפשי' ממצודות הכל' הלז ואמ׳ להם השועל הפיקח שבחיות הוי סכלים מה אתם שמחי' אילו מת קודם שלמדו ממנו שארי כלבים לתפוס חיות מהראוי לשמוח כעת שכבר למדו ממנו שארי כלבים של האדון לצוד חיות היה יותר טוב לכם שיחיה עדיין כלב הלז כי כשראו שאר הכלבים שהם צדי׳ חיות ובא הכלב הבריטאן וחטף מה' בפיו מה שהיה כבר נצוד על ידם והביא להאדון והיה הכל נקרא על שמו והניחו כל הכלבים לצוד כי אמרו מה להם להטריח א״ע ו"
Khal-Hasidim_0015	Khal-Hasidim	no-women	no-women	minor	minor	mention-only	True	high	yes	Women appear only as part of the collective phrase 'אנשים ונשים וטף' (men, women, and children) within the Besht's letter, functioning as anonymous backdrop to the predicted commotion. No individual woman acts, speaks, or is depicted as a character.	"Khal-Hasidim_0015 תיוגים ואכתוב בשבילו המעשה ג""כ מעשה מ הבעש״ט אשר שמעתי מאיש אחד מאנשי קהלתינו ושמו החסיד ר' יצחק אייזק בן הרב דק""ק ברעהין אשר שמע מפי אביו ולא רציתי לכתוב גוף המעשה מטעם הכמוס אשר לי איך שהיה הרב דק""ק ברייאהין ב שדה לבן אצל הרב מ שדה לבן בחורף והראה לו אגרת מ הבעש״ט וזה לשונו בחורף הנ""ל תבוא מן הדרך ותמצא בביתך על החצר שלך רעש גדול אנשים ונשים וטף ותתעלף מחמת הפחד וכשיעוררו אותך אז תצוה תיכף להקיז לך דם משני גידים ותיכף תשלח שליח מיוחד להודיע לי על דבר הרעש אע""פ שתהלה לאל יש לי עינים לראות מרחוק אעפ""כ תשלח לי אגרת ע""י שליח נאום ישראל בעש״ט ע""כ ושורש המעשה לא רציתי לגלות :"
Khal-Hasidim_0011	Khal-Hasidim	no-women	no-women	minor	minor	minor-character	False	medium	yes	The tax collector's wife appears in a depicted scene at the deathbed: she acts (steps away from him) and speaks (says 'perhaps he is sleeping a bit and it will rest him'), then checks on him and discovers he is dead — she is present and agentive in the scene, not merely referenced. A second woman (R' Yaakov's intended bride, 'לישא אשה') is mention-only as a destination, but the wife's scene-level presence and action lift the story to minor-character. The story's core — the Besht's vision and warning — does not depend on her.	"Khal-Hasidim_0011 תיוגים גם בא מוכסין אחד שנתרועע מזלו מאד ו הבעש״ט ראה שמה״מ רוקד אחריו ואמר לו דברים כבושים שישוב בתשובה ומה לך לילך אחר קניני עה״ז מוטב לעשות תשובה ולתקן דבריו וחשדו ש הבעש״ט רוצה מעות ורצה ליתן לו מעות ולא קיבל ממנו וכשיצא אמר הבעש״ט הוי שוטה שהיום או מחר ימות ודואג בשביל מזלו וגיסו הרב מוה""רג גער בו ואמר למה תוציא מפיך דברים לא טובים על בר ישראל והשיב לו מה אעשה לכם שאתם סומים ולא ראיתם שמה״מ הולך אחריו ונסע לביתו ובעת הזאת היה גיסו של הבעש״ט מ׳ יעקב אלמן מאשתו ונסע לישא אשה דרך המוכסין הנ""ל כי דרך אחד להם וכשבאו למלון לן בכפר א' סמוך לכפר המוכסין ועשה המוכסין הנ""ל סעודה הגונה בשבילו והרב מ׳ יעקב לא רצה לאכול בשר ונתנו מאכל של חלב בסוף השלחן והתלוצץ בו המוכסן ואח״כ הלכו לישן ובלילה נתעורר המוכסן בכאב ראש גדול ובצעקה גדולה וביקש שיאמרו עמו הוידוי ולא היה שם אדם שיאמר עמו הוידוי ואמר עמו הרב ר׳ יעקב וידוי וענה אחריו הוידוי בניגון ותמה ר' יעקב ע״ז ואח""כ הלכה אשתו ממנו כי אמרה אולי ישן הוא מעט ונוח לו ובזמן מועט השגיחה עליו והוא מת וחזר ר׳ יעקב הנ""ל לביתו להודיע כי באמת סומים אנחנו :"
Khal-Hasidim_0075	Khal-Hasidim	no-women	no-women	minor	minor	mention-only	False	high	yes	The female orphan (היתומה) is mentioned once as having been raised in the Besht's home as part of the match arrangement, but she never acts, speaks, or appears in any depicted scene. The story's action centers entirely on the male figures — the Besht, R' Zeev Kitzes, R' Leib Kreminer, and the nobleman — and the financial miracle surrounding the wedding.	"Khal-Hasidim_0075 תיוגים שמעתי מאיש אחד ששמע מפי הסופר הר׳ צבי ז""ל ש הבעש״ט נשתדך עם הרה""ק ר' זאב קיצעס ביתום וביתומה שגדלו בביתם היתומה נתגדלה בבית הבעש""ט והיתום נתגדל בבית ר' זאב הנ""ל ופסק הבעש״ט שני מאות זהו' לנדן ובהגיע החתונה וקודם הבדענקס אמר מהר""ז ז""ל ל הבעש״ט ז""ל שלא ילך עם החתן להבדעקנס עד שיסלק השני מאות זהובים שפסק והיה בעיני הבעש״ט כמצחק ואמר אינך מאמין לי הסך הלז והשיב לו בהימנות דידי שלא אשנה מדבורי כי אני צריך להחזיק החתן אצלי ללמוד עמו ואם אין קמח אין תורה ובתוך כך בא לבית הבעש״ט ר' ליב קרעמינער והושיבו הבעש״ט בכבוד וצוה ליתן לו צלוחית צלוחות יין לשתות ובירך עליו וענה הבעש""ט אמן ואח״כ התחיל ר' ליב הנ""ל וסיפר ל הבעש״ט מביאתו שהקאמיסאר מן העיר שלח אחריו והראה לו אגרת מאדון א' רחוק מק""ק מעזיבוז ח' פרסאות שכתב אליו ש הבעש״ט חייב לו אלף זהובים מהפדיון שבוים כפי השט""ח שת""י שיסלק לו תו""מי דווקא ואמר הקאמיסאר בשלא יסלק לו תיכף יוריד אותו אותי בשלשלאות של ברזל לאדון הנ""ל ולא יפול דבר ארצה ושלחו להודיע לו שיסלק ת""ומי וכששמע הדברים האלו מפיו קרא הבעש״ט תיכף לעבדו בקול גדול לאסור מרכבתו ואמר לר' ליב תו""מי תסע לאדון הנ""ל ותסלק לאדון הסך הנ""ל ותזרז א""ע לבוא על הבידעקנס ולא הניחו לילך לביתו והיה נפלא בעיניו אך לא השיבו מדבריו ונסע תיכף לאדון הנ""ל ובאם הדרך בקרעצמע אחת היו לו יודעו ומכירו והתרא׳ פניו עמו וסיפר לו עסק נסיעתו אך הי׳ נחפז מאד לדרכו והיה פלא לבעל הקרעצמיר ונסע ובא לאדון בצהרים בעת קביעת הסעודה שלהם והמתין עד גמר הסעודה ובא לבית האדון ושאל האדון תיכף אם הביא לו מעות מן הבעש""ט והשיב לו הן הושיבו בכבוד ונתן לו מי דבש לשתות ומתמי׳ א""ע בלבו באיזה אופן יהיה הסילוק ואמר"
Khal-Hasidim_0172	Khal-Hasidim	no-women	no-women	minor	minor	mention-only	True	high	yes	Women appear only once as part of the anonymous collective phrase 'אנשים ונשים' (men and women) who followed the mokhiach to the funeral — a pure backdrop reference with no individual woman acting, speaking, or driving any part of the plot.	"Khal-Hasidim_0172 תיוגים בימי המוכיח הקדוש מק""ק פולנאי היה בעיר בעי מסור א׳ שציער מאד את אנשי עירו במסירות. פ״א חלה וצוה המוכיח ז""ל להשמשים מחברה להודיע לו זמן לויה שלו והודיעו לו ולבש הטוזליק והלך עם ר' מאיר מילקעס מק""ק הנ""ל וכשראו כל העם שהמוכיח הולך ללוותו הלכו ממש כל העיר אנשים ונשים ושמחו בניו של המסור מאד שהמוכיח עשה לו כבוד והלך בעצמו ג""כ ללוותו ו המוכיח הלך עד בית העלמין וכשבאו עם המת והשכבוהו אצל האהל כנהוג התקרב המוכיח ועמד אצל המת לאמר עליו הספד והנאה מאד לבנו של המסור אז פתח המוכיח דבירו במשל ואמר בזה""ל פ״א היה לאדון כלב א׳ ונקרא בשמו בריטאן ותיכף כששמעו בניו הפתיחה של המשל הבינו שידבר עליו דברי גנות וחזרו לאחוריהם ללכת למבצר ולקחת משם עבדי האדון וגם ריקים לעשות להמוכיח בזיון או להכות אותו וחרד ר' מאיר הנ""ל עד מאד ותפש את המוכיח בשיפולי בגדו ולחש לו שבני המסור הלכו למבצר להלשין עליו ולא ענהו דבר וריחקו דרך החיבה לאחוריו ד׳ אמות ולא הפסיק מדבריו וגמר אומר שהכלב הלז היה טוב מאוד אצל האדון כי היה תופס תמיד כל מיני חיות בעת נסיעת האדון לצוד צודה כמנהג בין השרים ויהי היום ומת הכלב הלז והראה המוכיח בידו על המת הלז והיה שמחה גדולה בין החיות שנעשו חפשי ממצודת הכלב הלז ואמר להם השועל הפיקח שבחיות הוי סכלים מה אתם שמחים אילו מת קודם שלמדו ממנו שארי כלבים לתפוס חיות מהראוי לשמוח כעת שכבר למדו ממנו שארי כלבים של האדון לצוד חיות היה יותר טוב לכם שיחיה עדיין כלב הלז כי כשראו כשראוי שארי הכלבים שהם צדים חיות ובא הכלב הבריטאן וחטף מהם בפיו מה שהיה כבר נצו' על ידם והביא להאדון והיה הכל נקרא על שמו והניחו כל הכלבים לצוד כי אמרו מה להם להטריד א""ע ולא נקרא על שמם והאדון אינו עושה להם"
Khal-Hasidim_0188	Khal-Hasidim	no-women	no-women	minor	minor	mention-only	False	high	yes	"The only female reference is 'וגם אצל הר""ר ברוך מתה בתו בשנה ההוא' — Rabbi Barukh's daughter is mentioned as dying that year, cited as evidence of the dispute's destructive consequences. She does not act, speak, or appear in any depicted scene; she functions purely as a contextual detail illustrating harm."	"Khal-Hasidim_0188 תיוגים ויהי כאשר נתעכבה המחלוקות בין הרב ובין הר""ר ברוך ז""ל עד אשר קבע הרב רבי ברוך דירתו בק""ק מעזיבוז והרב נסע אז להשתטח על קבר הבעש״ט הקדוש ז״ל וכאש׳ הגיע השמועה כי הרב לא רחוק הוא מהעיר ירד הר""ר ברוך מעליתו מקום אשר הי' משכן קדשו תמיד והתיצב בבית הגדול אצל השולחן וכה עמד על רגלים לא מש ממקומו עד אחר שהלך הרב מביתו כאשר נסע : פתאום שלח הר""ר ברוך שיסגירו את פתח הבית עלמין כי אינו רוצה שילך הרב על קבר זקנו הבעש״ט והרב לא הי' עוד בעיר. אח״כ שלח עוד הפעם הר' ברוך כי יפתחו את הפתח כי אמר אין אני ירא ממנו והר׳ לא יודע מהסתימה והפתיחה ותיכף כאשר בא לעיר הלך להטביל עצמו בנהר ושם הי' בור עמוק מכוסה במים ונתיראו העם (אשר נהרו מכל פינות לראות את הרב ואת אשר יעשה פה) כי לא יפול אל הבור אבל מרוב האימה אשר איים עליהם שתקו ולא הגידו דבר והרב נכנס ויצא בשלום ואח״כ הלך על הבית עלמין וכל ההמון הרב הלכו אחריו וכאשר נכנס לפתח הבית עלמין רצה השמש לילך אתו להראות מקום הציון אבל הרב אמר לו אינני צריך כי מעצמי אכיר את ציון הבעש״ט הקדוש גם כל העולם עלו על הגדר מהבית עלמין לראות מה יעשה שם אבל הוא נשען מעט על מטיהו ואח״כ הטה בידו להעם ונפל עליהם פחד גדול וירדו כולם לא נשאר מהם עד אחד אז הלך הרב לבדו על הציון ועשה מה שעשה ואח״כ בצאתו שם ידו הימנית על עיניו. והלך לבית הר""ר ברוך ז""ל ויעמוד מעבר השני מצד השולחן ולא נגשו זה לזה ותיכף כאשר נכנס לביתו צעק אל הר""ר ברוך מה תאבו ממני וטען כך בערך רבע שעה בהתלהבות עצומה וכאשר סיים את דבריו פתח ר' ברוך לטעון וכן הי' ג' פעמים ולא נכנס אחד לתוך דברי חבירו ואח״כ אמר הר""ר ברוך איך תעיזו לריב אתי הלא אני נכד הבעש״ט ויען לו הרב אתם הנכם נכד הבעש""ט ב"
Shivhei-Habesht_0164	Shivhei-Habesht	no-women	no-women	minor	minor	mention-only	False	high	yes	Tzipporah is referenced only within the Besht's retrospective explanation of his mystical experience ('when Tzipporah gave him food to eat for the first time'), invoking a biblical event; she does not act, speak, or appear in any depicted scene of the story itself. Per the guidelines, biblical female figures count only if they appear in the story's action, which she does not.	"Shivhei-Habesht_0164 תיוגים* שמעתי שפ""א הי' הבעש״ט ז""ל יושב על סעודת פדיון הבן ובסוף הסעודה לקח הבעש""ט חתיכה לחם ולעס ונעשו פניו אדומים ונשתנו הרגשותיו והיו סבורים שנחנק ורצו להצילו והביט ר׳ זאב קוציעס בפניו ואמר הניחו לו והיה כך עד בוש וחזר מעצמו לאיתנו ושאל אותו מה היה דבר זה והשיב כשאכלתי חתיכה לחם כוונתי כוונות האכילה והשגתי עם כוונה אחת מה שכיוון משה רבינו ע""ה כשנתנ' לו צפורה לאכול בפעם הראשון וכשכיונתי יחוד זה בא משרע""ה לכאן והיה מה שהיה :"
Maase-Zadikim_0033	maase-zadikim	no-women	no-women	minor	minor	mention-only	False	high	yes	Two women are referenced: 'אשת רעהו' (his neighbor's wife) appears only as the object of the man's sin with no presence or action of her own, and Bathsheba ('בת שבע') is cited twice within a biblical analogy used as a teaching device, not as a participant in the story's action. Neither woman acts, speaks, or appears in a depicted scene.	"Maase-Zadikim_0033 תיוגים להרב הצדיק מ פרעמישלאן בא אדם אחד ויהי כאשר הביט בפניו וירא בו בי אותות עבירה שהיה משתדל עם אשת רעהו ר""ל. והנה לקרב אותו לתשובה שיכל הרב הצדיק מאוד את פיהו ובחכמה פתח שפתיו לאמר לו כתיב מזמור לדוד בבוא אליו נתן הנביא כאשר בא אל בת שבע . והפליאה גדולה מזמור לדוד קינה מיבעי לי' אמנם הנה כאשר תהיה בעיר אדם גדול וחשוב ועשה עברה בסתר ופתאום יבא אליו עני אחד בטלן מבית המדרש ויאמר לו אתה האדם הגדול למה עשית עברה פלונית אז בלי ספק דבריו לא יכנסו באזניו ואדרבה יהיה לו שונא גדול וירחיקהו מביתו ויהיה רודף אחריו להדפו והוא ישאר ברשעו לא יעשה תשוב' לא ישוב ישיב אל ה'. אך כאשר יחכים האדם ההוא ויחתור חתירה בסתר שלא להרגיש החשוב והנכבד ההוא אם הוא יודע כלל מה שעשה רק בסתר הוא מורה זיקים ובליסטראות לעוררו בתשובה אז בלי ספק דבריו יועילו כי יכנסו בלבבו ויעשה תשובה שלימה. וזהו המזמור ל דוד ג״כ כי נתן הנביא לא בא אליו באתגלייא להוכיחו ולגלות חטאו שאז אולי היה נהפך ח""ו לבו לשנוא אותו ולא לקבל דבריו. רק באופן זה היה הדבר כי נתן הנביא בא אליו בצנעא וחתר חתירה בסתר ממש כאשר בא דוד אל בת שבע בצנעא בסתר. ולכך דבריו נכנסו בלבו ועשה תשובה שלימה והיו לאות לכל בעלי תשובה. השם ב""ה יושיענו לעשות ג״כ תשובה שלימה ולתקן כל הפגמים שהיו ע""י העונות הרבים ומן השמים יסייענו אמן סלה. סיפר מעשה צדיקים"
Shivhei-Habesht_0173B	Shivhei-Habesht	minor	minor-character	minor	major	major-character	False	medium	yes	מ' טובלע (Madame Tovle, wife of R. Shmuel) is an active agent whose decisions visibly shape the plot: she receives the Maiar's secret warning, decides to send her son-in-law to flee with the valuables (enabling his escape and later rise to prominence), and then initiates the appeal to the Baal Shem Tov — the event that triggers the story's climax. A reasonable counter-argument for catalyst-character exists since the Besht's refusal is the narrative's final point, but Tovle's independent decisions drive two distinct plot turns rather than merely providing a passive predicament.	"Shivhei-Habesht_0173B תיוגים does Scholem classify this story? הסוף של הדירזאווצעס שמעתי מר' יצחק אייזיק ז""ל כך הדוכס של סלוצק הי' ראדזוויל ולווה מהם סך מעות ולא יכלו לגבות ממנו ויראו פן יבקש מהם עוד סך מעות בהלוואה ועלה בדעתם לקבוע דירתם בעיר ברעס ברעכל ' ודברו עם המלך שיקח אותם תחת תקיפתו לק""ק ברעסל' ונתנו לו החוב הנ""ל במתנה והמלך יגבה ממנו ומנכסיו ועשו כן והלכו בספינה על המים וכשבאו נגד ק""ק סלאנים אשר שם מושב הדוכס ולקחו עמם ג׳ חביות מעות להניח בק""ק ברעסלא ונסע עמהם גם הפקיד שלהם וכשקרבו לנמל והלך ר׳ עם הפקיד לאכסני' שלו וקשט א״ע לילך לפני השר ובעוד שהו\u0027 שהי' הי' מקשט עצמו ומלביש א״ע השמיט הפקיד ממנו והפחיד מאד והלך במרוצה להדוכס וכשראה אותו וראה שהפקיד עומד עם הדוכס בחדר לפנים מחדר ומדבר עם הדוכס בא אליו והכה את הפקיד על לחיו ענה הדוכס מה שהכית אותו בפני אע""פ שאינו מן הדרך ארץ אעפ״כ אני מוחל לך זה מפני שאתה בטוח ברוב אהבתי אליך שאפילו אם הכית את בני בפני הייתי מוחל לך אבל ענה תשובה על דבוריו ולא היה לו פה להשיב ושלח הדוכס הנ""ל אל הספינ' ומצא כדבריו של הפקיד ומיד נתפס בתפיסה וצוה לשלוח לק""ק סלוצק דראגונס עם שר המאיאר וצוה להמאיאר לחתום כל אשר להם הממון והחפיצים וכשבא האגרת מן הדוכס הנ""ל נפל בלב המאיאר אימה ואמר שמא יתהפך הגלגל לטוב להם ויהי׳ לו שונא ועשה עצמו כשכור וישן הרבה מאוד עד הלילה וכשראה שישינים בכל העיר הלך המאיאר בעצמו לאשה טובלי' אשת ר׳ שמואל והודיע לה מזה ולפנות ולבער כל מה דאפשר כי בבקר יחתם הכל ושלחה את חתנה וברח עם התכשיטין וצירונג ונעשה אח״כ אב""ד בק""ק ברעסלא ומזה נתעשר מאוד והי׳ עושר גדול ותפס כל משפחתם שיוכל למצוא כי הם בעצמם הוכרחו לכתוב אגרת חתונה ל"
Khal-Hasidim_0070	Khal-Hasidim	minor	minor-character	minor	major	minor-character	False	high	yes	The widow of R' Aharon (אלמנה אשת ר' אהרן) appears in a depicted scene at the story's close: she speaks ('בוודאי אין בתיבה מעות'), is persuaded to search the box, and finds both the hidden coins and the wrapped hairs — providing the empirical confirmation of the visionary dream. She acts and speaks as a character, but the story's main thrust is the afterlife drama of R' Aharon's soul, the demonic impersonation, and R' Gershon's nullification of it; her role is to verify the vision's authenticity rather than to drive or motivate the central plot.	"Khal-Hasidim_0070 תיוגים ושמעתי מהרב דקהלתינו שהיה ב קוטעב איש אחד ונקרא שמו טעקטיגר והיה מדבר תמיד נגד החברה של חסידים פ״א שמע הר׳ אהרן גיסו של הבעש״ט והיה מריב עמו וקפץ האיש הלז ותלשו בזקנו של הר׳ אהרן הנ""ל ועמד הר׳ גרשון אחיו והחרים אותו ובימים מועטים מת האיש ההוא ואחר כמה שנים מת רבי אהרן ראה אותו ר' גרשון אחיו בחלום תוך שבע׳ ושמע שדורש והנאה לו ורץ לשמוע וכשבאה קרוב הכיר בו שהוא קליפה רגז עליו ואמר רשע איך מלאך לבך להתלבש בדמות אחי ורקקו ונעלם מעיניו ואח״כ ראה אותו ר' ליב מוכיח מ פולנאי ג""כ תוך שבעה והציץ על הסימן וראה שהוא הר׳ אהרן בעצמו שאל מה זה שנתלבש קליפה בדמות שלך אמר שנשאר רשומה מחטא וע""י אותה הרשימה היה לו כח להתלבש בדמות שלי. יחי' ויאריך ימים אחי ר' גרשון שברקיקה שלו ביטל הרשימה ממנו שאל אותו האיך אתה עכשיו אמר לו בג""ע שאל אותו על האיש ה טעקטיגער מה הוא עושה אמר לו הוא היה גם כן בג""ע ולא עלתה דעתי ומחשבתי עליו וכשראה אותי בג""ע אמר אלי אני אתבע אותך לב״ד של מעלה שעל ידך הי' מיתתי ופחדתי ופחדי מאוד ולקחתי השערות שכרכתי במטלית והנחתי בתיבה שלי ורצתי ולקחתי אותם והנחתי לפני הב""ד וגרם לעצמו רעה שגרשו אותו מג""ע לגיהנם ושאל אותו איך ומה עתה בג""ע והשיב כי ג""ע התחתון קצת מגושם וכשבא ע""ש הלכתי לבה״כ וכשבאתי אל הפתח לא ראיתי ממכירי ועמדתי אצל הבימה שקורין אלעמר והתפללתי תפלת מנחה וקודם קבלת שבת יצא כרוז ר׳ אהרן יקבל שבת לפני התיבה והלכתי לפני התיבה ואמרתי לכו נרננה וכשבאתי למזמור שיר ליום השבת נעלמו כולם ממני ונשארתי אני לבדי ולא ידעתי להיכן הלכו והיה לי צער גדול מזה כל השבת שלא הי' לי צוותא ע""כ אני מבקש מרומע""ל שיתפלל בעדי שאוכל לעלות עמהם לשבת הבאה ואמר לו המוכיח עזבת א"
Shivhei-Habesht_0146	Shivhei-Habesht	minor	minor-character	major	major	catalyst-character	False	medium	yes	The new mother (היולדת) is the pivot of the entire story — the accusation of mamzerut, the public crisis, and the rabbi's supernatural intervention all orbit her predicament — but the rabbi is the active agent throughout (refusing, declaring, sending, threatening). She confesses and speaks when confronted, giving her a moment of voiced presence, but her role is passive response to the rabbi's orchestrated revelation rather than independent agency driving the plot.	"Shivhei-Habesht_0146 תיוגים* מעשה שהיה אב""ד בק""ק הוראדנע והי׳ ברית מילה ולא רצה להיות סנדק והפצירו בו מאוד עד שאמר שהילד ממזר והוא היה בעל משפחה וכששמעו המשפחה את דבריו התחילו לצעוק והיתה צעקה גדולה בבה״כ ואמר הרב לשמש לך וקח המטה שלי בידך ולך אל היולדת והראה לה את המטה ותיכף תודה ואם לא תמות והיא הודה ואמרה כי אנוסה היא שהלכה למרתף להביא יין ורץ אחריה אדון א׳ ואנסה אותה ונשתקו כל בני משפחת׳ ."
Khal-Hasidim_0244	Khal-Hasidim	minor	minor-character	major	major	catalyst-character	False	medium	yes	The wife's predicament (suspected sotah/infidelity) is the entire reason the story exists and the Gaon's miraculous intervention is the active narrative core; she appears in the central scene (summoned, present for the Torah reading, struck by the curses) but remains entirely passive — she does not speak or decide anything — making the Gaon the sole active agent. The tension between catalyst and minor-character (since she physically appears and reacts) warrants medium confidence.	"Khal-Hasidim_0244 תיוגים מעשה נוראה מהגאון המובהק חסידא קדישא מורינו ורבינו חיים יוסף דוד אזולאי זצ""ל נעתק מס' שם הגדולים החדש וז""ל שם : ושמעתי ממנו מעשה נוראה ונפלאה. שלעת זקנתו כאשר היה חכם העיר דק""ק לוורני בא אליו אדם חשוב אחד והוא כהן בקובלנא על אשתו לאשר כי נסתרה עם איש אחד. והגאון הנ""ל גם דייני העיר המובהקים ישבו שם ויאמר הגאון לו אשר כפי מצות התורה מוכרח הוא לגרשה ולא יכלו הדיינים להתאפק ובפרט כי היו קרובים להאשה הנ""ל ורצו לחפות עליה ויאמרו לו ילמדינו רבינו מאין לו מקור דין זה לשפוט בלא עדים אין זה אלא דברי נביאות. ולא בשמים היא ואם נעשה דין ומשפט עפ""י רוה""ק יצא ח""ו משפט מעוקל כי בעוה״ר איו לנו בזמה״ז לא כהן ונביא אלא דברי חז""ל עפ""י ד""ת הקדושה. והגאון הנ""ל לא השיב להם מאומה אך אמר פעם שנית להאיש בעל האשה שמע בקולי וגרש את האשה הזאת. וכראותם כי לא ענה אותם דבר וילכו לקרובי האשה אשר היו נכבדי העיר הזאת ויספרו להם את כל ונוכחת וילינו עליו את כל העדה וכשמוע הגאון הנ""ל את דברי ריבות האלה ותהי עליו רוח ה' וישלח ויקרא את האשה ותבא אליו לבית העלי' אשר שם הי' חדר למודו ובית תפלתו וכראותו אותה ויקם מכסאו וילך להארגז אשר בו היו מונחים ספרי תורות ויקח ספר תורה ויקרא באזניה פרשת הסוטה בטעמי הנגינות. ויהי כהפנותה שכמה ללכת ויקרא עליה הגאון אזולאי בקול אם לא שטית וגו' ואת כי שטית וגו' וכאשר שמה רגלה על המעלה הראשונה לא הפסיקה לרדת עד שפניה נהפכו לירקון ועיניה ועינה בלטו וכל הכתוב בהפרשה נתקיים עליה. ולקול הזעקה אשר צעקה בקול באו הדיינים והרבה מאנשי העיר לראות את המחזה הנוראה הזאת ויבהלו מאוד ויקראו הוציאו את הארורה הזאת ושמטוה שלא תטמא את בית רבינו. ויאמר איש אל רעהו עתה ידענו כי איש"
Maase-Zadikim_0007	maase-zadikim	minor	minor-character	no-women	minor	minor-character	True	medium	yes	The daughter of the Rabbi of Mezeritch appears in a depicted scene at the Shabbat table (servants seat her nearby, she is singled out as 'בת הרה״ק'), and she performs a visible action — upon becoming niddah she flees the table ('וברחה מעל השלחן') — which triggers the Rabbi of Mezeritch's outburst and the estrangement between the two rabbis; her daughters-as-group mention ('בניו ובנותיו') also activates the collective flag. She is between mention-only and minor-character since her action is involuntary and she has no speech or independent agency, but she does act in a depicted scene and her departure is a plot-turning moment, placing her in minor-character.	"Maase-Zadikim_0007 תיוגים מהרב הקדוש הנ""ל סיפר הרב הצדיק איש אלקים מהר""צ מ זידיטשוב ז""ל. מהתגלגלות הסבות מאדון הסבות איך שבא ל מעזיביז וראה גודל קדושת הרב הקדוש הנ""ל. הרב הצדיק מהר""צ הי׳ מסתופף בכל הקודש תחת דגל מחנה קדוש עליון עמודא דנהורא מהור״ר יצחק מ לובלין ז״ל פעם אחת בימי החורף והקרירות הגדולות בא משולח מדבר מצוה שהי׳ נוסע לקבץ מעות לנדבת עניים למדינתינו ובא לבית הרב הקדוש מהר""צ הנ""ל בעת שהי׳ רך בשנים. והמשולח הנזכר הי' חסיד גדול וירא שמים מופלג מאוד וכאשר לן שם וראה את האברך הצדיק מהר""צ הנזכר התנהגותו בחצות הלילה כי הוא עובד ד' עפ""י דרכי העבודה שגילה הבעש״ט ז""ל אז דבר החסיד עמו וסיפר לו מרבו הקדוש מ מעזיביז והרבה חסידות דברו אז. ויאמר הרב הקדוש מהר""צ אל המשולח מה לך לכתת רגליך בימי החורף האלה הלא בשתי ירחים תוכל לאסוף כשלשים רובל כסף שבה אתי פה כל ימי החורף ואנכי אסע לסביבותי ובמעט ובמעט ימים אביא אבא לך שלשים רובל כי רבים מיודעי ומכירי בסביבות אלה. ויואל האיש לשבת עמו וילמדו יחדיו ויגד לו כל מצפוני לבבו בדרכי העבודה. ויאהב איש לרעהו עד למאוד וידבר המשולח אל לב הרב מהר""צ ז""ל לבא ל מעזיביז . וימאן ויאמר לא אוכל לעשות דבר הזה לעזוב הרב הקדוש מ לובלין רבו המובהק זי""ע. אקח רשות ממנו אולי יסכים ויתנני ליסע אליו פעם אחת. לימים רבים עלה על דעת הרב הקדוש מ לובלין ליסע ל מעזיביז לראות התנהגות האיש אלקים נכד הבעש״ט ז""ל. ויאמר לתלמידו הקדוש מהר""צ אהובי תלמידי תיסע ל מעזיביז לראות גדולת הרה״ק נכד הבעש״ט ז""ל. ואז אדע אם אסע גם אנכי לשם. ויסע הרה״ק מהר""צ ז""ל ל מעזיביז הוא ואחוזת מרעהו החסיד הגדול מו׳ יהודא גרשון מ ראזדיל ז""ל ויבואו ל מעזיביז בשלום על חד יומא דפגרי וילכו לסעודת מצוה "
Shivhei-Habesht_0173A	Shivhei-Habesht	no-women	no-women	minor	no-women	mention-only	False	high	yes	Two women appear only as relational references: the innkeeper's first wife is mentioned when he asks whether to divorce her (the Besht says no) and again when she dies at age sixty; the second wife is noted solely as the one who bore him two sons. Neither woman acts, speaks, is described, or appears in any depicted scene.	"Shivhei-Habesht_0173A תיוגים* שמעתי מאנשים אחרים שבא לביתו בשלשה ימים בקפיצת הארץ אע״פ שהיו גשמים מרובי' כי כזה המעשה הי׳ קודם ר""ה ונחץ לביתו על יו״ט ושמעתי מאיש אחד מקהלתינו ושמו ר׳ אליעזר והוא הי' מעיר בירצה ששבת הבעש״ט בחזרתו סמוך פרסה קטנה לעיר הנ""ל ואמר לי שם הכפר ואיני זוכר אותו ובא הבעש״ט אל הכפר וכשאמרו בבית הארענדר שבא הבעש״ט רץ הארענדאר לחוץ כנגדו ושמח מאד כי לא היו לו בנים מעולם ואמר בלבו אפשר שיהי׳ לי פעולה ונתן לו שלום ושאל הבעש״ט אפשר שאשבות אצליכם והשיב ל הבעש״ט אפשר ואפשר ואני מבקש מרומע' מאד שישבות אצלי ושאל הבעש״ט ויהי' אצליכם מנין וסיפר האנשים שבאו עמו ולא הי׳ כי אם ט' אנשים ואמר ל הבעש״ט שאין עמנו כי אם ט' אנשים והשיב הבעש""ט יהי' מנין ולא זז מן העגלה וצוה ליסע עם העגלה לפרוזדור של בית והי׳ השער נמוך מאד ולא הי׳ לשער 173 משקוף שבחי הבעש״ט כח משקוף מיוחד כי אם עץ של הכותל הי׳ מונח על שני הפצימין והקומרין של עגלה היו גבוהים וכשנסע העבד לפרוזדור עכב את הסוסים קודם שהגיע לקומרין ואמר הבעש״ט למה עמדת ונסע העבד ונגבה מעצמו המשקוף עם כל הבנין ונכנס העגלה עם הקומרין ועל זה לא שאלתי איך יצא משם אח״כ וכל העולם עומדים ורואים הפלא הזאת ושמח הארענדר מאד ואמר בלבו אי""ה יהי' לי תרופה וכשהגיע אחר חצות היום אמר להמקבץ המנין לעמוד להתפלל כמנהגו תמיד להתפלל בערב שבת תיכף אחר חצות ואמר להם יש בנו עשרה אנשים והשיבו אין כי אם ט' אנשים ואמר ידעתי כי יהי' בוודאי מנין ושחקו אחר כתיפיו כי ראו שאין שם עשרה ובתוך כך נפלה במחשבה להארענדר שיש בעבר הנהר רענדי קטנה ויש שם חולה איש אחד ערך עשרה שנים שהוא חולה בלא ידים ורגלים ובלא לשון והוא שוכב כאבן דומם רק שמלעיטין אותו מאכל מעט ואמר הבעה"
Khal-Hasidim_0092	Khal-Hasidim	minor	minor-character	major	minor	catalyst-character	True	medium	yes	R' Yechiel Michel's wife in hard labor (מקשה לילד) is the crisis that motivates the Besht's final prophetic instruction and the story's climactic miracle — without her predicament there is no resolution to report. The Besht's wife also acts as a minor character (she asks where R' Yechiel Michel is and sends for him), but the higher tier is set by the laboring wife's catalytic role; 'many women' (נשים הרבה) present at the birth constitute an anonymous collective.	"Khal-Hasidim_0092 תיוגים שמעתי כשהי׳ הרב הקדוש האלקי ר׳ יחיאל מיכל מ זלאטשוב אצל הבעש״ט פ״א ביום הששי בבוקר קודם שחרית אמר לו הבעש""ט לנסוע לביתו היום ולא ענהו כי אמר בלבו ע""ש היום ועדיין אין לי עגלה והלך לבה״מד לקרות שמו״ת וכשהגיע זמן אכילה שאלה אשת הבעש״ט היכן ר' מיכל ואמר הבעש״ט אני צויתי לו לנסוע לביתו ואעפ""כ שלחה אחריו ומצאוהו בבהמ״ד וקראו אותו שילך לאכול וכשבא אמר לו הבעש""ט שב לאכול ויהי' לך עגלה ולאחר האכילה יצא לחוץ וראה נער אחד עומד עם עגלה בשוק בשלשה סוסים שאל אותו מאין אתה אמר מעיר אליק וכן היה באמת שעזב את הסוחר באיזה מקום וחזר עם העגלה הרקנית הרקנות לביתו ואמרו שמעיר מעזיבוז לעיר אליק י""ז פרסאות ושאל אותו בע""ג באיזה מקום או באיזה ישוב ישבות השיב שאינו יודע האיך שיפול הדבר להגיע שם על שבת ושכר את בע״הג והלך והלא לפטור מן הבעש״ט ואמר לו הבעש""ט לך לביתך לשלום ותמצא את אשתך מקשה לילד ותמצא שם נשים הרבה ותוציאם מביתך ותלחש לה באזנה מה שלמדתי אותך ויהיה לך בן זכר למזל טוב וכן היה שבא לביתו שני שעות קודם הלילה ועשה כמו שצוה אותו הבעש""ט וילדה זכר והילד הזה הוא הרה""ק ר׳ יוסף מ יאמפאלע :"
Adat-Zadikim_0001	Adat-Zadikim	major	major-character	minor	major	major-character	False	medium	yes	The wife of Reb Shbtai is an active agent throughout: she makes and keeps a promise, independently discovers and sells the old garment's silver buttons, prepares the entire Shabbat meal, dances with her husband, recounts the events to him in speech, and then answers the Besht directly with a consequential choice (a son over wealth) that produces the birth of the Maggid of Kozhnitz — the story's telos. Her decisions and actions visibly drive both the central miracle and the narrative's outcome, though one could argue 'catalyst-character' given that the frame centers on Reb Shbtai's piety and the Besht's perception.	"Adat-Zadikim_1 תיוגים מעשה מלידת הרב הגאון הקדוש מוה׳ ישראל מ״מ דק""ק קאזעניץ : שמעתי מאבא מארי הרב שיחי' מעשה ש הבעש״ט ז""ל נבג""מ ישב עם החברי' קדישא שלו על סעודת שבת בערב. ותיכף אחר קידוש שחק הבעש״ט שחוק נורא מאוד עד שראו כי כמעט כלתה נפשו בהשחוק הזה ויראו כל החברי' לשאול אותו מה טיב השחוק הזה כי המה לא ראו שום דבר שיגרום השחוק. ואח״כ ישב הבעש״ט אצל השלחן כדרכו בקודש תמיד ושחק פעם שני כנ""ל והמתין מעט ושחק פעם שלישית ויהי הדבר לפלא בעיני כל הרואים. כי מימיו לא ראו דבר זה וישימו כל החברי' עיניהם על הרב הגוה""ק ר׳ זאב קוצעס ז""ל שישאל הוא אצל הבעש״ט מהות השחוק מה הוא. כי היה דרכו תמיד בעת אשר עשן את הלולקע שלו במוש״ק אז היה שואל אותו הרב ר' זאב הנ""ל מה שהיה ביום השבת. ויהי במוש״ק בא הרב ר""ז הנ""ל לחדר הבעש״ט וישאלהו לאמר יגיד נא לנו רבינו מה טיבו של השחוק ששחק רבינו אמש בערב ויען להם הבעש״ט אנכי אראה לכם מהות הדבר ממה ששחקתי. ויצו הרב להעבד כנעני שלו לרתום את הסוסים כי כן היה דרך הבעש״ט לנסוע מעט מחוץ לעיר במוש״ק. וירתמו הסוסים ויצו הבעש״ט לכל החבורה שישבו עמו וגם צוה ליקח אתו בגדי חול וישבו כולם לנסוע עמו : ויסעו כל הלילה בלא ידעו מאין ולאין. הבוקר אור והם באו לעיר גדולה לאלקים שמה קאזעניץ ויתאכסן הבעש״ט ז""ל אצל הפ""ח כי שמה כבר שמעו שמע הבעש״ט ז""ל ויחרדו כל העיר לקראתו. ואחר התפלה ציוה הבעש״ט לקרא אליו את ר' שבתי כורך ספרים. ויאמר הפ""ח מה לכם להזקן הזה אשר הוא בעירינו מהאנשים הפשוטים והן אמת כי איש ישר הוא. אבל איש פשוט מאוד בלא תורה ויען הבעש״ט עכ״ז רצוני שיבא אלי וישלחו אחריו ויבא אליו. ויאמר הבעש״ט קרא נא גם את אשתך תבא לכאן וקראו לה ותבא. אז אמר הרב לר׳ שבתי ספר נא לנו מה עשית"
Khal-Hasidim_0240	Khal-Hasidim	no-women	no-women	minor	major	minor-character	False	medium	yes	The bride (כלה) and the female in-law (מחותנת/זוגתו) appear in depicted scenes — they travel to Kozhnitz and are examined by the Tzadik — but neither speaks, acts, or decides; the story's core turns on the young man's jealousy and the Tzadik's supernatural revelation that these figures are demons, not on the women's own predicament or agency. A case for catalyst-character is possible since the bride's existence anchors the entire deception, but her role is as passive instrument rather than a suffering subject whose situation drives a male protagonist to intervene.	Khal-Hasidim_0240 תיוגים בין היושבים היושבום ב לובלין היו שמה שני בחורי חמד. ונשתדך אחד מהם ועשה שידוך הגון עם איש נגיד ועשיר ועלמה מאושרה גם לקח סך מסוים לנדן ויתקנא בו חבירו העלם השני עד מאוד על דבר השידוך אשר עשה : וכאשר הלך יום יום נבוך ברעיוניו. ויהרהר אחרי זה והנה לפתע בא חסיד א׳ ל קאזיניץ . והגיד כי יש לו עלמה להשתדך וישדך לו חסיד א׳ כי ישתדך עם העלם השני אשר התגורר ב לובלין תחת כנפי הקדוש מ לובלין . ונגמר הדבר בכי טוב ובא המחותן הזה עם זוגתו ועם הכלה ל קאזיניץ והעלם נסע ל קאזיניץ ונעשה התקשרות כחק. והמחותן והמחיתון והמחותנת וגם הכלה היו כלמו כתבנית כתבנות המחותן והמחותנת והכלה אשר השתדך חבירו הבחור הראשון וממש לא הי׳ שום היכר בתמונות האלו ובעת התנאים שמח העלם שמחה גדולה כי נתמלא מאויי מאוי נפשו ולבבו ועד כי הי' נדמה לו כי הוא היא לוקח את הכלה אשר אורסה לחבירו אולם אחרי ימים אחדים נלכד הבחור ברעיוניו באשר החל לחשוב איך יוכל זאת להיות כי יהיו צורות שוות מבלי שום היכר מאומה. ועד כי גדלה המבוכה בקרבו הקריב שאלתו להרב הקדוש מ לובלין ויצוה הצדיק הקדוש כי יכתוב אליו בפקודת הרב אשר יבא עם זוגתו ועם הכלה ל לובלין וכבואו ל לובלין הציץ הצדיק היטב והתבונן בצורתם. ואמר לא מבני אנשא המה אך מרוחיןשדין ופגעין. והתקין את כל אלה. ובעצמו קרע התנאים :
Khal-Hasidim_0218	Khal-Hasidim	minor	minor-character	no-women	no-women	minor-character	False	medium	yes	The Gaon of Vilna's mother appears as an active character: she is persuaded by the Gaon's students and goes to her son to invoke the commandment of honoring one's mother, forbidding him to leave the house — an action the narrator frames as catastrophic ('בזה היתה תלויה הגאולה האמיתית'). She acts and her intervention has real narrative consequences, but she is a manipulated instrument in a subordinate episode of a story whose main thrust is R' Yisrael Palitzkier's spiritual journey to Mezeritch; removing her episode would not dissolve the core plot.	"Khal-Hasidim_0218 תיוגים עתה נציע לפני הקורא התגלות הרב הגאון הקדוש האלקי ר׳ ישראל פאליצקער שהיה צדיק גדול מגדולי תלמידיו של המגיד הגדול מ מעזריטש ז""ל : בעיר פאלעצק ב מדינת רייסן היה איש אחד מהמוני עם הפשוטים אשר התפרנס ממלאכתו ממלאכת החייטים והיה עוסק במלאכתו באמונה לא ויתר שום דבר משום אדם ועסק במצות ה׳ בכל יכולתו והיה צנוע מאוד במעשיו. ויתן ה' לו את שכרו ויזכיהו בן חכם ישראל שמו. וכאשר החל הנער להתגדל מעט השכיל מאוד מאוד בתורת ה' והיה מפורסם שמו לעילוי ויקחהו עושר א׳ אשר ישב בכפר לא רחוקה מהעיר לו לחתן ויבנה לו בית חתנות הגה בתורת ה׳ יומם ולילה. והגביר ההוא היה לו גורזאלנע אשר עשה בה יין שרף. והאומן מבית מגרש היין שרף היה ר׳ עזריאל אשר היה אחר כך מפורסם בעת נסעו עם הקדוש ר׳ ליב שרהס . והר""ר עזריאל היה צדיק גדול וצנוע במעשיו. ויהי כאשר יצא הרב ר׳ ישראל חתן הגביר מחדרו ביום וילך לבקר את בית מגרש היי""ש ומצא את רבי עזריאל הנ״ל כי היה ישן וחרה לו כי אינו עוסק במלאכתו ויגמור בדעתו לשום עין עליו וילך בתמידות יותר ולא מצא את ר׳ עזריאל בשום פעם שיהי' ניעור ורק מצאו ישן ויאמר רבי ישראל לחותנו כי אין מן הראוי להחזיק את האומן אשר אינו מסתכל כלל במלאכתו ויום ולילה ישן ההוא. ויאמר לו חותנו אבל נסיתי כי הוא טוב לי מעשרה אומנים העוסקים במלאכתם כי הש""י שולח ברכה במעשי ידיו ומוציא יי""ש הרבה יותר מכפי ההרגל ויבן הרב רבי ישראל בפני רבי עזריאל הנ״ל כי אין תוכו כברו ויתגנב הר""ר ישראל בלילה לראות מה רבי עזריאל עושה וירא והנה עומד על משמרתו בתורה ותפלה נעימה מתוקה ויפצור הר""ר ישראל את ר׳ עזריאל שילמדו ביחד וילמדהו ר׳ עזריאל דרך ה' לפי שכלו אז אבל לימים מועטים נתחכם הר""ר ישראל עד שקרא אותו ה""ר עזר"
Khal-Hasidim_0167	Khal-Hasidim	major	major-character	minor	minor	major-character	False	medium	yes	The wealthy heiress is an active driver of the plot: she independently devises the scheme of leasing shops and routing her own merchandise through the avrech's name to protect her reputation, instructs the matchmaker and her uncle, goes to inspect the goods herself, and at the story's climax delivers the key speech that explains the Rabbi's supernatural interventions to her husband — resolving the story's meaning. Her decisions (not merely her situation) visibly shape the marriage plot. The deceased first wife ('מתה עליו אשתו') is a bare mention with no scene presence. Confidence is medium rather than high because the Rabbi is ultimately the orchestrating agent and the heiress was coerced by illness, making a 'catalyst' reading defensible.	"Khal-Hasidim_0167 תיוגים והנה בעיר ההיא היה אברך אחד אשר ביקש את הרב כמה פעמים שיקבלו להיות ממקרוביו ולא רצה הרב. ויצטער האברך מזה מאוד ויבקש את אנשיו כי יפצירו בעדו את הרב כי ממש חייו אינם חיים. ויהי כבוא הרב ויפצירו אותן אנשיו שיקרב האיש הזה כי הוא ממש פיקוח נפש. ויאמר להם הרב כמה כסף יש לו ויענו לו כל האנשים כל כספו מונח בחנות השניט סחורה אשר לו. ויאמר הרב בזאת אאות לו אם יוכל לעשות מעות מכל הסחורה אשר לו ביום הזה ויתנם לי על הלואה לשנה תמימה יהי' מאנשי שלומי ויתרצה האיש. וישאל לו הרב כמה מעות יעלו כל הסחורה שלך ויאמר לו ששה מאות רובל כסף. ויאמר לו הרב לא כן אני שואל כמה מעות יעלו אם יומכרו כל הסחורה היום שישלמו לו מעות מזומנים עבורם תיכף. ויען האיש בוודאי אצטרך להפסיד מאה רובל ריבל כסף או יותר אז אמר הרב עם אם תוכל להביא לי עד הערב כל כספך אשר יש לך אז אשלים חפצך ונתרצה האיש ותיכף הלכו החסידים וביערו את הסחורה מחנות ומכרו אותה וקבלו עבורה ארבע מאות והמשים רו""כ ויתנם להרב. והרב קיבל אותן ונתן להאברך שטר חוב על סך הנ""ל וסע משם לדרכו והאברך נשאר בערום ובחוסר כל ואת השטר חוב מהרב לא רצה למכור. וידל האיש מאוד אבל נוסף לו שבר על שברו כי בימים אחדים מתה עליו אשתו ונשאר קרח מכאן כו' אבל אז מצא קצת תנחומין לנפשו כי ישב בבית המדרש על התורה והעבודה וחביריו כלכלוהו והספיקוהו די צרכו בצמצום וכך עלתה לו שנה תמימה עד אשר בא הרב לשנה השנית להעיר ותיכף נתן להאברך מאה וחמישים רובל כסף ויאמר לו עבור מאה רוביל כסף תלביש עצמך וחמישים רו""כ תקח אתך על הוצאות ותסע להעיר הגדולה וואלקאווישק ותתאכסן באכסניא הגדולה דשם אשר שמו כן וכן ותשלח אחרי ר' דוד שדכן ותתן לו אדום זהב עבור טרחתו שילך להגיד להבת"
Khal-Hasidim_0231	Khal-Hasidim	no-women	no-women	no-women	no-women	no-women	False	high	no	The story features only male characters throughout — the rabbis Pheivish, Moshe Leib of Sassov, and Tzvi of Zidichov — with no women mentioned, referenced, or implied in any capacity.	"Khal-Hasidim_0231 תיוגים סיפור נפלא מהרב הקדוש איש האלהים הנ""ל סיפרה הרב הצדיק מוהר""ר פייוויש מבאלשוועץ ז""ל וכה היו דבריו. אנכי שמשתי כל צרכי את מורי ורבי הקדוש מוהר""ר אלימלך ז""ל בעמה""ח נועם אלימלך עד כי הגעתי לעת זקנתי. ויהי כי שבתי וזקנתי ומורי ומירי ורבי הקדוש עלה לג""ע העליון ונשארתי באין מורה ומנהל עלה על מחשבתי כי אסע ל סאסוב אל משכן קודש להרב הצדיק מ סאסוב . ויהי כי בא זאת על רעיוני ויבא גם השטן בתוכם ויאמר אלי לא נאוה לצדיק כמוך לכתת רגליך לפני איש אחרי מות רבך הקדוש והבנתי כי דברי השטן המסית המה לכן לא הטיתי אוזן לדברים אלה. אחרי כן אמר לי המסית זקן אתה ורפה כח והקור גדול וכל הדרכים בחזקת סכנה אל תמהר לעבור דרך וגם בזאת לא שמעתי לקולו ונסעתי בחורף בעת הקור הגדול ובדרך נכנס ספק בלבי אולי אין הרה""ק רבי משה ליב בביתו כי היה דרכו ליסע למקומות אחרות מטעמים שונים. והספק הזה העציב את רוחי כי לא יכלתי לסבול הקרירה הגדולה אשר אז וחשבתי אולי כל התלאה הזאת בחנם כי אין הצדיק בביתו : בזמן הזה היה הרב הצדיק עמודא דנורא מוה׳ צבי מזידישטוב ז""ל במחנת במחנה הרה""ק מ סאסוב . פתאום קרא אותו רבו הצדיק ויאמר לו תסע לביתך ברגע ההוא ויבקש הרה""ק מהר""צ מלפניו כי יעכב שמה עד אחרי עבור הקרירות הגדולות אבל לא נתנוהו והלך בעצמו ושכר לו עגלה ונסע משם עד בואו באם הדרך וירא מרחוק עגלה אחת מתגוללת בשלג כי נהפכה מחמת כי הדרך היה רע עד למאוד והנה העגלה ההוא היתה העגלה עם הרב הצדיק מור״ר פיוויש מ באלשווץ כי נהפכה ואז נעצב מאוד הזקן ההוא מתלאותיו העצומים אשר מצאתהו ויאנח מאוד בחשבו כי כל התלאה בתנם כי בוודאי לא יהיה הרה""ק מוה' משה ליב בביתו. ויהי כראות הרב מהרי״צ עת את העגלה מתגוללת בשלג וידלג כאיל לעזור א"
Khal-Hasidim_0117	Khal-Hasidim	major	major-character	major	major	major-character	False	medium	no	The young widow appears in depicted scenes, speaks multiple times, and makes active decisions that visibly shape the plot — agreeing to leave with the Besht, speaking to her father-in-law, voluntarily coming to confess before her wedding, and accepting (and fulfilling) the unusual penance — making her more than a passive catalyst. However, a case for catalyst-character is defensible since the Besht remains the primary agent who travels, arranges, and prescribes, while she is the soul being rescued.	"Khal-Hasidim_0117 תיוגים פ""א ישב רבינו הבעש״ט בסעודה שלישית והי' טרוד מאד בעמקות המחשבה ולא אמר תורה בסעודה שלישית כלל מה שהיה נפלא בעיני התלמידים ויהי אחרי שבירך ברכת הבדל' הי' מנהגו בכל מוש""ק לנסוע חוץ לעיר ערך חצי פרסה והי' חוזר לעיר ובאותו מ""ש אמר ג""כ להכין העגלה עם הסוסים לנסוע והסיעו אותו עמו מקצת מן התלמידים וצוה להכין צדה לדרך ולקחת הסעפט עם כל הבגדים מה שהי' לפלא בעיני כב""ב ולא אמר כלל להיכן הוא נוסע ויהי בנסעם משער משאר העיר צוה לתלמידיו שיחזירו פניהם אליו וגם הבעל עגלה צוה שיחזיר פניו אליו ושיקשור המוסרות והסוסים ילכו מעצמם כן היו וראו התלמידים והנה הם נוסעים מעיר לעיר בכל רבע שעה ממש נכנסים בעיר א׳ ונסעו כך כל הלילה עד שהאיר היום ונסעו מהלך רב מאוד באותו הלילה ע״י קפיצת הדרך ויבואו לעיר אחת גדולה ועמדו הסוסים אצל בית א׳ גדול ומהודר ואמר הבעש״ט להעגלן שיסע לחצר עם הסוסים ויקם הבעה״ב משינתו ונתן להם שלום וישאל אותם מאין אתם אמרו לו מוואלין וישאל אותם אם הם סוחרים היה להם להתאכסן בבתי אכסניות המיוחדים לכך ואם הם מוכיחים ודרשנים היה להם להתאכסן בבית הפ""ח והשיב לו הבעש""ט מה איכפת לך אני לא אתעכב כ""א איזה שעות והלך לו הבעה״ב ו הבעש״ט קם מן העגלה שלו ולקח המעלה עשן שלו ונכנס לבית המבשלות 'ליקח משם גחלת לשאוף את עשן הטיטון והנה אשה א' בחורה בשני עמדה ממטתה באה ג""כ לבית המבשלות לבושה במקצר בגדיה ואמר לה הבעש""ט שתקח גחלה א' ותניח אותו בתוך המעלה עשן שלו ועשתה כן ואמר לו לה הבעש״ט מכיר אתה את אותי ותאמר לא ויאמר לה הלא אנכי דודך ואני דר ב מעזיבוז ומה טובך בכאן ותאמר האשה אני הייתי אשת בנו של בעה״ב ומת אישי וחמי הנ""ל רוצה שאקח את בן אחיו לאיש והוא עדיין נער ואני איני יכול להע"
Khal-Hasidim_0179	Khal-Hasidim	minor	minor-character	minor	minor	minor-character	False	medium	no	The inn's maidservant (שפחת הבית) appears in a depicted scene, actively refuses the innkeeper's servant's sexual advance, and cries out (ותתן את קולה ברעש) — her actions directly trigger the false accusation and beating of the rabbi that forms the story's central incident. She acts rather than merely being mentioned, but the story exists to illustrate the rabbi's wisdom, humility, and spiritual refinement, not her predicament; she exits the narrative immediately after her brief action.	"Khal-Hasidim_0179 תיוגים אחרי כן שם הרב פעמיו ל מעזריטש ושם היה צנוע מאוד במעשיו ולא היה ניכר בפניו שום הכירות כי הוא בר אוריין והיה שוקד על לימודו בחכמת האלקית יום ולילה גם סיים שם הלכה פסוקה על כל הד' שו""ע (אשר בעו""ה נשרפו הרבה מהם ונדבר מזה להלן אי""ה) ועכ""ז לא הלך בבגדים חשובים והיה ישן בקלוז של המגיד נ""ע וחבבו מאוד מאוד לא יאומן כי יסופר כי במסתרים גלה לו יותר מאשר גלה לכל תלמידיו אולם בנו הקדוש ר׳ אברהם המכונה בפי כל המלאך הוא לקחו תיכף לו לחבר והיה ביניהם המדובר כי שלשה שעות ילמוד הרב עם המלאך לימוד הנגל' לעומ' זה ילמוד המלאך עמו ג' שעות לימוד הנסתר מחכמת האמת ואמר הרב בעת גדלו בדרך הלצה ע״ז כי בפ׳ קדושים כתיב לא תגנוב בטפחא וידוע כי טפחה הוא מפסיק והפי' הוא כי במילי דשמיא מותר לגנוב היינו להתגנב בעשותו טוב מבני אדם ולהתגנב מיצרו שאין בזה משום גניבת דעת וכן עשיתי כשהייתי לומד עם ר׳ אברהם הייתי מחזיר אצבעי' המורים במורה השעו׳ לאחור למען ילמוד עוד עמי והר""ר אברהם לא ראה והחבירים הקדושי׳ הלא המה ששים הגיבורים אשר היו תלמידי הרב המגיד נ""ע לא ידעו כל כך מגדולת הרב ולא הכירו אף חלק קטן מחכמתו בנסתר ורק ידעו כי הוא גאון וע""כ חבבו כולם אותו מאוד אבל החביבות היה בדרך שמחבב הגדול לקטן והרב לא פנה כלל לשום דבר ורק לא פסק פומיה מגירסא פעם אחת יצא הרב המגיד על פתח חדרו ובידו מכתב חתום ויאמר להרב זלמינקע המכתב הזה צריך אני לשלחו ל באר ויתן לו המכתב ויסגור את חדרו ויתבונן הרב באמרות רבו ויאמר אל לבו אם היה כוונת רבי רק שיגיע המכתב למקום אשר שולח לא היה נותנו לי כי אם למשרתו פוליט וע""כ רוצה הוא בודאי כי אנכי בעצמי אשא לשם המכתב וע""כ נשא לבו את רגליו ויקח בידו המכתב לנשוא אותו ל באר כי "
Maase-Zadikim_0032	maase-zadikim	major	major-character	major	major	major-character	False	high	no	The unnamed woman actively confronts the rabbi with a theologically sharp rebuttal that silences him, directly shaping the story's climax and moral; the rabbi himself declares she defeated him. Her speech is the pivotal act, not merely her situation.	"Maase-Zadikim_0032 תיוגים ספרו חסידים רבים מעשה כיוצא בזו שאירע להרב הקדוש איש אלהים הרב הגאון מ אפטא כי בא אצלו פעם אחת אשה חשובה שהיתה צריכה לייעץ בענין א'. ויהי ברגע בואה קרא הרב הקדוש זונה זונה זה זמן לא כביר עשית עברה גדולה ועתה באת דלית להיכלי מעשה צדיקים להיכלי הרחק מחדרי מהרה. ותען האשה ותאמר מקרב לבה כדברים האלה הבורא עולם הוא ארך אפים לרשעים ואינו פורע חובו ממנם מהרה ואינו מגלה אותם לשום בריה שלא יתביישו מלשוב אליו ולא יסתיר פניו מהם חלילה עד כי ימרדו להכעיס והרב מ אפטא יושב על כסאו ולא יכול להתאפק רגע שלא לגלות אשר כסהו הבורא עולם. ויאמר הרב מ אפטא ע""ז מעולם לא נצחני אלא אשה אחת. מדברים כאלה די והותר יכול האדם ליקח מוסר עד היכן מגיע אהבת ישראל לדון לדין לכל אדם לכף זכות ואפילו לא יוכל למצוא שום זכות יאמר בלי ספק יעשה תשובה שלימה ותהי' מדרגתו יותר גדולה ממדרגת צדיקים כמאמרם ז""ל במקום שבעלי תשובה עומדין וכו.'"
Mifalot-HaZadikim_0022	Mifalot-HaZadikim	no-women	no-women	no-women	no-women	no-women	False	high	no	The story features only male characters throughout — Rabbi Yaakov Shimshon, an unnamed elderly sage, Rabbi Baruch of Medzhibozh, and the Baal Shem Tov — with no women mentioned, referenced, or implied in any way.	Mifalot-HaZadikim_0022 תיוגים הרב הצדיק הגאון האמיתי ר׳ יעקב שמשון מ שיפיטעווקע דרכו היה לנסוע למרחקים לקבץ ממון על פדיון שבוים ולפרנס להצדיקים אשר היה במסתרים ויהי בדרך רחוק ממדינתו הרבה מאוד לארצות המערב מרחק רב עד שכאשר שאלו אותו מאין אתם לא הכירו בעירו ולא שמעו. עד שהוכרח לומר מדינתו ויהי כאשר הרחיק א״ע עוד לא ידעו אף ממדינתו והוכרח לומר בדרך כלל מארץ פל״ניא . ויהי כאשר הרחיק א״ע עוד יותר וגם לא ידעו מארצות הפולין הוכרח לומר לצפונה של א״י והנה דרכו היה להתארח אצל החכם מהעיר כי כוונתו בנסיעתו היה ג״כ להקביל פני צדיקים ויהי היום בא לבית חכם אחד זקן גדול וכראות החכם אותו נתן לו שלום והחזיר לו שלום ושאלו מאין אתם והשיבו מארץ פלני״א ענהו החכם ידעתי את ארץ פלני״א . אז הבין הרב הנ״ל כי החכם הנ״ל איש קדוש הוא ויודע ברוח קדשו את הארץ פלני״א כי ע״פ השמועה מן הנמנע לידע בארצות רחוקות כאלו והנאהו מאוד שזכה להתארח אצלו. ויהי כאשר ישבו לאכול שאל החכם הנ״ל את הרב הנ״ל בזה״ל הידעתם את ר׳ ברוך מ מעזביז . אז תיכף נבהל הרב הנ״ל כי ראה בוודאי כי איש קדוש הוא וברוח קדשו יודע מהרב ר׳ ברוך הנ״ל כי איך אפשר לידע מר׳ ברוך כי אף הבעש״ט לא ידעו ממנו ולא שמעו מגדולתו : ואף הפוסקים שלנו אינם יודעים מהם וענה לו הרב ר׳ י״ש הנ״ל להחכם הנ״ל אני יודע אותו וגם כפוף אני לו כאחד מעבדיו. ויבקש החכם מהרב הנ״ל שיאמר לו איזה דיבורים מדברי תורה משמו של הרב ר׳ ברוך ובעו״ה נשכח מהרב הנ״ל כל מה ששמע וקיבל מרבו הרב ר״ב הנ״ל ולא זכר אף בדיבור אחד מדברי אדוניו הרב ר״ב הנ״ל אף שלא דבר אחד ממשנתו כל ימיו רק מד׳ היתה זאת והמתין הרב ז״ל בפחי נפש ורוב דאגה ויסורים על הדבר הזה שנשכח ממנו כל מה שלמד ממנו. וגם להחכם היתה צער ו
Khal-Hasidim_0079	Khal-Hasidim	no-women	no-women	no-women	no-women	no-women	False	high	no	The story involves only male characters (the rabbi of the community, R' Nachman of Horodenka, R' Ze'ev Kutzes) at the funeral of the Besht; no women appear or are referenced in any way.	Khal-Hasidim_0079 תיוגים שמעתי מהרב דקהלתינו בעת הלווית הבעש״ט תמה מאוד ר' נחמן מ הרדענקע מה זה שאין רואה מאומה וכשבא מן בית עלמין ראה נוראות גדולות ואמר לרבי זאב קוצעס שבוודאי צריך להיות כך :
Khal-Hasidim_0067	Khal-Hasidim	no-women	no-women	no-women	no-women	no-women	False	high	no	The story features only male characters throughout — the Besht, his disciples, the nobleman (אדון), and the prophet Elijah — with no women appearing, referenced, or implied in any way.	"Khal-Hasidim_0067 תיוגים מעשה שבקשו תלמידי הבעש״ט מאוד את הבעש״ט שיראה להם את אליהו ז""ל. ובקשו אותו כמה פעמים והי' מבטיח להם שיראה להם. פעם אחת הלך הבעש״ט עם תלמודיו הקדושים לקבל שבת והיה דרכו תמיד לילך על השדה בעוד היום הגדול היינו מן שעה ב' עד ג' בקיץ. והי׳ מקבל שבת בשם ואומר להם דברי תורה כדרכו תמיד. פתאום אמר הבעש״ט אני רוצה לעשן לולקע כי הי' עדיין קודם שקבלו שבת ויתפזרו תלמודיו הקדושים על הדרכים אולי ימצאו איזה איש המעשן לולקע שיוכלו להשאיל אצלו עד שיעשן הבעש""ט ולא ראו שום אדם. ויבאו ריקם ל הבעש״ט כי לא השיגו. ויעמוד הבעש״ט ויגבה קומתו ויסתכל ויאמר הנני רואה אדון שלאחטיטש הולך לכו נא לקראתו אולי יש אתו לולקע ותשאילו אצלו וילכו התלמידים לקראתו וישאלוהו ויאמר כי יש אתו ויבקשו ממנו שישאל הלולקע להרב ויאמר אני בעצמי אלך ואתן לו הלולקע כי אם זה הרב הוא מ מעזיבוז אנכי מכירו כי ראיתיו כמה פעמים ויאמרו כן הוא הרב מ מעזיבוז וילך האדון אתם וינקה בעצמו את הלולקע וישם טאביק לתוכה ויכה אש מאבנו. ויתן להרב ויעשן הרב. ובתוך העישון שאלו על תבואת השנה אם טובה היא בגידול' ואם פרצה על פני הארץ. וגם בעת הדיש' אם נותנת הרבה גרעינים. ודיבר עמו הרבה מזה. והתלמידים לא פנו אליו. ולא דברו אתו וחזרו בעת מעשה הדיבורי תורה ששמעו מפי הרב שגור על פיהם ואח״כ פטר הרב את האדון וילך לדרכו. ואז אמר לתלמידיו עתה עמדה לכם הבטחתי כי כבר הראיתי לכם את אליהו ז""ל. וישתוממו כל התלמידים ויאמרו למה לא הגיד לנו רבינו כי הוא אליהו והיינו מבקשים אותו שילמוד עמנו ושנקבל ממנו איזה השגה. ויאמר להם הרב אלו הבנתם מעצמכם והייתם שואלים אותי מי הוא הייתי מגלה אותו בפניכם. ואז הייתי מדבר עמו בפניכם מכל חפציכם אכל כאשר לאהבנתם "
Mifalot-HaZadikim_0050	Mifalot-HaZadikim	no-women	no-women	no-women	no-women	no-women	False	high	no	The story involves only two male figures — R' Ze'ev of Zhitomir and his student/son-in-law R' Shneur — with no women mentioned, referenced, or implied in any way.	Mifalot-HaZadikim_0050 תיוגים וכן קודם ההסתלקות דהרב הצדיק והקדוש ר' זאב מ זיטאמיר בכה לפניו תלמידו וחתנו הרב הצדיק ר׳ שניאור ואמר לו הרב הנ״ל מה .לך לבכות כ״כ הצדיקים שיהיו אחרינו בזמנים הבאים יהיו גדולים מאוד וזה לך האות והסימן למי שישתוקקו לראות ולהביט בפניו סימן הוא שהשכינה שורה עליו : זי״ע ועכי״א : כן שמעתי מפי מגידי אמת ששמעו באזניהם ממש מפה קדשם : :
Khal-Hasidim_0074	Khal-Hasidim	no-women	no-women	no-women	no-women	no-women	False	high	no	The story involves only male characters — the Besht, R. Yosef the teacher, the doctor, and the townsmen — with no women appearing or referenced in any way.	"Khal-Hasidim_0074 תיוגים שוב שמעתי ממנו פ״א בדרך נסיעתו של הבעש״ט ל חמעלניק שמע כרוז על ר׳ יוסף מלמד מק""ק הנ""ל שימות וכשבא לעיר באו אצלו אנשי עירו ורצו לשלם לו שירפא אותו ולא רצה לרפאות ולא גילה טעמו ואחר שנסע הבעש״ט משם בא דאקטר אליו וריפא אותו והבריא והדאקטר היה עדיין שם ובתוך כך חזר הבעש״ט לעיר הנ""ל וספרו לו שהבריא ר׳ יוסף הנ""ל ע""י רפואות של הדאקטר שריפא אותו ובתוך עמידתו של הבעש״ט הנ""ל ביקש ר׳ יוסף את הדאקטר לעשות לו איזה תחבושת לגרש הכנים מראשו שנתרבו מאד מחמת רוב חליו ונתן לו הדאקטר משיחה אחת למשוח את ראשו ומשח את ראשו בזה המשיחה ומת אז גילה הבעש״ט טעמו שלא רצה לרפאותו מחמת קול הכרוז ששמע :"
Mifalot-HaZadikim_0037	Mifalot-HaZadikim	no-women	no-women	no-women	no-women	no-women	False	high	no	The passage is a Hasidic homily on Exodus 8 attributed to R. Menachem Nachum of Makarov, focused entirely on morning devotion and cleaving to God; no women are mentioned or referenced in any capacity.	"Mifalot-HaZadikim_0037 תיוגים בשם הרב הצדיק המפורסם וכו' הרב ר' מנחם נחום זצלל""ה מ מקארוב ותעל הצפרדע ותכס את ארץ מצרים (שמות ח') כי הנה ראשית המחשבה כשאדם קם ממטתו בבוקר צריך לדבק להשי""ת בדבקות המוחין בגדלות הבורא ובשפלות עצמו. וממילא בתר התחלת היום כל היום גרירא ובנקל לו לעבוד השי""ת כל היום כולו וז""א. ותעל הצפרד""ע הצפר דעה (פ' תיבת צפרדע נחלק לשתי תיבות) פ' כשיתקשר להשי""ת מחשבתו הראשונה בצפרא בצפרה אזי ותכס הוא מכסה את כל הארץ פי' ארצות וגשמיות מצרי""ם ר""ל ועל כל מיצר ים פי' הקליפות והס""א שנקראים מיצר ים כנודע זי""ע ועכי""א."
Mifalot-HaZadikim_0030	Mifalot-HaZadikim	no-women	no-women	no-women	no-women	no-women	False	high	no	The story focuses entirely on the Rebbe Zusha and his male disciples during a penitential session; no women are mentioned, referenced, or implied anywhere in the text.	"Mifalot-HaZadikim_0030 תיוגים מהרב הצדיק בוצינא דנהורא שרגא דאורייתא איש אלקים קדוש וכו׳ ר׳ זוסיא מ הניפאלי : פעם אחת בימי התשובה כד הוה יתיב הרב הצדיק הנ״ל על כסאו וכל העם עומדים עליו מן הבוקר עד הערב והרב הצדיק הנ״ל נשא עיניו ולבו לשמים וישב בהתדבקות המוחין לקוב״ה מופשט מכל מחשבות גשמיות כדרכו בקודש והנה א׳ מתלמידיו נתעורר בו הרהור תשובה והיה מהרהר בתשובה וזלגו עיניו דמעות וכאשר ראו אחרים והבינו זאת נתלהבו ג״כ מאוד כדרך הגחלת שא׳ מתלהב מחבירו ונתהוה בין כולם התעוררות התעוררת והתלהבות גדול ועמדו בפחי נפש וכאשר ראה זאת הרב הצדיק הנ״ל נשא עיניו למקום ואמר לפניו רבש״ע הנה בודאי העת והעונה לעשות תשובה אלא שאתה יודע האמת שאין לי כח לעשות תשובה אלא מה יכול זוסיא לעשות יעלה לך האותיות של תשובה היינו הר״ת של תשובה הת׳ רומז תמים תהי׳ עם ד׳ אלקיך : הש' רומז שויתי ד׳ לנגדי תמיד : הו׳ רומז ואהבת לרעך כמוך : הב׳ רומז בכל דרכיך דעהו : הה׳ רומז הצנע לכת עם ד׳ אלקיך זאת יעבוד לך זוסיא : זי""ע ועכי""א"
Shivhei-Habesht_0147	Shivhei-Habesht	no-women	no-women	no-women	no-women	no-women	False	high	no	The story involves only male characters — Rabbi Elijah of Sokolivka, the Baal Shem Tov, an anonymous Jewish traveler, and a robber — with no women mentioned or referenced in any capacity.	"Shivhei-Habesht_0147 תיוגים* שמעתי משמו של רבי אליהו דק""ק סאקלאוקי כשהי' עדיין רך בשנים הי׳ דר בק""ק מעזיבוז ושמע פ""א ש הבעש״ט אמר מי שרוצה שתפלתו יעלה השמימה יתפלל עמי מלה במלה ועשה ר' אליהו 145 146 147 כן שבחי הבעש״ט 148 149 150 151 כן וכשאמר הבעש״ט אדון אמר הוא ג״כ וכשאמר עולם אמר הוא ג״כ עולם עד שגמר כל התפלה וכ״ע זמן רב פ""א בא הבעש״ט לפסוקי דזמרה לפסוק שקר הסוס לתשועה וכפלו כמה וכמה פעמים עד בוש ופעם ראשון אמר עמו ושוב תמה מה הוא מכוון בזה הפסוק והביט בספר משנת חסידים ואין עליו כוונות כוונת הניח מלהתפלל עמו פ""א בא לבית הבעש""ט ראה אותו הבעש""ט אמר אליו אליהו עזבת אותי מלהתפלל עמי סיפר לו המאורע מפני שאמר הפסוק כמה פעמי' והשיב שיהודי א' נגה לו בדרך בע""ש ולא יכול להגי׳ לישוב קודם שבת ושבת בשד' ונודע לגזלן א' שיהודי שובת בשד' ורכב על סוס למצוא אותו להרגו ובאמירות זה עקלקלתי לו הדרך שלא יוכל למצוא אותו :"
Khal-Hasidim_0219	Khal-Hasidim	no-women	no-women	no-women	no-women	no-women	False	high	no	The story concerns two male rabbis (R' Israel and R' Chaykil) meeting at a male innkeeper's home; no women are referenced, mentioned, or implied anywhere in the narrative.	"Khal-Hasidim_0219 תיוגים ואחרי אשר נסע מ מעזריטש הרב ר׳ ישראל נתפרד מהרב ר׳ עזריאל ואז נסע הרר""ע עם ר' ליב שרהס הנ""ל והוא נסע לביתו ואח״כ התפשט בבגדי עני והלך בגולה שנה תמימה. וקרה פעם אחת אשר היה הרר""י אצל מוכסן א' בכפר ושם הכינו עצמם לביאת הרב הגדול והקדוש המפורסם ר׳ חייקול המדורער . והדליקו נרות הרבה וטהרו את הבית כי יעדו לו שמה מקום ללון והרב ר' ישראל התחבא בחור אחת תחת התנור. אבל כאשר נכנס הר""ר חייקיל לבית ההיא וירד ממרכבתו אמר תיכף פה מריח ריח טוב מאוד ואנשי הבית אמרו כי המה אינם מרגישים שם ריח אבל הוא אמר פה ריח טוב מאוד יחפשו נא אולי נחבא פה איש אחד ויחפשו בכל מחבואות הבית ולא מצאו. ויקח הרר""ח בעצמו נר אחד וחפש תחת התנור עד שמצאו עומד שם. וישאלהו הרב מי אתה ויאמר אנכי בן חייט אשר נשארתי קטן מאבי ועל כן לא למדתי המלאכה בשלמות ועל כן אני גולה כעת ללמוד המלאכה על מכונה. וישאל אותו הרר""ח מה שמך ויאמר ישראל ויאמר לו הרר""ח עליך הכתוב אומר ישראל אשר בך אתפאר וילכו יחדיו ויסגרו את עצמם בחדר אחד. ואז נסע הרר""י לביתו והתנהג ברבנות ונתפרסם בעולם ולימד דרכי ה' ברבים :"
Khal-Hasidim_0029	Khal-Hasidim	no-women	no-women	no-women	no-women	no-women	False	high	no	No women appear or are referenced in this story; the phrase 'עיר ואם בישראל' is a biblical idiom describing the town's future status, not a reference to an actual woman. All named figures are male (R' Falik HaKohen, Rabbi Shmeryl, the Besht).	"Khal-Hasidim_0029 תיוגים מעשה מפי חמיו של ר' פאלק הכהן רבי שמעריל מ״מ דק""ק ויורטיווקע שפ""א שבת בק""ק באלטע ואמר שהעיר הזאת תחרב פ""א ואח""כ תבנה ותהי' עיר ואם בישראל ותעמוד עד ביאת הגואל בב""א. הרב דקהלתינו פירש היאך היה האמירה כי היו ירידים גדולים בק""ק באלטע והיה שם רוב סוחרים נכרים וישמעאלי' וקדר ושארי אומות והיו רצים בעגלות בעת סעודה שלישית בעת שאמר הבעש״ט ז""ל תורה והיו מבלבלים אותו ורגז ואמר מה לך באלטי עדיין תצמח עליך צרה :"
Maase-Zadikim_0005	maase-zadikim	major	major-character	major	major	major-character	False	medium	no	מרת אדל (the Besht's daughter) is a genuinely active agent: she goes to the river of her own initiative, engages the wealthy man in conversation, decides to disclose her father's identity and situation, and returns to deliver the invitation — a chain of decisions and speech acts that directly causes the entire resolution of the story. The king's mother (אם המלך) is also mentioned with attributed agency (interceding with the king), though she appears only in a reported summary rather than a depicted scene. Catalyst-character is defensible since Adel is offstage during the central Seder/soul-elevation scene and the narrative ultimately orbits the Besht, but her actions go beyond mere situation-as-motivation into visible plot-shaping.	"Maase-Zadikim_0005 תיוגים מ הבעש""ט ז״ל ב סטאמביל נודע לכל ומפורסם הנסיעה מ הבעש״ט ז""ל ל ארץ הקדושה כי רצה לראות א״ע עם הרב הקדוש בעל ספר אור החיים ומן השמים עכבוהו והיה לו צרות גדולות בדרך עד שפעם אחת נעצב וסר רוחו הקדושה ממנו מרוב התלאה ועמל הדרך כנודע לכל כי לפעמים יפול הצדיק ממדרגתו הגדולה מפאת חסרון השמחה אצלו אז בטל ממנו הרגשת האהבה והיראה ממנו. ולכן מגודל התלאות והצרות אשר מצאתהו מעשה צדיקים מצאתהו בדרך נסתלק ממנו כל המדרגות הגדולות אשר היה לו מני אז ויאמר הבעש״ט ז""ל ומה לעשות אעבוד את הבורא עולם ית""ש כשאר בני אדם פשוטים. והיה לו אתו ספר תהלים אחד מה שלקח מעזבון הרב הקדוש ר' אדם בעש״ט ז""ל. ויהי כל ימי הנסיעה בספינה אמר שירות ותשבחות ב ספר תהלים כמו אדם פשוט עד בואו ל סטאמבול עם בתו הצדקת המפורסמת מרת אדל אם הבנים האחים הקדושים המפורסמים מוהרר מוהרר אפרים מ סדילקב ז""ל בעהמ""ח ספר דגל מחנה אפרים והרב הקדוש רבי ברוך מ מעזיביז ז""ל. ויהי כבואם ל סטאמבול בצר ובמצוק באין לחם ושמלה והימים ימי ניסן איזה ימים קודם החג הקדוש חג הפסח. מה עשה הרב הבעש״ט ז""ל הלך לבית המדרש אחד דשם ושם היה דירתו ולמד והתפלל בקטנות המוחין. ויהי כשני ימים קודם החג הלכה הצדקת מרת אדל עם חלוק אחד אל הנהר לשטוף אותה ולכבסה על החג ליתן לאביה הקדוש בחג. ותזכור את מעמדה ואת מעמד אביה איך הם ריקים מכל בלי לחם ושמלה. כי אין להם לא מצות שמורה ולא יין לארבע כוסות וכל הצטרכות ותקטן עוד זאת בעיניה בראותה כי סר רוח אביה ממנו כי הוא בקטנות שוכב בביהמ״ד כאחד העם ורוח הקדושה וכל המדרגות הגדולות שהיה לו נסתלקו ממנו זאת הי' לה לצער גדול מאוד ותבכה מאוד אל יד הנהר ודמעות רב ירדו מעיניה באין הפוגות : אז הלך על ספינה אחת גבי"
Shivhei-Habesht_0046	Shivhei-Habesht	no-women	no-women	no-women	no-women	no-women	False	high	no	The story involves two male rabbis (R. Zusha of Anipoli and R. Elimelech) and an encounter with the author of 'Chesed l'Avraham' in the upper worlds — no women appear or are referenced in any way.	"Shivhei-Habesht_0046 תיוגים* מה ששמעו מהרב הר׳ מ׳ זוסיי' מה אניפאלי ששמע מאחיו הרב מ' אלימלך זצוק""ל פ""א עלה למעלה פגע בהרב בעל חסד לאברהם , ושאל אותו רבי הנה אני חברתי בעז""ה עשרה חיבורים קדושים והמה חשובים מאד בג״ע אמור לי מפני מה מרעישי' כל העולמו' מתנועותיכם למטה אמור לי מה מעשיכם כי לא נוכל לעמוד על עמקם עד היכן הדברי' מגיעים :"
Shivhei-Habesht_0101	Shivhei-Habesht	no-women	no-women	no-women	no-women	no-women	False	high	no	The story features only male characters — Rabbi Nachman of Horodenka, the Baal Shem Tov, the rabbi of Polonnoye, and a non-Jewish nobleman — with no women appearing or referenced in any way.	"Shivhei-Habesht_0101 תיוגים* רבי נחמן מהאראדענקע הי' לו מדה שהי׳ אומר על כל שראה או שאירע לו אומר טוב ולטובה והיה אמונתו חזקה כעמוד של ברזל פ""א העמידו אנשי חיל בק""ק מעזיבוז אצל היהודי' אמר לו הבעש״ט התפלל שלא יעמדו א״ח אצל היהודים אמר לו שזה לטובה אמר לו הבעש״ט כמה יפה שלא היית בדורו של המן שהיית או' על הגזיר' שגם זה טו' ואין לך מעל' אלא מה שתלו את המן שהו' ג״כ טוב פ""א נס' ר׳ נחמן עם הר' דק""ק פולנאי מק""ק נעמרוב לבעש״ט על שבת וביום הששי נסעו ופגעו באדון אחד במרכבה גדולה ונסע ג״כ באותו הדרך והי' נוסע בלט והיו יראים להעביר אותו ופכר הרב את ידיו ואמר ווי ווי כי אנחנו מחללים את השבת ח""ו והיה מצטער בצער גדול ור׳ נחמן אמר שהוא לטובה ונוסף עוד על יא 100 101 צערו שבחי הבעש״ט 102 103 104 105 צערו ובשעה קלה פגעו מחנה גדולה הולכים עם משאות והשלג הי' גדול מאד ולא יכלו בשום אופן להעבירם כי הלכו ג״כ בזו הדרך ולא לקראתם וכשראו הנכרים עם המשאות את האדון פנו כולם מן הדרך ועברו את המחנ' הנ""ל ואח״כ באו לפרשת דרכים ונסע האדון לדרכו והם באו בעוד היום גדול כ""ז שמעתי מהרב דק""ק פולנאי :"
Khal-Hasidim_0093	Khal-Hasidim	no-women	no-women	no-women	no-women	no-women	False	high	no	The story involves the Besht, young men, townspeople, a judge, and a bear — no women appear, are referenced, or are implied in any role.	"Khal-Hasidim_0093 תיוגים פ״א בשבת שקודם פסח התפלל הרב תפלת שחרית ואחר התפלה הסיר הטלית ויצא לחוץ והיו סבורים שהוא נצרך לנקביו כשהיה בחצר בה""כ ראה שמוליכין את הדוב ונערים רצו אחריו כדרכו. והלך גם הוא אחריו אח״ז הוליכו את הדוב מפתח שער חצר בה""כ על השוק והלך גם הוא אחריו. ויפלא בעיני העם מאד והוליכו את הדוב נגד בית השופט. ואח״ז פסק הדוב את החבל והיה כמשוגע וברחו כל העם ההולכים אחריו מפני היראה שירוץ בכל העיר ויזיק ב״א והרב עמד על עמדו והדוב רץ על חור השופט ונכנס לפרוזדור שלו ופתח דלת הבית בחזקה ומיד עמד הבעש״ט אצל החלון לראות מה יעשה לו וגם כמה אנשים ורוב העולם עמדו אצל החלונות לראות המעשה שיעשה הדוב. ומיד הסיר הדוב את השולחן ממקומו והגביה הרצפה וחפר בקרקע עד שמצא ממזר א׳ מת טמון תחת הקרקע ונטל משם את הממזר על שתי ידיו והגביהו לעין כל וצעק הדוב אתם עדים בלשון פולין פראטעסט כי היה רצונם להעליל על היהודים והלך לבהכ""ס להשלים את התפלה :"
Mifalot-HaZadikim_0049	Mifalot-HaZadikim	no-women	no-women	no-women	no-women	no-women	False	high	no	The story depicts a deathbed scene between a rebbe and his male disciples, with no women appearing, referenced, or mentioned in any way.	Mifalot-HaZadikim_0049 תיוגים מהרב הצדיק וכו׳ מוה׳ ר׳ אהרן מ זיטאמיר בעהמ״ח תולדת אהרן : באתדבקותא רוחא דהרב הנ״ל בקוב״ה קודם הסתלקותו בכו אז תלמידיו בכיה רבה מאוד קרא הרב אותם ואמר להם מה אתם בוכים סוף כל האדם למות אמרו לו האיך לא נבכה ולא נכה ראשינו כי תעזוב אותנו אדמו״ר ונשאר אנחנו בלא מנהל ואין מחזיק בידינו והצדיקים אחרים אשר בדורינו עבודתם מוסתרת מאוד ולא נראה מהם שום התגלות העבודה כאשר הורגלנו אצל אדמו״ר ואז ניחם אותם ודיבר על לבם ואמר להם בזה״ל תדעו שהצדיקים שיהי׳ באחרית הימים בעקבות דמשיחא יהיו יותר גדולים ממני ואף בקחתם המפה לקנח צואת האף גם בזו ייחדו יחודים יותר נוראים ממה שהיינו מיחדים בתורתינו ותפלתינו זי״ע :
Khal-Hasidim_0056	Khal-Hasidim	no-women	no-women	no-women	no-women	no-women	False	high	no	No women appear or are referenced in this story; all named figures are male (the Besht, Rabbi Gershon, Rabbi Shimshon, Rabbi Yosef). The kinship term 'גיסו' (his brother-in-law) denotes a male-to-male relationship and does not constitute a reference to a woman.	"Khal-Hasidim_0056 תיוגים שמעתי מהרב דקהלתינו ש הבעש״ט לא רצה להיות בק""ק אנעפאליע כי אמר אין לי שום עסק כי כבר תיקן שם הר' שמשון דק""ק הנ""ל כל מה שהיה צריך. פ""א שבת בק""ק הנ""ל ר' גרשון גיסו ובא משם ואמר ל הבעש״ט השגתי שם אור גדול מר' שמשון הנ""ל אמר אתה משטה בעצמך פ״א שלחו אחר הבעש״ט שיבוא לק""ק הנ""ל ובסעודה ישב נגד חלון ופתח את החלון והי' מביט בחלון בכל רגע ור׳ יוסף מ קאמינקע תמה ע״ז ורצה לידע הסיבה מפני מה מביט בחלון בכל רגע מה עשה כשפנה הבעש״ט מן החלון סגר את החלון ו הבעש״ט כשרצה להביט פתח ושוב סגר ר׳ יוסף שנית וכן עשה פעם ג' עד שגער בו הבעש״ט ואמר מי הוא זה שסגר את החלון אמר ר׳ יוסף אני שהקור נכנס לבית דרך חלון ולמה אתם פותחים בכל עת ואמר אינך רואה איך עמוד של תורה של ר׳ שמשון מאיר מארץ ועד לרקיע ואמרו לו כי במקום הזה הי' אשפה בעת ההיא ואמרו שבית מדרשו הי׳ במקום הזה ואמר היום יודע לי מה שאמר ר' גרשון גוסכם גיסכם :"
