story_id	tag	source	source_story	reason
Adat-Zadikim_0013	characters-and-roles:angels	propagated	Khal-Hasidim_0253	propagated: source Khal-Hasidim_0253 no longer confirmed
Adat-Zadikim_0023	characters-and-roles:angels	direct	Adat-Zadikim_0023	direct: dropped from Sonnet candidate set (patched def)
Khal-Hasidim_0174	characters-and-roles:angels	propagated	Adat-Zadikim_0023	propagated: source Adat-Zadikim_0023 no longer confirmed
Khal-Hasidim_0193	characters-and-roles:angels	propagated	Adat-Zadikim_0023	propagated: source Adat-Zadikim_0023 no longer confirmed
Khal-Hasidim_0202	characters-and-roles:angels	direct	Khal-Hasidim_0202	direct: dropped from Sonnet candidate set (patched def)
Khal-Hasidim_0242	characters-and-roles:angels	propagated	Khal-Hasidim_0253	propagated: source Khal-Hasidim_0253 no longer confirmed
Khal-Hasidim_0253	characters-and-roles:angels	direct	Khal-Hasidim_0253	direct: dropped from Sonnet candidate set (patched def)
Maase-Zadikim_0016	characters-and-roles:angels	propagated	Khal-Hasidim_0202	propagated: source Khal-Hasidim_0202 no longer confirmed
Mifalot-HaZadikim_0006	characters-and-roles:angels	propagated	Adat-Zadikim_0023	propagated: source Adat-Zadikim_0023 no longer confirmed
Shivhei-Harav_0019	characters-and-roles:angels	propagated	Adat-Zadikim_0023	propagated: source Adat-Zadikim_0023 no longer confirmed
Khal-Hasidim_0017	characters-and-roles:baal_shem	propagated	Maase-Zadikim_0001	propagated: source Maase-Zadikim_0001 now Opus-rejected
Maase-Zadikim_0001	characters-and-roles:baal_shem	direct	Maase-Zadikim_0001	direct: Opus rejected under patched def
Khal-Hasidim_0026	characters-and-roles:demons	propagated	Shivhei-Habesht_0015	propagated: source Shivhei-Habesht_0015 no longer confirmed
Shivhei-Habesht_0015	characters-and-roles:demons	direct	Shivhei-Habesht_0015	direct: dropped from Sonnet candidate set (patched def)
Shivhei-Habesht_0096A	characters-and-roles:demons	direct	Shivhei-Habesht_0096A	direct: dropped from Sonnet candidate set (patched def)
Khal-Hasidim_0010	characters-and-roles:scribe	direct	Khal-Hasidim_0010	direct: dropped from Sonnet candidate set (patched def)
Adat-Zadikim_0007	ethics-and-emotions:humility	propagated	Khal-Hasidim_0243	propagated: source Khal-Hasidim_0243 no longer confirmed
Khal-Hasidim_0001	ethics-and-emotions:humility	propagated	Maase-Zadikim_0008	propagated: source Maase-Zadikim_0008 no longer confirmed
Khal-Hasidim_0088	ethics-and-emotions:humility	propagated	Shivhei-Habesht_0135	propagated: source Shivhei-Habesht_0135 no longer confirmed
Khal-Hasidim_0115	ethics-and-emotions:humility	propagated	Peer-MiKdoshim_0001	propagated: source Peer-MiKdoshim_0001 no longer confirmed
Khal-Hasidim_0118	ethics-and-emotions:humility	direct	Khal-Hasidim_0118	direct: dropped from Sonnet candidate set (patched def)
Khal-Hasidim_0126	ethics-and-emotions:humility	propagated	Peer-MiKdoshim_0001	propagated: source Peer-MiKdoshim_0001 no longer confirmed
Khal-Hasidim_0154	ethics-and-emotions:humility	propagated	Peer-MiKdoshim_0001	propagated: source Peer-MiKdoshim_0001 no longer confirmed
Khal-Hasidim_0206	ethics-and-emotions:humility	direct	Khal-Hasidim_0206	direct: dropped from Sonnet candidate set (patched def)
Khal-Hasidim_0211	ethics-and-emotions:humility	propagated	Maase-Zadikim_0008	propagated: source Maase-Zadikim_0008 no longer confirmed
Khal-Hasidim_0243	ethics-and-emotions:humility	direct	Khal-Hasidim_0243	direct: dropped from Sonnet candidate set (patched def)
Maase-Zadikim_0008	ethics-and-emotions:humility	direct	Maase-Zadikim_0008	direct: dropped from Sonnet candidate set (patched def)
Maase-Zadikim_0018	ethics-and-emotions:humility	propagated	Khal-Hasidim_0243	propagated: source Khal-Hasidim_0243 no longer confirmed
Mifalot-HaZadikim_0006	ethics-and-emotions:humility	propagated	Peer-MiKdoshim_0001	propagated: source Peer-MiKdoshim_0001 no longer confirmed
Peer-MiKdoshim_0001	ethics-and-emotions:humility	direct	Peer-MiKdoshim_0001	direct: dropped from Sonnet candidate set (patched def)
Peer-MiKdoshim_0006	ethics-and-emotions:humility	propagated	Peer-MiKdoshim_0001	propagated: source Peer-MiKdoshim_0001 no longer confirmed
Peer-MiKdoshim_0009	ethics-and-emotions:humility	propagated	Peer-MiKdoshim_0001	propagated: source Peer-MiKdoshim_0001 no longer confirmed
Peer-MiKdoshim_0016	ethics-and-emotions:humility	propagated	Peer-MiKdoshim_0001	propagated: source Peer-MiKdoshim_0001 no longer confirmed
Shivhei-Habesht_0002	ethics-and-emotions:humility	propagated	Peer-MiKdoshim_0001	propagated: source Peer-MiKdoshim_0001 no longer confirmed
Shivhei-Habesht_0135	ethics-and-emotions:humility	direct	Shivhei-Habesht_0135	direct: dropped from Sonnet candidate set (patched def)
Shivhei-Habesht_0203	ethics-and-emotions:humility	direct	Shivhei-Habesht_0203	direct: dropped from Sonnet candidate set (patched def)
Sipurei-Zadikim_0008	ethics-and-emotions:humility	direct	Sipurei-Zadikim_0008	direct: dropped from Sonnet candidate set (patched def)
Khal-Hasidim_0158	ethics-and-emotions:virtues	direct	Khal-Hasidim_0158	direct: Opus rejected under patched def
Mifalot-HaZadikim_0026	ethics-and-emotions:virtues	direct	Mifalot-HaZadikim_0026	direct: Opus rejected under patched def
Khal-Hasidim_0118	kabbalah:kabbalistic_terms_yihudim	direct	Khal-Hasidim_0118	direct: Opus rejected under patched def
Shivhei-Habesht_0203	kabbalah:kabbalistic_terms_yihudim	direct	Shivhei-Habesht_0203	direct: Opus rejected under patched def
Adat-Zadikim_0001	social:conflict	propagated	Mifalot-HaZadikim_0027	propagated: source Mifalot-HaZadikim_0027 no longer confirmed
Adat-Zadikim_0003	social:conflict	propagated	Khal-Hasidim_0002	propagated: source Khal-Hasidim_0002 no longer confirmed
Adat-Zadikim_0004	social:conflict	propagated	Khal-Hasidim_0001	propagated: source Khal-Hasidim_0001 no longer confirmed
Adat-Zadikim_0008	social:conflict	propagated	Khal-Hasidim_0001	propagated: source Khal-Hasidim_0001 no longer confirmed
Adat-Zadikim_0014	social:conflict	propagated	Khal-Hasidim_0002	propagated: source Khal-Hasidim_0002 no longer confirmed
Adat-Zadikim_0015	social:conflict	propagated	Khal-Hasidim_0002	propagated: source Khal-Hasidim_0002 no longer confirmed
Adat-Zadikim_0016	social:conflict	propagated	Khal-Hasidim_0173	propagated: source Khal-Hasidim_0173 no longer confirmed
Adat-Zadikim_0023	social:conflict	propagated	Khal-Hasidim_0002	propagated: source Khal-Hasidim_0002 no longer confirmed
Khal-Hasidim_0001	social:conflict	direct	Khal-Hasidim_0001	direct: dropped from Sonnet candidate set (patched def)
Khal-Hasidim_0002	social:conflict	direct	Khal-Hasidim_0002	direct: dropped from Sonnet candidate set (patched def)
Khal-Hasidim_0004	social:conflict	propagated	Khal-Hasidim_0002	propagated: source Khal-Hasidim_0002 no longer confirmed
Khal-Hasidim_0009	social:conflict	direct	Khal-Hasidim_0009	direct: dropped from Sonnet candidate set (patched def)
Khal-Hasidim_0036	social:conflict	propagated	Khal-Hasidim_0001	propagated: source Khal-Hasidim_0001 no longer confirmed
Khal-Hasidim_0080	social:conflict	propagated	Shivhei-Habesht_0091	propagated: source Shivhei-Habesht_0091 no longer confirmed
Khal-Hasidim_0081	social:conflict	propagated	Mifalot-HaZadikim_0027	propagated: source Mifalot-HaZadikim_0027 no longer confirmed
Khal-Hasidim_0082	social:conflict	direct	Khal-Hasidim_0082	direct: dropped from Sonnet candidate set (patched def)
Khal-Hasidim_0086	social:conflict	propagated	Shivhei-Habesht_0112	propagated: source Shivhei-Habesht_0112 no longer confirmed
Khal-Hasidim_0088	social:conflict	propagated	Shivhei-Habesht_0135	propagated: source Shivhei-Habesht_0135 no longer confirmed
Khal-Hasidim_0099	social:conflict	direct	Khal-Hasidim_0099	direct: dropped from Sonnet candidate set (patched def)
Khal-Hasidim_0102	social:conflict	propagated	Khal-Hasidim_0002	propagated: source Khal-Hasidim_0002 no longer confirmed
Khal-Hasidim_0111	social:conflict	direct	Khal-Hasidim_0111	direct: dropped from Sonnet candidate set (patched def)
Khal-Hasidim_0115	social:conflict	propagated	Khal-Hasidim_0002	propagated: source Khal-Hasidim_0002 no longer confirmed
Khal-Hasidim_0117	social:conflict	propagated	Khal-Hasidim_0002	propagated: source Khal-Hasidim_0002 no longer confirmed
Khal-Hasidim_0126	social:conflict	direct	Khal-Hasidim_0126	direct: dropped from Sonnet candidate set (patched def)
Khal-Hasidim_0138	social:conflict	propagated	Khal-Hasidim_0002	propagated: source Khal-Hasidim_0002 no longer confirmed
Khal-Hasidim_0154	social:conflict	propagated	Peer-MiKdoshim_0001	propagated: source Peer-MiKdoshim_0001 no longer confirmed
Khal-Hasidim_0167	social:conflict	propagated	Khal-Hasidim_0126	propagated: source Khal-Hasidim_0126 no longer confirmed
Khal-Hasidim_0170	social:conflict	propagated	Khal-Hasidim_0002	propagated: source Khal-Hasidim_0002 no longer confirmed
Khal-Hasidim_0173	social:conflict	direct	Khal-Hasidim_0173	direct: dropped from Sonnet candidate set (patched def)
Khal-Hasidim_0185	social:conflict	direct	Khal-Hasidim_0185	direct: dropped from Sonnet candidate set (patched def)
Khal-Hasidim_0202	social:conflict	direct	Khal-Hasidim_0202	direct: dropped from Sonnet candidate set (patched def)
Khal-Hasidim_0217	social:conflict	propagated	Khal-Hasidim_0126	propagated: source Khal-Hasidim_0126 no longer confirmed
Khal-Hasidim_0237	social:conflict	propagated	Khal-Hasidim_0126	propagated: source Khal-Hasidim_0126 no longer confirmed
Khal-Hasidim_0253	social:conflict	propagated	Khal-Hasidim_0002	propagated: source Khal-Hasidim_0002 no longer confirmed
Maase-Zadikim_0008	social:conflict	propagated	Khal-Hasidim_0001	propagated: source Khal-Hasidim_0001 no longer confirmed
Maase-Zadikim_0016	social:conflict	direct	Maase-Zadikim_0016	direct: dropped from Sonnet candidate set (patched def)
Mifalot-HaZadikim_0001	social:conflict	propagated	Khal-Hasidim_0002	propagated: source Khal-Hasidim_0002 no longer confirmed
Mifalot-HaZadikim_0006	social:conflict	propagated	Khal-Hasidim_0001	propagated: source Khal-Hasidim_0001 no longer confirmed
Mifalot-HaZadikim_0027	social:conflict	direct	Mifalot-HaZadikim_0027	direct: dropped from Sonnet candidate set (patched def)
Peer-MiKdoshim_0001	social:conflict	direct	Peer-MiKdoshim_0001	direct: dropped from Sonnet candidate set (patched def)
Peer-MiKdoshim_0005	social:conflict	propagated	Khal-Hasidim_0126	propagated: source Khal-Hasidim_0126 no longer confirmed
Peer-MiKdoshim_0006	social:conflict	propagated	Khal-Hasidim_0002	propagated: source Khal-Hasidim_0002 no longer confirmed
Peer-MiKdoshim_0015	social:conflict	propagated	Khal-Hasidim_0126	propagated: source Khal-Hasidim_0126 no longer confirmed
Peer-MiKdoshim_0016	social:conflict	propagated	Khal-Hasidim_0126	propagated: source Khal-Hasidim_0126 no longer confirmed
Shivhei-Habesht_0001	social:conflict	propagated	Khal-Hasidim_0001	propagated: source Khal-Hasidim_0001 no longer confirmed
Shivhei-Habesht_0002	social:conflict	direct	Shivhei-Habesht_0002	direct: dropped from Sonnet candidate set (patched def)
Shivhei-Habesht_0004	social:conflict	propagated	Khal-Hasidim_0002	propagated: source Khal-Hasidim_0002 no longer confirmed
Shivhei-Habesht_0005B	social:conflict	direct	Shivhei-Habesht_0005B	direct: dropped from Sonnet candidate set (patched def)
Shivhei-Habesht_0043	social:conflict	propagated	Khal-Hasidim_0002	propagated: source Khal-Hasidim_0002 no longer confirmed
Shivhei-Habesht_0091	social:conflict	direct	Shivhei-Habesht_0091	direct: dropped from Sonnet candidate set (patched def)
Shivhei-Habesht_0097	social:conflict	direct	Shivhei-Habesht_0097	direct: dropped from Sonnet candidate set (patched def)
Shivhei-Habesht_0112	social:conflict	direct	Shivhei-Habesht_0112	direct: dropped from Sonnet candidate set (patched def)
Shivhei-Habesht_0135	social:conflict	direct	Shivhei-Habesht_0135	direct: dropped from Sonnet candidate set (patched def)
Shivhei-Habesht_0181	social:conflict	propagated	Khal-Hasidim_0099	propagated: source Khal-Hasidim_0099 no longer confirmed
Shivhei-Habesht_0184	social:conflict	propagated	Khal-Hasidim_0001	propagated: source Khal-Hasidim_0001 no longer confirmed
Shivhei-Habesht_0193	social:conflict	direct	Shivhei-Habesht_0193	direct: dropped from Sonnet candidate set (patched def)
Sipurei-Zadikim_0004	social:conflict	propagated	Khal-Hasidim_0126	propagated: source Khal-Hasidim_0126 no longer confirmed
Adat-Zadikim_0003	social:disobedience	propagated	Khal-Hasidim_0002	propagated: source Khal-Hasidim_0002 no longer confirmed
Adat-Zadikim_0004	social:disobedience	propagated	Khal-Hasidim_0002	propagated: source Khal-Hasidim_0002 no longer confirmed
Adat-Zadikim_0008	social:disobedience	propagated	Khal-Hasidim_0002	propagated: source Khal-Hasidim_0002 no longer confirmed
Adat-Zadikim_0013	social:disobedience	propagated	Khal-Hasidim_0002	propagated: source Khal-Hasidim_0002 no longer confirmed
Adat-Zadikim_0014	social:disobedience	propagated	Khal-Hasidim_0002	propagated: source Khal-Hasidim_0002 no longer confirmed
Adat-Zadikim_0015	social:disobedience	propagated	Khal-Hasidim_0002	propagated: source Khal-Hasidim_0002 no longer confirmed
Adat-Zadikim_0023	social:disobedience	propagated	Khal-Hasidim_0002	propagated: source Khal-Hasidim_0002 no longer confirmed
Khal-Hasidim_0001	social:disobedience	propagated	Khal-Hasidim_0002	propagated: source Khal-Hasidim_0002 no longer confirmed
Khal-Hasidim_0002	social:disobedience	direct	Khal-Hasidim_0002	direct: dropped from Sonnet candidate set (patched def)
Khal-Hasidim_0004	social:disobedience	propagated	Khal-Hasidim_0002	propagated: source Khal-Hasidim_0002 no longer confirmed
Khal-Hasidim_0036	social:disobedience	propagated	Khal-Hasidim_0002	propagated: source Khal-Hasidim_0002 no longer confirmed
Khal-Hasidim_0115	social:disobedience	propagated	Khal-Hasidim_0002	propagated: source Khal-Hasidim_0002 no longer confirmed
Khal-Hasidim_0117	social:disobedience	direct	Khal-Hasidim_0117	direct: dropped from Sonnet candidate set (patched def)
Khal-Hasidim_0126	social:disobedience	propagated	Khal-Hasidim_0002	propagated: source Khal-Hasidim_0002 no longer confirmed
Khal-Hasidim_0138	social:disobedience	propagated	Khal-Hasidim_0002	propagated: source Khal-Hasidim_0002 no longer confirmed
Khal-Hasidim_0169	social:disobedience	direct	Khal-Hasidim_0169	direct: dropped from Sonnet candidate set (patched def)
Khal-Hasidim_0170	social:disobedience	propagated	Khal-Hasidim_0002	propagated: source Khal-Hasidim_0002 no longer confirmed
Khal-Hasidim_0174	social:disobedience	propagated	Khal-Hasidim_0002	propagated: source Khal-Hasidim_0002 no longer confirmed
Khal-Hasidim_0177	social:disobedience	direct	Khal-Hasidim_0177	direct: dropped from Sonnet candidate set (patched def)
Khal-Hasidim_0185	social:disobedience	direct	Khal-Hasidim_0185	direct: dropped from Sonnet candidate set (patched def)
Khal-Hasidim_0242	social:disobedience	direct	Khal-Hasidim_0242	direct: dropped from Sonnet candidate set (patched def)
Khal-Hasidim_0253	social:disobedience	propagated	Khal-Hasidim_0002	propagated: source Khal-Hasidim_0002 no longer confirmed
Mifalot-HaZadikim_0001	social:disobedience	propagated	Khal-Hasidim_0002	propagated: source Khal-Hasidim_0002 no longer confirmed
Mifalot-HaZadikim_0006	social:disobedience	propagated	Khal-Hasidim_0002	propagated: source Khal-Hasidim_0002 no longer confirmed
Mifalot-HaZadikim_0027	social:disobedience	propagated	Khal-Hasidim_0002	propagated: source Khal-Hasidim_0002 no longer confirmed
Peer-MiKdoshim_0006	social:disobedience	propagated	Khal-Hasidim_0002	propagated: source Khal-Hasidim_0002 no longer confirmed
Shivhei-Habesht_0001	social:disobedience	propagated	Khal-Hasidim_0002	propagated: source Khal-Hasidim_0002 no longer confirmed
Shivhei-Habesht_0002	social:disobedience	propagated	Khal-Hasidim_0002	propagated: source Khal-Hasidim_0002 no longer confirmed
Shivhei-Habesht_0004	social:disobedience	propagated	Khal-Hasidim_0002	propagated: source Khal-Hasidim_0002 no longer confirmed
Shivhei-Habesht_0198	social:disobedience	propagated	Khal-Hasidim_0117	propagated: source Khal-Hasidim_0117 no longer confirmed
Shivhei-Harav_0011	social:disobedience	propagated	Khal-Hasidim_0002	propagated: source Khal-Hasidim_0002 no longer confirmed
Shivhei-Harav_0016	social:disobedience	propagated	Khal-Hasidim_0185	propagated: source Khal-Hasidim_0185 no longer confirmed
Shivhei-Harav_0019	social:disobedience	propagated	Khal-Hasidim_0002	propagated: source Khal-Hasidim_0002 no longer confirmed
Sipurei-Zadikim_0006	social:disobedience	direct	Sipurei-Zadikim_0006	direct: dropped from Sonnet candidate set (patched def)
Adat-Zadikim_0013	social:inter_hasidic	propagated	Khal-Hasidim_0174	propagated: source Khal-Hasidim_0174 no longer confirmed
Adat-Zadikim_0023	social:inter_hasidic	propagated	Khal-Hasidim_0174	propagated: source Khal-Hasidim_0174 no longer confirmed
Khal-Hasidim_0002	social:inter_hasidic	propagated	Khal-Hasidim_0174	propagated: source Khal-Hasidim_0174 no longer confirmed
Khal-Hasidim_0104	social:inter_hasidic	direct	Khal-Hasidim_0104	direct: dropped from Sonnet candidate set (patched def)
Khal-Hasidim_0140	social:inter_hasidic	direct	Khal-Hasidim_0140	direct: dropped from Sonnet candidate set (patched def)
Khal-Hasidim_0174	social:inter_hasidic	direct	Khal-Hasidim_0174	direct: dropped from Sonnet candidate set (patched def)
Khal-Hasidim_0193	social:inter_hasidic	propagated	Khal-Hasidim_0174	propagated: source Khal-Hasidim_0174 no longer confirmed
Khal-Hasidim_0242	social:inter_hasidic	propagated	Khal-Hasidim_0174	propagated: source Khal-Hasidim_0174 no longer confirmed
Khal-Hasidim_0253	social:inter_hasidic	propagated	Khal-Hasidim_0174	propagated: source Khal-Hasidim_0174 no longer confirmed
Mifalot-HaZadikim_0006	social:inter_hasidic	propagated	Khal-Hasidim_0174	propagated: source Khal-Hasidim_0174 no longer confirmed
Mifalot-HaZadikim_0007	social:inter_hasidic	direct	Mifalot-HaZadikim_0007	direct: dropped from Sonnet candidate set (patched def)
Mifalot-HaZadikim_0021	social:inter_hasidic	direct	Mifalot-HaZadikim_0021	direct: dropped from Sonnet candidate set (patched def)
Mifalot-HaZadikim_0022	social:inter_hasidic	direct	Mifalot-HaZadikim_0022	direct: dropped from Sonnet candidate set (patched def)
Peer-MiKdoshim_0006	social:inter_hasidic	propagated	Khal-Hasidim_0174	propagated: source Khal-Hasidim_0174 no longer confirmed
Shivhei-Habesht_0002	social:inter_hasidic	propagated	Khal-Hasidim_0174	propagated: source Khal-Hasidim_0174 no longer confirmed
Shivhei-Habesht_0034	social:inter_hasidic	propagated	Khal-Hasidim_0140	propagated: source Khal-Hasidim_0140 no longer confirmed
Shivhei-Habesht_0092	social:inter_hasidic	direct	Shivhei-Habesht_0092	direct: dropped from Sonnet candidate set (patched def)
Shivhei-Habesht_0186	social:inter_hasidic	direct	Shivhei-Habesht_0186	direct: dropped from Sonnet candidate set (patched def)
Shivhei-Harav_0003	social:inter_hasidic	propagated	Khal-Hasidim_0174	propagated: source Khal-Hasidim_0174 no longer confirmed
Shivhei-Harav_0009	social:inter_hasidic	propagated	Khal-Hasidim_0174	propagated: source Khal-Hasidim_0174 no longer confirmed
Shivhei-Harav_0017	social:inter_hasidic	propagated	Khal-Hasidim_0174	propagated: source Khal-Hasidim_0174 no longer confirmed
Shivhei-Harav_0018	social:inter_hasidic	propagated	Khal-Hasidim_0174	propagated: source Khal-Hasidim_0174 no longer confirmed
Sipurei-Zadikim_0001	social:inter_hasidic	propagated	Khal-Hasidim_0174	propagated: source Khal-Hasidim_0174 no longer confirmed
Khal-Hasidim_0080	social:inter_hasidic_conflict_between_tsaddikim	direct	Khal-Hasidim_0080	direct: dropped from Sonnet candidate set (patched def)
Khal-Hasidim_0108	social:inter_hasidic_conflict_between_tsaddikim	propagated	Shivhei-Habesht_0190	propagated: source Shivhei-Habesht_0190 no longer confirmed
Shivhei-Habesht_0091	social:inter_hasidic_conflict_between_tsaddikim	propagated	Khal-Hasidim_0080	propagated: source Khal-Hasidim_0080 no longer confirmed
Shivhei-Habesht_0190	social:inter_hasidic_conflict_between_tsaddikim	direct	Shivhei-Habesht_0190	direct: dropped from Sonnet candidate set (patched def)
Adat-Zadikim_0018	social:inter_hasidic_inheritance_of_leadership	propagated	Khal-Hasidim_0139	propagated: source Khal-Hasidim_0139 no longer confirmed
Khal-Hasidim_0139	social:inter_hasidic_inheritance_of_leadership	direct	Khal-Hasidim_0139	direct: dropped from Sonnet candidate set (patched def)
Khal-Hasidim_0142	social:inter_hasidic_inheritance_of_leadership	propagated	Shivhei-Habesht_0040	propagated: source Shivhei-Habesht_0040 no longer confirmed
Khal-Hasidim_0169	social:inter_hasidic_inheritance_of_leadership	direct	Khal-Hasidim_0169	direct: dropped from Sonnet candidate set (patched def)
Shivhei-Habesht_0040	social:inter_hasidic_inheritance_of_leadership	direct	Shivhei-Habesht_0040	direct: dropped from Sonnet candidate set (patched def)
Shivhei-Harav_0001	social:inter_hasidic_inheritance_of_leadership	direct	Shivhei-Harav_0001	direct: dropped from Sonnet candidate set (patched def)
Sipurei-Zadikim_0006	social:inter_hasidic_inheritance_of_leadership	propagated	Khal-Hasidim_0169	propagated: source Khal-Hasidim_0169 no longer confirmed
Sipurei-Zadikim_0013	social:inter_hasidic_inheritance_of_leadership	direct	Sipurei-Zadikim_0013	direct: dropped from Sonnet candidate set (patched def)
Adat-Zadikim_0006	social:inter_hasidic_master_disciple_relationship	propagated	Khal-Hasidim_0154	propagated: source Khal-Hasidim_0154 no longer confirmed
Adat-Zadikim_0015	social:inter_hasidic_master_disciple_relationship	propagated	Khal-Hasidim_0154	propagated: source Khal-Hasidim_0154 no longer confirmed
Khal-Hasidim_0009	social:inter_hasidic_master_disciple_relationship	direct	Khal-Hasidim_0009	direct: dropped from Sonnet candidate set (patched def)
Khal-Hasidim_0026	social:inter_hasidic_master_disciple_relationship	direct	Khal-Hasidim_0026	direct: dropped from Sonnet candidate set (patched def)
Khal-Hasidim_0028	social:inter_hasidic_master_disciple_relationship	direct	Khal-Hasidim_0028	direct: dropped from Sonnet candidate set (patched def)
Khal-Hasidim_0031	social:inter_hasidic_master_disciple_relationship	direct	Khal-Hasidim_0031	direct: dropped from Sonnet candidate set (patched def)
Khal-Hasidim_0035	social:inter_hasidic_master_disciple_relationship	direct	Khal-Hasidim_0035	direct: dropped from Sonnet candidate set (patched def)
Khal-Hasidim_0040	social:inter_hasidic_master_disciple_relationship	propagated	Shivhei-Habesht_0050A	propagated: source Shivhei-Habesht_0050A no longer confirmed
Khal-Hasidim_0056	social:inter_hasidic_master_disciple_relationship	direct	Khal-Hasidim_0056	direct: dropped from Sonnet candidate set (patched def)
Khal-Hasidim_0086	social:inter_hasidic_master_disciple_relationship	direct	Khal-Hasidim_0086	direct: dropped from Sonnet candidate set (patched def)
Khal-Hasidim_0089	social:inter_hasidic_master_disciple_relationship	propagated	Shivhei-Habesht_0138	propagated: source Shivhei-Habesht_0138 no longer confirmed
Khal-Hasidim_0115	social:inter_hasidic_master_disciple_relationship	propagated	Khal-Hasidim_0154	propagated: source Khal-Hasidim_0154 no longer confirmed
Khal-Hasidim_0154	social:inter_hasidic_master_disciple_relationship	direct	Khal-Hasidim_0154	direct: dropped from Sonnet candidate set (patched def)
Khal-Hasidim_0162	social:inter_hasidic_master_disciple_relationship	propagated	Sipurei-Zadikim_0001	propagated: source Sipurei-Zadikim_0001 no longer confirmed
Khal-Hasidim_0237	social:inter_hasidic_master_disciple_relationship	propagated	Khal-Hasidim_0154	propagated: source Khal-Hasidim_0154 no longer confirmed
Peer-MiKdoshim_0001	social:inter_hasidic_master_disciple_relationship	propagated	Khal-Hasidim_0154	propagated: source Khal-Hasidim_0154 no longer confirmed
Shivhei-Habesht_0005B	social:inter_hasidic_master_disciple_relationship	propagated	Khal-Hasidim_0009	propagated: source Khal-Hasidim_0009 no longer confirmed
Shivhei-Habesht_0015	social:inter_hasidic_master_disciple_relationship	direct	Shivhei-Habesht_0015	direct: dropped from Sonnet candidate set (patched def)
Shivhei-Habesht_0016	social:inter_hasidic_master_disciple_relationship	direct	Shivhei-Habesht_0016	direct: dropped from Sonnet candidate set (patched def)
Shivhei-Habesht_0017	social:inter_hasidic_master_disciple_relationship	propagated	Khal-Hasidim_0028	propagated: source Khal-Hasidim_0028 no longer confirmed
Shivhei-Habesht_0020	social:inter_hasidic_master_disciple_relationship	direct	Shivhei-Habesht_0020	direct: dropped from Sonnet candidate set (patched def)
Shivhei-Habesht_0035	social:inter_hasidic_master_disciple_relationship	direct	Shivhei-Habesht_0035	direct: dropped from Sonnet candidate set (patched def)
Shivhei-Habesht_0048	social:inter_hasidic_master_disciple_relationship	direct	Shivhei-Habesht_0048	direct: dropped from Sonnet candidate set (patched def)
Shivhei-Habesht_0050A	social:inter_hasidic_master_disciple_relationship	direct	Shivhei-Habesht_0050A	direct: dropped from Sonnet candidate set (patched def)
Shivhei-Habesht_0066	social:inter_hasidic_master_disciple_relationship	direct	Shivhei-Habesht_0066	direct: dropped from Sonnet candidate set (patched def)
Shivhei-Habesht_0112	social:inter_hasidic_master_disciple_relationship	direct	Shivhei-Habesht_0112	direct: dropped from Sonnet candidate set (patched def)
Shivhei-Habesht_0138	social:inter_hasidic_master_disciple_relationship	direct	Shivhei-Habesht_0138	direct: dropped from Sonnet candidate set (patched def)
Shivhei-Habesht_0160	social:inter_hasidic_master_disciple_relationship	direct	Shivhei-Habesht_0160	direct: dropped from Sonnet candidate set (patched def)
Shivhei-Habesht_0184	social:inter_hasidic_master_disciple_relationship	propagated	Khal-Hasidim_0154	propagated: source Khal-Hasidim_0154 no longer confirmed
Sipurei-Zadikim_0001	social:inter_hasidic_master_disciple_relationship	direct	Sipurei-Zadikim_0001	direct: dropped from Sonnet candidate set (patched def)
Sipurei-Zadikim_0008	social:inter_hasidic_master_disciple_relationship	direct	Sipurei-Zadikim_0008	direct: dropped from Sonnet candidate set (patched def)
Adat-Zadikim_0004	social:marital_relationship	propagated	Khal-Hasidim_0117	propagated: source Khal-Hasidim_0117 no longer confirmed
Adat-Zadikim_0006	social:marital_relationship	propagated	Khal-Hasidim_0167	propagated: source Khal-Hasidim_0167 no longer confirmed
Adat-Zadikim_0015	social:marital_relationship	propagated	Khal-Hasidim_0167	propagated: source Khal-Hasidim_0167 no longer confirmed
Khal-Hasidim_0001	social:marital_relationship	propagated	Shivhei-Habesht_0001	propagated: source Shivhei-Habesht_0001 no longer confirmed
Khal-Hasidim_0017	social:marital_relationship	direct	Khal-Hasidim_0017	direct: dropped from Sonnet candidate set (patched def)
Khal-Hasidim_0061	social:marital_relationship	propagated	Shivhei-Habesht_0071	propagated: source Shivhei-Habesht_0071 no longer confirmed
Khal-Hasidim_0075	social:marital_relationship	propagated	Shivhei-Habesht_0086	propagated: source Shivhei-Habesht_0086 no longer confirmed
Khal-Hasidim_0115	social:marital_relationship	propagated	Khal-Hasidim_0167	propagated: source Khal-Hasidim_0167 no longer confirmed
Khal-Hasidim_0117	social:marital_relationship	direct	Khal-Hasidim_0117	direct: dropped from Sonnet candidate set (patched def)
Khal-Hasidim_0126	social:marital_relationship	propagated	Khal-Hasidim_0167	propagated: source Khal-Hasidim_0167 no longer confirmed
Khal-Hasidim_0154	social:marital_relationship	propagated	Khal-Hasidim_0167	propagated: source Khal-Hasidim_0167 no longer confirmed
Khal-Hasidim_0167	social:marital_relationship	direct	Khal-Hasidim_0167	direct: dropped from Sonnet candidate set (patched def)
Khal-Hasidim_0237	social:marital_relationship	propagated	Khal-Hasidim_0167	propagated: source Khal-Hasidim_0167 no longer confirmed
Maase-Zadikim_0001	social:marital_relationship	propagated	Khal-Hasidim_0017	propagated: source Khal-Hasidim_0017 no longer confirmed
Mifalot-HaZadikim_0006	social:marital_relationship	propagated	Khal-Hasidim_0167	propagated: source Khal-Hasidim_0167 no longer confirmed
Peer-MiKdoshim_0006	social:marital_relationship	propagated	Khal-Hasidim_0167	propagated: source Khal-Hasidim_0167 no longer confirmed
Peer-MiKdoshim_0010	social:marital_relationship	direct	Peer-MiKdoshim_0010	direct: dropped from Sonnet candidate set (patched def)
Peer-MiKdoshim_0016	social:marital_relationship	propagated	Peer-MiKdoshim_0010	propagated: source Peer-MiKdoshim_0010 no longer confirmed
Shivhei-Habesht_0001	social:marital_relationship	direct	Shivhei-Habesht_0001	direct: dropped from Sonnet candidate set (patched def)
Shivhei-Habesht_0071	social:marital_relationship	direct	Shivhei-Habesht_0071	direct: dropped from Sonnet candidate set (patched def)
Shivhei-Habesht_0086	social:marital_relationship	direct	Shivhei-Habesht_0086	direct: dropped from Sonnet candidate set (patched def)
Shivhei-Habesht_0172	social:marital_relationship	direct	Shivhei-Habesht_0172	direct: dropped from Sonnet candidate set (patched def)
Shivhei-Habesht_0198	social:marital_relationship	propagated	Khal-Hasidim_0117	propagated: source Khal-Hasidim_0117 no longer confirmed
Sipurei-Zadikim_0004	social:marital_relationship	direct	Sipurei-Zadikim_0004	direct: dropped from Sonnet candidate set (patched def)
Adat-Zadikim_0008	social:marriage	propagated	Khal-Hasidim_0001	propagated: source Khal-Hasidim_0001 no longer confirmed
Adat-Zadikim_0024	social:marriage	direct	Adat-Zadikim_0024	direct: dropped from Sonnet candidate set (patched def)
Khal-Hasidim_0001	social:marriage	direct	Khal-Hasidim_0001	direct: dropped from Sonnet candidate set (patched def)
Khal-Hasidim_0009	social:marriage	direct	Khal-Hasidim_0009	direct: dropped from Sonnet candidate set (patched def)
Khal-Hasidim_0036	social:marriage	propagated	Khal-Hasidim_0001	propagated: source Khal-Hasidim_0001 no longer confirmed
Khal-Hasidim_0115	social:marriage	propagated	Khal-Hasidim_0217	propagated: source Khal-Hasidim_0217 no longer confirmed
Khal-Hasidim_0174	social:marriage	propagated	Sipurei-Zadikim_0011	propagated: source Sipurei-Zadikim_0011 no longer confirmed
Khal-Hasidim_0178	social:marriage	propagated	Shivhei-Harav_0012	propagated: source Shivhei-Harav_0012 no longer confirmed
Khal-Hasidim_0210	social:marriage	direct	Khal-Hasidim_0210	direct: dropped from Sonnet candidate set (patched def)
Khal-Hasidim_0217	social:marriage	direct	Khal-Hasidim_0217	direct: dropped from Sonnet candidate set (patched def)
Khal-Hasidim_0218	social:marriage	propagated	Sipurei-Zadikim_0011	propagated: source Sipurei-Zadikim_0011 no longer confirmed
Khal-Hasidim_0254	social:marriage	direct	Khal-Hasidim_0254	direct: dropped from Sonnet candidate set (patched def)
Maase-Zadikim_0008	social:marriage	propagated	Khal-Hasidim_0001	propagated: source Khal-Hasidim_0001 no longer confirmed
Peer-MiKdoshim_0014	social:marriage	propagated	Khal-Hasidim_0217	propagated: source Khal-Hasidim_0217 no longer confirmed
Peer-MiKdoshim_0015	social:marriage	propagated	Khal-Hasidim_0217	propagated: source Khal-Hasidim_0217 no longer confirmed
Shivhei-Habesht_0001	social:marriage	direct	Shivhei-Habesht_0001	direct: dropped from Sonnet candidate set (patched def)
Shivhei-Habesht_0005B	social:marriage	propagated	Khal-Hasidim_0009	propagated: source Khal-Hasidim_0009 no longer confirmed
Shivhei-Habesht_0184	social:marriage	propagated	Khal-Hasidim_0001	propagated: source Khal-Hasidim_0001 no longer confirmed
Shivhei-Harav_0012	social:marriage	direct	Shivhei-Harav_0012	direct: dropped from Sonnet candidate set (patched def)
Shivhei-Harav_0014	social:marriage	propagated	Sipurei-Zadikim_0011	propagated: source Sipurei-Zadikim_0011 no longer confirmed
Shivhei-Harav_0019	social:marriage	propagated	Sipurei-Zadikim_0011	propagated: source Sipurei-Zadikim_0011 no longer confirmed
Sipurei-Zadikim_0001	social:marriage	propagated	Sipurei-Zadikim_0011	propagated: source Sipurei-Zadikim_0011 no longer confirmed
Sipurei-Zadikim_0010	social:marriage	direct	Sipurei-Zadikim_0010	direct: dropped from Sonnet candidate set (patched def)
Sipurei-Zadikim_0011	social:marriage	direct	Sipurei-Zadikim_0011	direct: dropped from Sonnet candidate set (patched def)
Adat-Zadikim_0004	social:poverty	propagated	Khal-Hasidim_0001	propagated: source Khal-Hasidim_0001 no longer confirmed
Adat-Zadikim_0006	social:poverty	propagated	Khal-Hasidim_0167	propagated: source Khal-Hasidim_0167 no longer confirmed
Adat-Zadikim_0007	social:poverty	direct	Adat-Zadikim_0007	direct: dropped from Sonnet candidate set (patched def)
Adat-Zadikim_0008	social:poverty	propagated	Khal-Hasidim_0001	propagated: source Khal-Hasidim_0001 no longer confirmed
Adat-Zadikim_0015	social:poverty	propagated	Khal-Hasidim_0126	propagated: source Khal-Hasidim_0126 no longer confirmed
Khal-Hasidim_0001	social:poverty	direct	Khal-Hasidim_0001	direct: dropped from Sonnet candidate set (patched def)
Khal-Hasidim_0036	social:poverty	propagated	Khal-Hasidim_0001	propagated: source Khal-Hasidim_0001 no longer confirmed
Khal-Hasidim_0050	social:poverty	direct	Khal-Hasidim_0050	direct: dropped from Sonnet candidate set (patched def)
Khal-Hasidim_0115	social:poverty	propagated	Khal-Hasidim_0126	propagated: source Khal-Hasidim_0126 no longer confirmed
Khal-Hasidim_0126	social:poverty	direct	Khal-Hasidim_0126	direct: dropped from Sonnet candidate set (patched def)
Khal-Hasidim_0154	social:poverty	propagated	Khal-Hasidim_0167	propagated: source Khal-Hasidim_0167 no longer confirmed
Khal-Hasidim_0158	social:poverty	direct	Khal-Hasidim_0158	direct: dropped from Sonnet candidate set (patched def)
Khal-Hasidim_0167	social:poverty	direct	Khal-Hasidim_0167	direct: dropped from Sonnet candidate set (patched def)
Khal-Hasidim_0217	social:poverty	propagated	Khal-Hasidim_0126	propagated: source Khal-Hasidim_0126 no longer confirmed
Khal-Hasidim_0237	social:poverty	propagated	Khal-Hasidim_0126	propagated: source Khal-Hasidim_0126 no longer confirmed
Khal-Hasidim_0243	social:poverty	direct	Khal-Hasidim_0243	direct: dropped from Sonnet candidate set (patched def)
Maase-Zadikim_0008	social:poverty	propagated	Khal-Hasidim_0001	propagated: source Khal-Hasidim_0001 no longer confirmed
Maase-Zadikim_0018	social:poverty	direct	Maase-Zadikim_0018	direct: dropped from Sonnet candidate set (patched def)
Peer-MiKdoshim_0001	social:poverty	direct	Peer-MiKdoshim_0001	direct: dropped from Sonnet candidate set (patched def)
Peer-MiKdoshim_0005	social:poverty	propagated	Khal-Hasidim_0126	propagated: source Khal-Hasidim_0126 no longer confirmed
Peer-MiKdoshim_0006	social:poverty	propagated	Khal-Hasidim_0126	propagated: source Khal-Hasidim_0126 no longer confirmed
Peer-MiKdoshim_0009	social:poverty	direct	Peer-MiKdoshim_0009	direct: dropped from Sonnet candidate set (patched def)
Peer-MiKdoshim_0010	social:poverty	propagated	Peer-MiKdoshim_0009	propagated: source Peer-MiKdoshim_0009 no longer confirmed
Peer-MiKdoshim_0015	social:poverty	propagated	Khal-Hasidim_0126	propagated: source Khal-Hasidim_0126 no longer confirmed
Shivhei-Habesht_0001	social:poverty	direct	Shivhei-Habesht_0001	direct: dropped from Sonnet candidate set (patched def)
Shivhei-Habesht_0005B	social:poverty	direct	Shivhei-Habesht_0005B	direct: dropped from Sonnet candidate set (patched def)
Shivhei-Habesht_0060	social:poverty	direct	Shivhei-Habesht_0060	direct: dropped from Sonnet candidate set (patched def)
Shivhei-Habesht_0184	social:poverty	propagated	Khal-Hasidim_0001	propagated: source Khal-Hasidim_0001 no longer confirmed
Sipurei-Zadikim_0004	social:poverty	direct	Sipurei-Zadikim_0004	direct: dropped from Sonnet candidate set (patched def)
Adat-Zadikim_0003	social:relations_with_non_hasidim	propagated	Khal-Hasidim_0002	propagated: source Khal-Hasidim_0002 no longer confirmed
Adat-Zadikim_0004	social:relations_with_non_hasidim	propagated	Khal-Hasidim_0002	propagated: source Khal-Hasidim_0002 no longer confirmed
Adat-Zadikim_0008	social:relations_with_non_hasidim	propagated	Khal-Hasidim_0002	propagated: source Khal-Hasidim_0002 no longer confirmed
Adat-Zadikim_0013	social:relations_with_non_hasidim	propagated	Khal-Hasidim_0002	propagated: source Khal-Hasidim_0002 no longer confirmed
Adat-Zadikim_0014	social:relations_with_non_hasidim	propagated	Khal-Hasidim_0002	propagated: source Khal-Hasidim_0002 no longer confirmed
Adat-Zadikim_0015	social:relations_with_non_hasidim	propagated	Khal-Hasidim_0002	propagated: source Khal-Hasidim_0002 no longer confirmed
Adat-Zadikim_0023	social:relations_with_non_hasidim	propagated	Khal-Hasidim_0002	propagated: source Khal-Hasidim_0002 no longer confirmed
Khal-Hasidim_0001	social:relations_with_non_hasidim	propagated	Khal-Hasidim_0002	propagated: source Khal-Hasidim_0002 no longer confirmed
Khal-Hasidim_0002	social:relations_with_non_hasidim	direct	Khal-Hasidim_0002	direct: dropped from Sonnet candidate set (patched def)
Khal-Hasidim_0004	social:relations_with_non_hasidim	propagated	Khal-Hasidim_0002	propagated: source Khal-Hasidim_0002 no longer confirmed
Khal-Hasidim_0009	social:relations_with_non_hasidim	direct	Khal-Hasidim_0009	direct: dropped from Sonnet candidate set (patched def)
Khal-Hasidim_0036	social:relations_with_non_hasidim	propagated	Khal-Hasidim_0002	propagated: source Khal-Hasidim_0002 no longer confirmed
Khal-Hasidim_0115	social:relations_with_non_hasidim	propagated	Khal-Hasidim_0002	propagated: source Khal-Hasidim_0002 no longer confirmed
Khal-Hasidim_0117	social:relations_with_non_hasidim	propagated	Khal-Hasidim_0002	propagated: source Khal-Hasidim_0002 no longer confirmed
Khal-Hasidim_0120	social:relations_with_non_hasidim	propagated	Shivhei-Habesht_0199	propagated: source Shivhei-Habesht_0199 no longer confirmed
Khal-Hasidim_0126	social:relations_with_non_hasidim	propagated	Khal-Hasidim_0002	propagated: source Khal-Hasidim_0002 no longer confirmed
Khal-Hasidim_0138	social:relations_with_non_hasidim	propagated	Khal-Hasidim_0002	propagated: source Khal-Hasidim_0002 no longer confirmed
Khal-Hasidim_0170	social:relations_with_non_hasidim	propagated	Khal-Hasidim_0002	propagated: source Khal-Hasidim_0002 no longer confirmed
Khal-Hasidim_0191	social:relations_with_non_hasidim	direct	Khal-Hasidim_0191	direct: dropped from Sonnet candidate set (patched def)
Khal-Hasidim_0222	social:relations_with_non_hasidim	direct	Khal-Hasidim_0222	direct: dropped from Sonnet candidate set (patched def)
Khal-Hasidim_0242	social:relations_with_non_hasidim	propagated	Khal-Hasidim_0002	propagated: source Khal-Hasidim_0002 no longer confirmed
Khal-Hasidim_0253	social:relations_with_non_hasidim	propagated	Khal-Hasidim_0002	propagated: source Khal-Hasidim_0002 no longer confirmed
Maase-Zadikim_0006	social:relations_with_non_hasidim	direct	Maase-Zadikim_0006	direct: dropped from Sonnet candidate set (patched def)
Maase-Zadikim_0015	social:relations_with_non_hasidim	direct	Maase-Zadikim_0015	direct: dropped from Sonnet candidate set (patched def)
Mifalot-HaZadikim_0001	social:relations_with_non_hasidim	propagated	Khal-Hasidim_0002	propagated: source Khal-Hasidim_0002 no longer confirmed
Mifalot-HaZadikim_0006	social:relations_with_non_hasidim	propagated	Khal-Hasidim_0002	propagated: source Khal-Hasidim_0002 no longer confirmed
Mifalot-HaZadikim_0027	social:relations_with_non_hasidim	propagated	Khal-Hasidim_0002	propagated: source Khal-Hasidim_0002 no longer confirmed
Peer-MiKdoshim_0001	social:relations_with_non_hasidim	propagated	Shivhei-Habesht_0002	propagated: source Shivhei-Habesht_0002 no longer confirmed
Peer-MiKdoshim_0006	social:relations_with_non_hasidim	propagated	Khal-Hasidim_0002	propagated: source Khal-Hasidim_0002 no longer confirmed
Peer-MiKdoshim_0009	social:relations_with_non_hasidim	propagated	Khal-Hasidim_0002	propagated: source Khal-Hasidim_0002 no longer confirmed
Shivhei-Habesht_0001	social:relations_with_non_hasidim	propagated	Khal-Hasidim_0002	propagated: source Khal-Hasidim_0002 no longer confirmed
Shivhei-Habesht_0002	social:relations_with_non_hasidim	direct	Shivhei-Habesht_0002	direct: dropped from Sonnet candidate set (patched def)
Shivhei-Habesht_0004	social:relations_with_non_hasidim	propagated	Khal-Hasidim_0002	propagated: source Khal-Hasidim_0002 no longer confirmed
Shivhei-Habesht_0005B	social:relations_with_non_hasidim	propagated	Khal-Hasidim_0009	propagated: source Khal-Hasidim_0009 no longer confirmed
Shivhei-Habesht_0043	social:relations_with_non_hasidim	propagated	Khal-Hasidim_0002	propagated: source Khal-Hasidim_0002 no longer confirmed
Shivhei-Habesht_0199	social:relations_with_non_hasidim	direct	Shivhei-Habesht_0199	direct: dropped from Sonnet candidate set (patched def)
Shivhei-Harav_0019	social:relations_with_non_hasidim	propagated	Khal-Hasidim_0002	propagated: source Khal-Hasidim_0002 no longer confirmed
Adat-Zadikim_0003	social:relations_with_non_jews	propagated	Khal-Hasidim_0012	propagated: source Khal-Hasidim_0012 no longer confirmed
Adat-Zadikim_0004	social:relations_with_non_jews	direct	Adat-Zadikim_0004	direct: dropped from Sonnet candidate set (patched def)
Khal-Hasidim_0001	social:relations_with_non_jews	direct	Khal-Hasidim_0001	direct: dropped from Sonnet candidate set (patched def)
Khal-Hasidim_0012	social:relations_with_non_jews	direct	Khal-Hasidim_0012	direct: dropped from Sonnet candidate set (patched def)
Khal-Hasidim_0023	social:relations_with_non_jews	propagated	Adat-Zadikim_0004	propagated: source Adat-Zadikim_0004 no longer confirmed
Khal-Hasidim_0052	social:relations_with_non_jews	propagated	Shivhei-Habesht_0062	propagated: source Shivhei-Habesht_0062 no longer confirmed
Khal-Hasidim_0075	social:relations_with_non_jews	direct	Khal-Hasidim_0075	direct: dropped from Sonnet candidate set (patched def)
Khal-Hasidim_0162	social:relations_with_non_jews	propagated	Sipurei-Zadikim_0001	propagated: source Sipurei-Zadikim_0001 no longer confirmed
Khal-Hasidim_0177	social:relations_with_non_jews	direct	Khal-Hasidim_0177	direct: dropped from Sonnet candidate set (patched def)
Khal-Hasidim_0185	social:relations_with_non_jews	direct	Khal-Hasidim_0185	direct: dropped from Sonnet candidate set (patched def)
Maase-Zadikim_0008	social:relations_with_non_jews	propagated	Khal-Hasidim_0001	propagated: source Khal-Hasidim_0001 no longer confirmed
Mifalot-HaZadikim_0006	social:relations_with_non_jews	propagated	Khal-Hasidim_0001	propagated: source Khal-Hasidim_0001 no longer confirmed
Mifalot-HaZadikim_0027	social:relations_with_non_jews	propagated	Adat-Zadikim_0004	propagated: source Adat-Zadikim_0004 no longer confirmed
Shivhei-Habesht_0001	social:relations_with_non_jews	propagated	Khal-Hasidim_0001	propagated: source Khal-Hasidim_0001 no longer confirmed
Shivhei-Habesht_0005B	social:relations_with_non_jews	direct	Shivhei-Habesht_0005B	direct: dropped from Sonnet candidate set (patched def)
Shivhei-Habesht_0062	social:relations_with_non_jews	direct	Shivhei-Habesht_0062	direct: dropped from Sonnet candidate set (patched def)
Shivhei-Habesht_0086	social:relations_with_non_jews	direct	Shivhei-Habesht_0086	direct: dropped from Sonnet candidate set (patched def)
Shivhei-Habesht_0171	social:relations_with_non_jews	direct	Shivhei-Habesht_0171	direct: dropped from Sonnet candidate set (patched def)
Shivhei-Harav_0011	social:relations_with_non_jews	propagated	Khal-Hasidim_0177	propagated: source Khal-Hasidim_0177 no longer confirmed
Shivhei-Harav_0016	social:relations_with_non_jews	propagated	Khal-Hasidim_0185	propagated: source Khal-Hasidim_0185 no longer confirmed
Sipurei-Zadikim_0001	social:relations_with_non_jews	direct	Sipurei-Zadikim_0001	direct: dropped from Sonnet candidate set (patched def)
Sipurei-Zadikim_0011	social:relations_with_non_jews	propagated	Sipurei-Zadikim_0001	propagated: source Sipurei-Zadikim_0001 no longer confirmed
Adat-Zadikim_0004	social:relations_with_sinners	propagated	Shivhei-Habesht_0198	propagated: source Shivhei-Habesht_0198 no longer confirmed
Adat-Zadikim_0016	social:relations_with_sinners	propagated	Khal-Hasidim_0173	propagated: source Khal-Hasidim_0173 no longer confirmed
Khal-Hasidim_0009	social:relations_with_sinners	propagated	Shivhei-Habesht_0005B	propagated: source Shivhei-Habesht_0005B no longer confirmed
Khal-Hasidim_0035	social:relations_with_sinners	propagated	Shivhei-Habesht_0035	propagated: source Shivhei-Habesht_0035 no longer confirmed
Khal-Hasidim_0117	social:relations_with_sinners	propagated	Shivhei-Habesht_0198	propagated: source Shivhei-Habesht_0198 no longer confirmed
Khal-Hasidim_0173	social:relations_with_sinners	direct	Khal-Hasidim_0173	direct: dropped from Sonnet candidate set (patched def)
Khal-Hasidim_0202	social:relations_with_sinners	direct	Khal-Hasidim_0202	direct: dropped from Sonnet candidate set (patched def)
Khal-Hasidim_0239	social:relations_with_sinners	direct	Khal-Hasidim_0239	direct: dropped from Sonnet candidate set (patched def)
Maase-Zadikim_0016	social:relations_with_sinners	direct	Maase-Zadikim_0016	direct: dropped from Sonnet candidate set (patched def)
Peer-MiKdoshim_0007	social:relations_with_sinners	direct	Peer-MiKdoshim_0007	direct: dropped from Sonnet candidate set (patched def)
Shivhei-Habesht_0005B	social:relations_with_sinners	direct	Shivhei-Habesht_0005B	direct: dropped from Sonnet candidate set (patched def)
Shivhei-Habesht_0035	social:relations_with_sinners	direct	Shivhei-Habesht_0035	direct: dropped from Sonnet candidate set (patched def)
Shivhei-Habesht_0193	social:relations_with_sinners	direct	Shivhei-Habesht_0193	direct: dropped from Sonnet candidate set (patched def)
Shivhei-Habesht_0198	social:relations_with_sinners	direct	Shivhei-Habesht_0198	direct: dropped from Sonnet candidate set (patched def)
Adat-Zadikim_0004	social:relations_with_the_authorities	propagated	Khal-Hasidim_0001	propagated: source Khal-Hasidim_0001 no longer confirmed
Adat-Zadikim_0008	social:relations_with_the_authorities	propagated	Khal-Hasidim_0001	propagated: source Khal-Hasidim_0001 no longer confirmed
Adat-Zadikim_0015	social:relations_with_the_authorities	propagated	Khal-Hasidim_0217	propagated: source Khal-Hasidim_0217 no longer confirmed
Adat-Zadikim_0017	social:relations_with_the_authorities	propagated	Khal-Hasidim_0146	propagated: source Khal-Hasidim_0146 no longer confirmed
Khal-Hasidim_0001	social:relations_with_the_authorities	direct	Khal-Hasidim_0001	direct: dropped from Sonnet candidate set (patched def)
Khal-Hasidim_0036	social:relations_with_the_authorities	propagated	Khal-Hasidim_0001	propagated: source Khal-Hasidim_0001 no longer confirmed
Khal-Hasidim_0082	social:relations_with_the_authorities	direct	Khal-Hasidim_0082	direct: dropped from Sonnet candidate set (patched def)
Khal-Hasidim_0113	social:relations_with_the_authorities	propagated	Shivhei-Habesht_0195	propagated: source Shivhei-Habesht_0195 no longer confirmed
Khal-Hasidim_0115	social:relations_with_the_authorities	propagated	Khal-Hasidim_0217	propagated: source Khal-Hasidim_0217 no longer confirmed
Khal-Hasidim_0126	social:relations_with_the_authorities	propagated	Khal-Hasidim_0217	propagated: source Khal-Hasidim_0217 no longer confirmed
Khal-Hasidim_0146	social:relations_with_the_authorities	direct	Khal-Hasidim_0146	direct: dropped from Sonnet candidate set (patched def)
Khal-Hasidim_0170	social:relations_with_the_authorities	direct	Khal-Hasidim_0170	direct: dropped from Sonnet candidate set (patched def)
Khal-Hasidim_0177	social:relations_with_the_authorities	direct	Khal-Hasidim_0177	direct: dropped from Sonnet candidate set (patched def)
Khal-Hasidim_0185	social:relations_with_the_authorities	direct	Khal-Hasidim_0185	direct: dropped from Sonnet candidate set (patched def)
Khal-Hasidim_0202	social:relations_with_the_authorities	direct	Khal-Hasidim_0202	direct: dropped from Sonnet candidate set (patched def)
Khal-Hasidim_0217	social:relations_with_the_authorities	direct	Khal-Hasidim_0217	direct: dropped from Sonnet candidate set (patched def)
Maase-Zadikim_0006	social:relations_with_the_authorities	propagated	Khal-Hasidim_0170	propagated: source Khal-Hasidim_0170 no longer confirmed
Maase-Zadikim_0008	social:relations_with_the_authorities	propagated	Khal-Hasidim_0001	propagated: source Khal-Hasidim_0001 no longer confirmed
Maase-Zadikim_0016	social:relations_with_the_authorities	propagated	Khal-Hasidim_0202	propagated: source Khal-Hasidim_0202 no longer confirmed
Mifalot-HaZadikim_0006	social:relations_with_the_authorities	propagated	Khal-Hasidim_0001	propagated: source Khal-Hasidim_0001 no longer confirmed
Peer-MiKdoshim_0006	social:relations_with_the_authorities	propagated	Khal-Hasidim_0217	propagated: source Khal-Hasidim_0217 no longer confirmed
Peer-MiKdoshim_0014	social:relations_with_the_authorities	propagated	Khal-Hasidim_0217	propagated: source Khal-Hasidim_0217 no longer confirmed
Peer-MiKdoshim_0015	social:relations_with_the_authorities	propagated	Khal-Hasidim_0217	propagated: source Khal-Hasidim_0217 no longer confirmed
Shivhei-Habesht_0001	social:relations_with_the_authorities	propagated	Khal-Hasidim_0001	propagated: source Khal-Hasidim_0001 no longer confirmed
Shivhei-Habesht_0097	social:relations_with_the_authorities	propagated	Khal-Hasidim_0082	propagated: source Khal-Hasidim_0082 no longer confirmed
Shivhei-Habesht_0184	social:relations_with_the_authorities	propagated	Khal-Hasidim_0001	propagated: source Khal-Hasidim_0001 no longer confirmed
Shivhei-Habesht_0195	social:relations_with_the_authorities	direct	Shivhei-Habesht_0195	direct: dropped from Sonnet candidate set (patched def)
Shivhei-Harav_0016	social:relations_with_the_authorities	propagated	Khal-Hasidim_0185	propagated: source Khal-Hasidim_0185 no longer confirmed
Adat-Zadikim_0001	social:retrospective_recognition	propagated	Mifalot-HaZadikim_0027	propagated: source Mifalot-HaZadikim_0027 no longer confirmed
Adat-Zadikim_0003	social:retrospective_recognition	propagated	Adat-Zadikim_0008	propagated: source Adat-Zadikim_0008 no longer confirmed
Adat-Zadikim_0004	social:retrospective_recognition	propagated	Adat-Zadikim_0008	propagated: source Adat-Zadikim_0008 no longer confirmed
Adat-Zadikim_0006	social:retrospective_recognition	propagated	Khal-Hasidim_0167	propagated: source Khal-Hasidim_0167 no longer confirmed
Adat-Zadikim_0008	social:retrospective_recognition	direct	Adat-Zadikim_0008	direct: dropped from Sonnet candidate set (patched def)
Adat-Zadikim_0009	social:retrospective_recognition	direct	Adat-Zadikim_0009	direct: dropped from Sonnet candidate set (patched def)
Adat-Zadikim_0015	social:retrospective_recognition	propagated	Khal-Hasidim_0167	propagated: source Khal-Hasidim_0167 no longer confirmed
Adat-Zadikim_0016	social:retrospective_recognition	propagated	Khal-Hasidim_0173	propagated: source Khal-Hasidim_0173 no longer confirmed
Adat-Zadikim_0023	social:retrospective_recognition	direct	Adat-Zadikim_0023	direct: dropped from Sonnet candidate set (patched def)
Khal-Hasidim_0001	social:retrospective_recognition	propagated	Adat-Zadikim_0008	propagated: source Adat-Zadikim_0008 no longer confirmed
Khal-Hasidim_0002	social:retrospective_recognition	propagated	Adat-Zadikim_0008	propagated: source Adat-Zadikim_0008 no longer confirmed
Khal-Hasidim_0009	social:retrospective_recognition	direct	Khal-Hasidim_0009	direct: dropped from Sonnet candidate set (patched def)
Khal-Hasidim_0013	social:retrospective_recognition	propagated	Adat-Zadikim_0008	propagated: source Adat-Zadikim_0008 no longer confirmed
Khal-Hasidim_0022	social:retrospective_recognition	propagated	Shivhei-Habesht_0013	propagated: source Shivhei-Habesht_0013 no longer confirmed
Khal-Hasidim_0036	social:retrospective_recognition	direct	Khal-Hasidim_0036	direct: dropped from Sonnet candidate set (patched def)
Khal-Hasidim_0045	social:retrospective_recognition	propagated	Adat-Zadikim_0009	propagated: source Adat-Zadikim_0009 no longer confirmed
Khal-Hasidim_0081	social:retrospective_recognition	propagated	Mifalot-HaZadikim_0027	propagated: source Mifalot-HaZadikim_0027 no longer confirmed
Khal-Hasidim_0082	social:retrospective_recognition	direct	Khal-Hasidim_0082	direct: dropped from Sonnet candidate set (patched def)
Khal-Hasidim_0115	social:retrospective_recognition	propagated	Adat-Zadikim_0008	propagated: source Adat-Zadikim_0008 no longer confirmed
Khal-Hasidim_0126	social:retrospective_recognition	propagated	Khal-Hasidim_0167	propagated: source Khal-Hasidim_0167 no longer confirmed
Khal-Hasidim_0154	social:retrospective_recognition	propagated	Khal-Hasidim_0167	propagated: source Khal-Hasidim_0167 no longer confirmed
Khal-Hasidim_0167	social:retrospective_recognition	direct	Khal-Hasidim_0167	direct: dropped from Sonnet candidate set (patched def)
Khal-Hasidim_0169	social:retrospective_recognition	propagated	Sipurei-Zadikim_0006	propagated: source Sipurei-Zadikim_0006 no longer confirmed
Khal-Hasidim_0170	social:retrospective_recognition	direct	Khal-Hasidim_0170	direct: dropped from Sonnet candidate set (patched def)
Khal-Hasidim_0173	social:retrospective_recognition	direct	Khal-Hasidim_0173	direct: dropped from Sonnet candidate set (patched def)
Khal-Hasidim_0193	social:retrospective_recognition	propagated	Adat-Zadikim_0008	propagated: source Adat-Zadikim_0008 no longer confirmed
Khal-Hasidim_0209	social:retrospective_recognition	direct	Khal-Hasidim_0209	direct: dropped from Sonnet candidate set (patched def)
Khal-Hasidim_0217	social:retrospective_recognition	propagated	Mifalot-HaZadikim_0006	propagated: source Mifalot-HaZadikim_0006 no longer confirmed
Khal-Hasidim_0218	social:retrospective_recognition	direct	Khal-Hasidim_0218	direct: dropped from Sonnet candidate set (patched def)
Khal-Hasidim_0222	social:retrospective_recognition	propagated	Mifalot-HaZadikim_0006	propagated: source Mifalot-HaZadikim_0006 no longer confirmed
Khal-Hasidim_0237	social:retrospective_recognition	propagated	Khal-Hasidim_0167	propagated: source Khal-Hasidim_0167 no longer confirmed
Khal-Hasidim_0253	social:retrospective_recognition	direct	Khal-Hasidim_0253	direct: dropped from Sonnet candidate set (patched def)
Maase-Zadikim_0005	social:retrospective_recognition	propagated	Adat-Zadikim_0008	propagated: source Adat-Zadikim_0008 no longer confirmed
Maase-Zadikim_0006	social:retrospective_recognition	direct	Maase-Zadikim_0006	direct: dropped from Sonnet candidate set (patched def)
Maase-Zadikim_0015	social:retrospective_recognition	propagated	Mifalot-HaZadikim_0006	propagated: source Mifalot-HaZadikim_0006 no longer confirmed
Mifalot-HaZadikim_0006	social:retrospective_recognition	direct	Mifalot-HaZadikim_0006	direct: dropped from Sonnet candidate set (patched def)
Mifalot-HaZadikim_0027	social:retrospective_recognition	direct	Mifalot-HaZadikim_0027	direct: dropped from Sonnet candidate set (patched def)
Peer-MiKdoshim_0001	social:retrospective_recognition	direct	Peer-MiKdoshim_0001	direct: dropped from Sonnet candidate set (patched def)
Peer-MiKdoshim_0005	social:retrospective_recognition	propagated	Mifalot-HaZadikim_0006	propagated: source Mifalot-HaZadikim_0006 no longer confirmed
Peer-MiKdoshim_0006	social:retrospective_recognition	propagated	Khal-Hasidim_0167	propagated: source Khal-Hasidim_0167 no longer confirmed
Peer-MiKdoshim_0009	social:retrospective_recognition	propagated	Mifalot-HaZadikim_0006	propagated: source Mifalot-HaZadikim_0006 no longer confirmed
Peer-MiKdoshim_0015	social:retrospective_recognition	propagated	Mifalot-HaZadikim_0006	propagated: source Mifalot-HaZadikim_0006 no longer confirmed
Peer-MiKdoshim_0016	social:retrospective_recognition	propagated	Mifalot-HaZadikim_0006	propagated: source Mifalot-HaZadikim_0006 no longer confirmed
Shivhei-Habesht_0001	social:retrospective_recognition	propagated	Mifalot-HaZadikim_0006	propagated: source Mifalot-HaZadikim_0006 no longer confirmed
Shivhei-Habesht_0002	social:retrospective_recognition	propagated	Adat-Zadikim_0008	propagated: source Adat-Zadikim_0008 no longer confirmed
Shivhei-Habesht_0005B	social:retrospective_recognition	propagated	Khal-Hasidim_0009	propagated: source Khal-Hasidim_0009 no longer confirmed
Shivhei-Habesht_0013	social:retrospective_recognition	direct	Shivhei-Habesht_0013	direct: dropped from Sonnet candidate set (patched def)
Shivhei-Habesht_0043	social:retrospective_recognition	propagated	Mifalot-HaZadikim_0006	propagated: source Mifalot-HaZadikim_0006 no longer confirmed
Shivhei-Habesht_0096A	social:retrospective_recognition	direct	Shivhei-Habesht_0096A	direct: dropped from Sonnet candidate set (patched def)
Shivhei-Habesht_0097	social:retrospective_recognition	propagated	Khal-Hasidim_0082	propagated: source Khal-Hasidim_0082 no longer confirmed
Sipurei-Zadikim_0001	social:retrospective_recognition	direct	Sipurei-Zadikim_0001	direct: dropped from Sonnet candidate set (patched def)
Sipurei-Zadikim_0004	social:retrospective_recognition	direct	Sipurei-Zadikim_0004	direct: dropped from Sonnet candidate set (patched def)
Sipurei-Zadikim_0006	social:retrospective_recognition	direct	Sipurei-Zadikim_0006	direct: dropped from Sonnet candidate set (patched def)
Sipurei-Zadikim_0009	social:retrospective_recognition	propagated	Khal-Hasidim_0209	propagated: source Khal-Hasidim_0209 no longer confirmed
Sipurei-Zadikim_0011	social:retrospective_recognition	direct	Sipurei-Zadikim_0011	direct: dropped from Sonnet candidate set (patched def)
Sipurei-Zadikim_0013	social:retrospective_recognition	direct	Sipurei-Zadikim_0013	direct: dropped from Sonnet candidate set (patched def)
Khal-Hasidim_0248	spaces:beth_midrash	direct	Khal-Hasidim_0248	direct: dropped from Sonnet candidate set (patched def)
Maase-Zadikim_0034	spaces:beth_midrash	propagated	Khal-Hasidim_0248	propagated: source Khal-Hasidim_0248 no longer confirmed
Shivhei-Habesht_0009	spaces:beth_midrash	direct	Shivhei-Habesht_0009	direct: dropped from Sonnet candidate set (patched def)
Shivhei-Habesht_0060	supernatural:communicating_with_the_invisible	direct	Shivhei-Habesht_0060	direct: Opus rejected under patched def
