Id	add attestation type 7 (edition published in)	add attestation type 8 (edition published on)	add attestation type 13 (Language)	Title	Sub Title	Title Genre	Analytic Genre	Edition Type	Note	Project	Publication Place	Publication Date	Editor(s)	Person(s) mentioned	Places(s) mentioned	Work(s) mentioned	Primary Language	Occasional Language(s)	Second Language	Printer(s)	Publisher(s)	Alternative name	External Source Id	Author Entity ID NLI	DiJeSt Author ID	dijest:kimaID	WD publication place	External Source	Edition Parts	Edition Parts this is the Source of
3740	697	1906	1	אהבת שלום תנינא	"מכ""ק [מאת כבוד קדושת] אבי זקני הרב ... מנחם מענדיל זצ""ל מקאסיב, בנו של ... ר' יעקב קאפיל חסיד זצ""ל. תורת חיים תנינא, מכ""ק דודי זקני הרב ... חיים זצ""ל מקאסוב, בנו של ... ר' מנחם מענדיל זצ""ל הנזכר. ובשניהם שני חלקים, ח""א על פרשיות התורה, וח""ב על מועדי ה' ... העתקתי ... מכתב יד ... וכן כמה מאמרים קדושים ... גם ספחתי שני קונטרסים משני מאורות גדולים ... דברי אלימלך, מהה""ק [מהרב הקדוש] ... רבי אלימלך זללה""ה מליזענסק. דברי שלום, מהה""ק ... ר' שלום רוקח זללה""ה מבעלז. ובסופו קונטרס הנקרא השלמה לס' תורת הרמ""ל השלם, שהוצאתי לאור [בשנת] תרס""ג [בסיגעט] ... [מאת] אבי זקיני ... ר' משה ליב זללה""ה מסאסוב. כולל אמרים נעימים ... משובצים בספורים ... משה בן הינדא [בערגער] ... סטאניסלאב."			Print	טקסט על המעטפת השמאלית (דף כו).	Hassidic Stories													318386	181247	573	99	Q334874	Bibliography of the Hebrew Book	אהבת שלום תנינא	
3773	578	1911	1	אהל אברהם	"כולל לקוטי ח""ת [חידושי תורה], ושיחות... עם סיפורים... והנהגות טובות... ותולדות... רבינו אברהם אביש זצ""ל אב""ד ... פראנקפורט דמיין... רצוף מכתב א' אשר שלח... ר' חיים מצאנז אל הבאראן ראטשילד. אספתי... אברהם חיים שמחה בונם מיכלזאהן... בן... ר' צבי יחזקאל ..."			Print		Hassidic Stories													147813	373533	571	250	Q158004	Bibliography of the Hebrew Book	אהל אברהם	
3762	609	1910	1	אהל אלימלך	"... חידושי תורה ושיחות... עם סיפורים... והנהגות... מקובצים... מאת... ר' אלימלך... מליזענסק... ודרך אגב... כמה ענינים וסיפורים מהגאונים... ר' שמעלקא הלוי איש הורוויץ אב""ד ניקלשבורג... ר' נפתלי צבי אבד""ק ראפשיץ... ר' שלום רוקח אבד""ק בעלזא ושאר צדיקים... אספתי... אברהם חיים שמחה בונם בן... ר' צבי יחזקאל שליט""א מיכלזאהן אבד""ק פלונסק..."			Print	יש טפסים שחסר בהם מקום הדפוס והמוציא לאור הוא ר' יצחק צינגער מעיר ראווע-ראסקא.	Hassidic Stories													147815	43166	587	424	Q208473	Bibliography of the Hebrew Book	אהל אלימלך	
3794	578	1913	1	אהל הרבי	"כולל שלשה ספרים ... א. אור התורה על סדר פרשיות התורה ... ב. אור החכמה לקוטים ... ג. אור הנפלאות סיפורים ... ממקורים נאמנים ... כל אלה מאת ... ר' יעקב יצחק הלוי הורוויץ זצלה""ה ... הרבי מלובלין. כל אלה העתקתי וסדרתי ... משה מנחם מענדל בהר""ר ... אהרן זצ""ל ... וואלדען מווארשא ... ובסוף הספר נדפס הספד מר על פטירת מר אבי ... מאת הה""ג (משה נחום ירושלימסקי) ... שליט""א מקיעלץ ..."			Print	"בסוף הספר, עמ' 42-50: מכתבי תנחומין לר' משה מנחם מענדל וואלדען, מאת ר' אברהם סג""ל איטינגא ור' יוסף לעווענשטיין."	Hassidic Stories													130144	381025	593	250	Q158004	Bibliography of the Hebrew Book	אהל הרבי	
3797	578	1914	1	אהל יצחק	"כולל ספורים ... והנהגת ... וחדושי תורה ... מאת ... הר' (ישראל) יצחק [קאליש] זצלה""ה אדמו""ר הזקן מווארקי ... העתקתי וסדרתי מהרבה ספרים ... ואשר כתבו אלי גאוני ... דורנו ... משה מנחם בהרב ... אהרן וואלדען ..."			Print	רובו של הספר איגרות אל המאסף מאת ר' צבי יחזקאל מיכלזאהן, ר' יוסף לעוונשטיין ואחרים.	Hassidic Stories													130142	381025	593	250	Q158004	Bibliography of the Hebrew Book	אהל יצחק	
3771	9	1910	1	אהל נפתלי	"כולל לקוטי ח""ת [חידושי תורה]. ושיחות... סיפורים... והנהגות טובות... ממקורים נאמנים... מאת ש""ב [שאר בשרי] הרב... ר' נפתלי צבי הורוויץ זצ""ל אבד""ק ראפשיץ... ונלוה לזה ספר זכרון יצחק, תולדות וקורות חיי זקינו... מו""ה יצחק הלוי איש הורוויץ אבד""ק אה""ו <הנקרא ר' יצחק-יל המבורגער> ואבותיו ויו""ח [ויוצאי חלציו]... אספתי... הצעיר אברהם חיים שמחה בונם מיכלזאהן... בן... ר' צבי יחזקאל שליט""א אבד""ק פלונסק והגליל..."			Print	ראינו טופס שממנו נשמטו מקום הדפוס, שם המדפיס ושנת הדפוס שמעבר לשער.	Hassidic Stories													147817	373533	571	166	Q36036	Bibliography of the Hebrew Book	אהל נפתלי	
3772	82	1911	1	אהל נפתלי				Print		Hassidic Stories													147818	373533	571	953	Q270	Bibliography of the Hebrew Book	אהל נפתלי	
4121				אהלי צדיק				Print		Hassidic Stories																		None	אהלי צדיק	
3743	578	1908	1	אילנא דחיי	"... אמרות... אשר יצאו... מפי... ר' מנחם מענדיל זצ""ל מרימנאוו... הובא לביה""ד ע""י... מו""ה יוסף ש""ץ נ""י מוכר ספרים מטאמאשאוו... (חלק [א]-ב)."			Print	עמ' 28-35: שאלות ותשובות.	Hassidic Stories													300692	91957		250	Q158004	Bibliography of the Hebrew Book	אילנא דחיי	
3756	9	1909	1	אם לבינה	"מכיל בקרבו, א. בית מנחם, תולדות... הרבי ר' מנחם מענדל זצוקללה""ה מרומאנוב... שיחותיו... ומתלמידיו... ב. תפארת מנחם, קונטרס בפלפול וסברא, להצדיק... שלא יהיו דברי רבנו מופרכים מן הגמרא, ג. ראש אמנה, מאמר ע""ד [על דבר] האגדות שבש""ס ומדרשים, מסיפורי נסים... אשר חברתי... יקותיאל ארי' קאמעלהאר, כעת ר""מ דפה""ק סטאניסלאב. המוציאים לאור ר' אליעזר שענקעל... ר' שמעון ראבי... Tarnow ..."			Print		Hassidic Stories													161476	1435231	584	166	Q36036	Bibliography of the Hebrew Book	אם לבינה	
3700	82	1900	1	אמונת צדיקים	"... כולל שני מאות סיפורים ... אשר סיפרו ארבעה ... אנשי השם ... הראשון ... ר' יצחק אייזיק [ספרין] ... מקאמרני ... השני ... ר' יצחק [ב""ר מרדכי] זצלה""ה הרב מנעסחיז ... השלישי ... מו""ה משולם נתן מרגליות זצלה""ה ראבד""ק בארדיטשוב. מה ששמע מאביו ... ר' שמואל מרגליות זצלה""ה אבד""ק זאליטשיק שישב ... בבית רבינו הבעש""ט ... וסיפר לו ... מה שראו עיניו. ובנו ... מו""ה יעקב מרגליות ז""ל הראבד""ק בארדיטשוב בספרו קבוצת יעקב הדפיס שם כמה סיפורים מאלו ... הרביעי ... מו""ה שמואל משינאווי זצלה""ה אבד""ק נאשעלסק (חברו ... אחד מחסידי קשישאי ... שמו ... בר""ת ידב""ה [יצחק דוב בער ב""ר הירש]) ..."			Print	"על המעטפת: ""קהל חסידים החדש"". בשם זה נקראו חלק מההוצאות הבאות של הספר."	Hassidic Stories													136870			953	Q270	Bibliography of the Hebrew Book	אמונת צדיקים	
3671	9	1884	1	אמרי שפר	"על התורה... מהרב... נפתלי צבי הורוויץ אבד""ק ראפשיץ ... אשר לא נדפסו עדן בספריו ... גם... מהה""ק ...ר' שמעון [ב""ר ישראל מרילס] מיעריסלאב ... נקרא בשם מאמר קדישין. והרבה כתבי קודש... העתקתי מגוף כי""ק רבותינו ... גם צוואת הרב ... משה סופר מפרשעווארסק זצוק""ל ... הועתק מכי""ק ... הבאתי לבית הדפוס ... עקיבא הכהן ליבער מק""ק יאשיניצא בה""ה מו""ה משה הכהן זלה""ה מק""ק סאניק..."			Print	"כתבי קודש [איגרות], הנז' בשער, הן של ר' משה סופר מפרשעווארסק, ר' אלעזר ב""ר אלימלך מליזענסק, ר' צבי הירש [אייכענשטיין] מזידיטשוב, ר' נפתלי צבי הורוויץ מראפשיץ, ר' אריה ליב ליפשיץ מיעריסלאב, ר' אהרן משה מגזע צבי מבראד (ירושלים), ר' שלום [רוקח] מבעלזא, ר' אשר ישעי' מראפשיץ [חתנו של ר' נפתלי צבי], ר' חיים הלברשטאם ור' משה ליב מסאסיב."	Hassidic Stories													137483	465516	542	166	Q36036	Bibliography of the Hebrew Book	אמרי שפר	
3724	82	1904	1	ארובות השמים	כולל (כ) מעשיות... ללמד את צעירי צאן קדשים לעשות מעשים טובים...			Print	"נדפס דף-על-דף כמו ""מעשים טובים"", פאדגארזע תר""ס. תוכן הענינים הושמט."	Hassidic Stories													303370	187059	550	953	Q270	Bibliography of the Hebrew Book	ארובות השמים	
3725	82	1904	1	ארובות השמים	כולל מעשיות... ללמד את צעירי צאן קדשים לעשות מעשים טובים...			Print	שמו של המחבר הושמט.	Hassidic Stories													303373	187059	550	953	Q270	Bibliography of the Hebrew Book	ארובות השמים	
3654	9	1879	1	בוצינא דנהורא	"לקוטים יקרים. אמרי ... ר' ברוך נ""ע ממעזיביז נכד הבעש""ט (שנמצאו בכתובים אצל ... ר' ליבילע אלטשידאיווער ז""ל ... והוא קבץ ... דבריו הקדושים וכתבם) ... ונוסף עליהם מכתבים ... מהבעש""ט ... מרבי ר' ברוך ... מהגאון [ר' יעקב שמשון ב""ר יצחק] משפיטיפקע. מהה""ק [ר' משה צבי ב""ר שמעון שלמה] מסיווראן. מהק' ר' מרדכי [טווערסקי] מטשירנאביל. הובא לביה""ד ע""י ... מו' נחמן ליבמאן מבאר ..."			Print	"עיין: א' הלוי שישא, על הס' בוצינא דנהורא, עלי ספר, ח, תש""מ, עמ' 155-157."	Hassidic Stories													112217	168808	538	166	Q36036	Bibliography of the Hebrew Book	בוצינא דנהורא	
3655	578	1886	1	בוצינא דנהורא	"...הובא לבית הדפוס ע""י השותפים ... חנינא ליפא מרגליות ... וה""ה ... משה יאדקיס ... מו""ס מבארדיטשוב ..."			Print	עם ההסכמות שבאו בדפוס הראשון.	Hassidic Stories													112218	168808	538	250	Q158004	Bibliography of the Hebrew Book	בוצינא דנהורא	
3656	578	1889	1	בוצינא דנהורא				Print		Hassidic Stories													112219	168808	538	250	Q158004	Bibliography of the Hebrew Book	בוצינא דנהורא	
3657	82	1903	1	בוצינא דנהורא	... בהוצאות של ר' ישראל ראזומאווסקי ...			Print	מקום הדפוס באותיות קיריליות.	Hassidic Stories													112220	168808	538	953	Q270	Bibliography of the Hebrew Book	בוצינא דנהורא	
3658		1905	1	בוצינא דנהורא				Print	עמ' 49 נשמט משום-מה.	Hassidic Stories													112221	168808	538			Bibliography of the Hebrew Book	בוצינא דנהורא	
3659	616	1910	1	בוצינא דנהורא	...בהוצאות של ש. ראזזמאווסקי...			Print	שמו של המדפיס ושם המקום של ההוצאה המקורית באותיות קיריליות.	Hassidic Stories													112222	168808	538	571	Q158799	Bibliography of the Hebrew Book	בוצינא דנהורא	
4106				בוצינא דנהורא				Print		Hassidic Stories																		None	בוצינא דנהורא	
3784	578	1912	1	בוצינא קדישא	"שבח מלין ... ודברים ... מעשים ... חידושים ... מקדוש עליון ... ר' משולם זיסל המפורסם ... בשם ... הרבי ר' זושא ... מאניפאליע . נלקט ונאסף ... מפי סופרים וספרים ונסדרו בסדר ... מן ימי נעוריו ... בצל ... המגיד ... (מו""ה דוב בער) ממעזריטש ... והסתופפו בצל ... אחיו ... הרר""א [ר' אלימלך] מליזענסק ... עד יום ב ... שבט ... תק""ס שעלה למרום ... [מאת ר' נתן נטע הכהן]."			Print	שם מחבר הספר נשמט מן השער. עיין להלן בהוצאה הבאה.	Hassidic Stories													125498	171191	596	250	Q158004	Bibliography of the Hebrew Book	בוצינא קדישא	
3785	82	1913	1	בוצינא קדישא				Print	מקום הדפוס ושמו של המדפיס באותיות קיריליות.	Hassidic Stories													125499	171191	596	953	Q270	Bibliography of the Hebrew Book	בוצינא קדישא	
3793	578	1912	1	בית ישראל	"הוא קובץ אמרות ... וחידושי תורה ... מכבוד ... מו""ה ישראל [פרידמאן] ... מרוז'ין זצוקל""ה ... ואחרי' שיח ... בני' הקדושים זרע ישראל ... חלק שני מספר ""כנסת ישראל"" [ווארשא תרס""ו] אשר יצא לאור ע""י המלקט מו""ה ראובן ז""ק מאוסטילא ..."			Print	"מהקדמת המלקט, עמ' 3-4: ""הקרה ה' לפני כתבי קודש מכבוד ... רא""י מס""ג (ר' אברהם יעקב מסאדאגארא) ... וה' אנה לידי להוציאם ממחבואם. ולסדר אותם ... על סדר פרשיות התורה (בשם אמת ליעקב, עמ' 41-135)"". שאר הספר ליקוטי סיפורים ודברי תורה ממקורות שונים."	Hassidic Stories													132682	1701659	572	250	Q158004	Bibliography of the Hebrew Book	בית ישראל	
3737	29	1907	2	בית ישראל	תולדות... הרב ר' ישראל מרוזין... אשר עבר עליו על ידי המלשינות... לפני הקיסר ניקאלאי הראשון... איין וואונדערליכע ערצעהלונג וועלכע האט פאסירט אין רוסלאנד... מאת חיים מאיר היילמאן...			Print	עברית ויידיש, זו למעלה מזו. אין זהות מוחלטת בין שתי הנוסחאות.	Hassidic Stories													137758			32	Q60	Bibliography of the Hebrew Book	בית ישראל	
3711	616	1902	1	בית רבי	"כולל ג חלקים. הא' תולדות אדמו""ר הזקן (רבינו... שניאור זלמן נ""ע מלאזני ולאדי) בעל התניא והשו""ע... ובתוכו כלול גם תולדות... רמ""מ [מנחם מענדל] מהאראדאק [ומוויטעבסק] נ""ע... הב' תולדות בנו אדמו""ר האמצעי (ר' דובער) נ""ע... הג' תולדות נכדו... (רבינו מנחם מענדל [שניאורסאן]) בעל צ""צ [צמח צדק], גם מבניו ומנכדיו ... נ""ע... ומנכדיו... [מאת] חיים מאיר בא""א... ר' אברהם שמואל היילמאן נ""י מליעפלי (פלך וויטעבסק)..."			Print	"פ' רושם בטעות: ב""ח, תר""ס."	Hassidic Stories													137759	262157	561	571	Q158799	Bibliography of the Hebrew Book	בית רבי	
3757	615	1909	1	דברי מאיר	"על חמשה חומשי תורה ולקוטים על נ""כ וש""ס... [מאת] מהר""ר מאיר מפרימישלאן ... בהרב... מו""ה אהרן ארי' נ""ע בן... ר' מאיר הגדול בן... ר' יעקב... בן... ר' דוד... הובא לביהד""פ בהוצאת המאספים והמעתיקים... ר' מאיר הלוי [בלאנק] ראבד""ק מראמפילי וכעת חפק""ק נאדווארנא חתן נכד... המחבר... והרב... מו""ה יצחק שאסטיק נכד... ר' אהרן ארי' זללה""ה וחתן נכד אחי המחבר הק' ר' יצחק מקאליש זללה""ה..."			Print		Hassidic Stories													145188	1438394	585	570	Q27007	Bibliography of the Hebrew Book	דברי מאיר	
3731	578	1905	1	דברים יקרים	"והוא סיפורים נפלאים ושיחות ... מצדיקי יסודי עולם... גם נספח בסופו דרוש... מענין ביאת המשיח מכבוד... מו""ה ברוך צבי הירש ראזענבלום זצלה""ה אב""ד דק""ק פיעטרקוב... הובא לבה""ד בהוצאת ר' בנימין ליבעסקינד..."			Print	"בעמ' האחרון: ""מחמת טעם כמוס, לא ניתן להדפיס כעת הדרוש בזה החלק. לכן יבא אי""ה בחלק השני עם כמה הוספות"". כנראה לא נדפס."	Hassidic Stories													144098	179517	570	250	Q158004	Bibliography of the Hebrew Book	דברים יקרים	
3721	244	1905-1903	1	דברים ערבים	...סיפורים נפלאים מן ... גאונים וקדושי עליונים, שמעתי ... מפי אנשים נאמנים וחסידים ... נדפס ונסדר על ידי ... [דוב] ב[ר] עהרמאן פערבעניק ... חלק א-ב.			Print	סיפורי-חסידים.	Hassidic Stories													121485	248426	566	1638	Q146456	Bibliography of the Hebrew Book	דברים ערבים	
4113	244	1905-1903	1	דברים ערבים ב				Print		Hassidic Stories													121485	248426	566	1638	Q146456	Bibliography of the Hebrew Book	דברים ערבים ב	
3754	612	1909	1	דבש השדה	"... חידושים ... וגם סיפורים ... של צדיקים והנהגותיהם, מהני אשלי רברבי ... ר' שמעלקא [הלוי הורוויץ] מניקלשבורג, הררלו""י [לוי יצחק] מברדיטשוב, הרבי [ר' יעקב יצחק הלוי הורוויץ] מלובלין, המגיד [ר' ישראל האפשטיין] מקאזניץ, הרמ""מ [מנחם מענדל] מרימנוב, הררי""י [יעקב יצחק] היהודי מפרשיסחא, הר""ר שלמה [הלוי] מקארלין, הר""ר נפתלי [הורוויץ] מראפשיטץ, הר""ר ישראלטשי [פרידמאן] מריזין, הר""ר אלעזר [ווייסבלום] מליזענסק, הר""ר שלום [רוקח] מבעלזא, הר""ר שמעון [מארילוס] מיערסלוב, הררא""ד [אברהם דוד וואהרמאן] מבוטשאטש, הר""ר חיים [האלברשטאם] מצאנז, הר""ר אלעזר [צ""ל: אליעזר הורוויץ] מדזיקוב, הררצ""ה [צבי הירש הכהן] מרינוב, הררא""ל [אריה ליב] אבד""ק לאנצהיט, הררצ""ה [צבי הירש אייכנשטיין] מזידיטשוב, הרר""מ [משה אייכנשטיין] מסאמבור, הררי""א [צ""ל: רא""י, אשר ישעיה רובין] מראפשיטץ, הרר""מ [מאיר] מפרימישלאן, הר""ר משה מקאברין, הר""ר דוד [שפירא] מדינוב, הר""ר צבי יוסף מרידניק, הר""ר אלימלך [ווייסבלום] מרידניק, הר""ר זאלקי מצאנז ועוד מכמה צדיקים ... אספם ... מו""ה דובעריש זצ""ל שו""ב בק' רישא ... שזכה לראות פני ששים צדיקי דורו ... ולשמוע תורתם ... הובא לביהד""פ ע""י הרב ... ר' צבי יחזקאל... מיכלזאהן אבד""ק פלונסק ..."			Print	עמ' 80-87: חידושי תורה מאת ר' משה מקאברין.	Hassidic Stories													114416	168954	583	525	Q319445	Bibliography of the Hebrew Book	דבש השדה	
3755	82	1910	1	דבש השדה				Print	שמו של המדפיס באותיות קיריליות.	Hassidic Stories													177284	168954	583	953	Q270	Bibliography of the Hebrew Book	דבש השדה	
3792	9	1912	1	דגל מחנה יהודה	"ובו שלשה ספרים נפתחים, א. ... ספר תולדות אדם ... דברי ... רבינו יהודא צבי [בראנדוויין] מסטרעטין זלל""ה (מאמרים וחידושי התורה [לפי סדר הפרשיות]) גם ... מבניו (ר' אברהם ... מסטרעטין ... ר' אליעזר מאזיפאלע) ... ב. סדר הדורות וספורים ... מהני שלשה אבות הלא המה ... (רבינו יהודא צבי) הנ""ל ... ר' שמואל זיינוויל זלל""ה אבד""ק זוואליב בן ... ר' מרדכי פעשיס זלל""ה בן ... ר' אברהם בן אברהם זלל""ה. גם ספורים ... ושבחו של ... (רבינו יהודא צבי) הנ""ל ובניו ... ר' חיים זלל""ה ... ר' אברהם מסטרעטין זלל""ה ואא""ז ... ר' שמואל זיינוויל מסטרעטין זלל""ה והה""ק ... ר' אליעזר מאזיפאלע ... ג. סגולות ורפואות ... מכ""ק אא""ז (רבינו יהודא צבי) הנ""ל (ובניו) ... גם מנהגים ונוסח התפלה מכל השנה (נוסח סטרעטין) ... גם עשיתי פתיחתא רבתא והוא דרוש ... למעלות התורה ומעלות הצדקה ... (המוציא לאור והמסדר) אליעזר ... בראנדוויין בן ... יוסף ... אבד""ק סאהל ..."			Print	"חידושים על התורה נדפסו גם מר' נחום [ב""ר אליעזר בראנדוויין] שליט""א מבורשטין, מר' יהודה צבי במהר""א [ב""ר אורי לאנגנער] מראהטין ומר' יוסף אביו של המסדר."	Hassidic Stories													113812	375894		166	Q36036	Bibliography of the Hebrew Book	דגל מחנה יהודה	
3764	609	1910	1	דובר שלום	"כולל לקוטי ח""ת [חידושי תורה] ושיחות... עם סיפורים... והנהגות טובות... מכבוד... ר' שלום רוקח נ""ע אבד""ק בעלזא. ונלוה לזה ספר אהל יהושע, [סיפורים] מבנו... יהושע [רוקח] זצוקל""ה אבד""ק בעלזא. ודרך אגב הובא כמה ענינים מהגה""ק... זקני הרבי ר' צבי הירש הלוי איש הורוויץ אבד""ק טשארטקוב, ובנו הוא זקני הרבי ר' שמעלקא אבד""ק ניקלשבורג, וש""ב [ושאר-בשרי] הר""ר אלעזר רוקח אבד""ק אמשטרדם, וש""ב הר""ר יעקב אורינשטיין אבד""ק לבוב... ושאר צדיקים... אספתי ... הצעיר אברהם חיים שמחה בונם בן... ר' צבי יחזקאל שליט""א מיכלזאהן..."			Print	"דף עג,ב-עו,ב: יום ישועה; דרוש אשר דרש... רב שר שלום רוקח זי""ע מבעלזא לכבוד... הקיסר פראנץ יאזעף."	Hassidic Stories													147820	373533	571	424	Q208473	Bibliography of the Hebrew Book	דובר שלום	
3798	82	1899	1	דור ודור ודורשיו	"... קובץ סדר זמן ושנות פטירת חכמי ומנהיגי ישראל מכל דור... מאת הרב... יוסף לעווינשטיין, הגאבד""ק סעראצק..."			Print	"ביקורת על החיבור: ישעיהו זלוטניק, כיצד כותבים אצלנו היסטוריה וכרונולוגיה, הצופה לחכמת ישראל, יב, תרפ""ח, עמ' 319-321."	Hassidic Stories													143398	252105	601	953	Q270	Bibliography of the Hebrew Book	דור ודור ודורשיו	
3799	82	1914	1	דור ודור ודורשיו				Print	שמו של המדפיס באותיות קיריליות.	Hassidic Stories													143399	252105	601	953	Q270	Bibliography of the Hebrew Book	דור ודור ודורשיו	
3800	82	1914	1	דור ודור ודורשיו				Print		Hassidic Stories													143400	252105	601	953	Q270	Bibliography of the Hebrew Book	דור ודור ודורשיו	
3783	99	1911	1	דעת זקנים	"ובו שיחת חולין של ת""ח ... גם חידושים יפים ... על מקראי קודש ודברי חז""ל ... ונלוה אליו קונטריס קרית ארבע כולל ארבעה מאמרים ... על ארבע פרשיות [שקלים, זכור, פרה, החודש] ... אשר חנני ... אברהם סג""ל איטינגא המכונה עטינגער ... יושב פה דוקלא בן ... מוהר""ר יונה הלוי איטינגא זצ""ל מבראדי ובן בתו של הרב ... מו""ה חיים יהודא קלוגר ז""ל בנו של ... רבינו שלמה קלוגר זצ""ל מבראדי ... נדפס בהוצאות ... מו' בן-ציון קאבער נ""י מבאקאווסק ..."			Print		Hassidic Stories													109131	164677	595	106	Q201729	Bibliography of the Hebrew Book	דעת זקנים	
3691	82	1889	1	דרך האמונה ומעשה רב	"כולל הרבה מאות סיפורים ... מקובצים מהרבה ספרים ... מתלמידי ... הבעש""ט ... מועתק בלשונם ([על ידי] ר' יעקב שלום הכהן) ... המו""ל ... יחיאל יוסף גוטמאן מגור קאלוואריע."			Print	אנתולוגיה של הגות וסיפורת חסידית.	Hassidic Stories													322532	171190	553	953	Q270	Bibliography of the Hebrew Book	דרך האמונה ומעשה רב	
3692	82	1898	1	דרך האמונה ומעשה רב	"... המו""ל ... יחיאל יוסף גוטמאן מגור קאלוואריע ..."			Print	אנתולוגיה של הגות וסיפורת חסידית.	Hassidic Stories													125494	171190	553	953	Q270	Bibliography of the Hebrew Book	דרך האמונה ומעשה רב	
3693	82	1898	1	דרך האמונה ומעשה רב	"כולל הרבה מאות סיפורים ... מקובצים מהרבה ספרים ... וביותר מתלמידי ... הבעש""ט ... מועתק בלשונם ([על ידי] ר' יעקב שלום הכהן) ...המו""ל ... יחיאל יוסף גוטמאן מגור קאלוואריע ..."			Print		Hassidic Stories													125496	171190	553	953	Q270	Bibliography of the Hebrew Book	דרך האמונה ומעשה רב	
3694	82	1899	1	דרך האמונה ומעשה רב				Print	שמו של המדפיס באותיות קיריליות.	Hassidic Stories													125497	171190	553	953	Q270	Bibliography of the Hebrew Book	דרך האמונה ומעשה רב	
3695	82	1925	1	דרך האמונה ומעשה רב				Print		Hassidic Stories													125495	171190	553	953	Q270	Bibliography of the Hebrew Book	דרך האמונה ומעשה רב	
3787	578	1912	1	דרך צדיקים	"והוא הנהגות טובות והדרכות ישרות בעבודת הש""י מלוקטות ומקובלות מהרבה צדיקים ... הנקובים בשמותם כאן בסדר א""ב ... נאסף ונסדר (ובצירוף הערות ... ויוסף אברהם) ע""י ... אברהם יעלין מווענגראב ..."			Print	"עמ' 61-71: ""קונטרס דברי הרי""מ מרבינו... יצחק מאיר [אלטר] מגור זצללה""ה"". כולל סיפורים עליו, דברי תורה, שיר (פותח: שפת עבר, תבל וצאצאיה עת נבראו) ו""וכוח היצר והאדם בדרך מליצה"". עמ' 69-70: ""שיר... מרבינו... חנוך העניך הכהן [לווין] ז""ל מאלכסנדר"". פותח: חכמה מאסו. לאב אחד עזבו. ויחמס אך אפדנו."	Hassidic Stories													302276	248424	597	250	Q158004	Bibliography of the Hebrew Book	דרך צדיקים	
3788	578	1913	1	דרך צדיקים	"והוא הנהגות טובות והדרכות ישרות בעבודת הש""י מלוקטות ומקובלות מהרבה צדיקים ... הנקובים בשמותם כאן בסדר א""ב ... נאסף ונסדר (ובצירוף הערות ... ויוסף אברהם) ע""י ... אברהם יעלין מווענגראב ..."			Print	"כנראה הטופס שראינו הוא ד""ס של הוצאת תרע""ג."	Hassidic Stories													135840	248424	597	250	Q158004	Bibliography of the Hebrew Book	דרך צדיקים	
3789	578	1913	1	דרך צדיקים				Print		Hassidic Stories													302277	248424	597	250	Q158004	Bibliography of the Hebrew Book	דרך צדיקים	
3766	244	1910	2	דרכי הישר והטוב	"... מקצת תולדות ... ודרכיו של ... מרן צבי הירש במו""ה אהרן [פרידמאן] זצללה""ה אבדק""ק ליסקא ... ומה ששמענו ממנו סיפורי מעשיות, דברים [דברי תורה, ועוד] ... וגם נוסף עליהם איזהו מכתבים בענינים הנוגעים לדת (אשר כתב ... בימי [ההכנה אל] הקונגרעס [של נבחרי היהודים בבודפסט, ב טבת תרכ""ט, ותשובה אחת בענייני מקוה, ועוד]) ... האבע איין טהייל ... איבער זעצט אויף יידיש דייטש ... אני נכדו ... זאב וואלף בלאאמ""ו ... מו""ה יוזעפף זצ""ל ..."			Print	עברית ויידיש בעירבוביה.	Hassidic Stories													124084			1638	Q146456	Bibliography of the Hebrew Book	דרכי הישר והטוב	
3767	82	1910-1913	1	"הרב מלאדי ומפלגת חב""ד"	"חיי הרב, ספריו ושיטתו וקורות מפלגת חב""ד <עם תמונת הרב והפקסימיליה שלו>, מאת מרדכי טייטלבוים ... חלק א-ב."			Print	Werke und System sowie die Geschichte der Sekte Chabad ... von M. Teitelbaum ...	Hassidic Stories													134500			953	Q270	Bibliography of the Hebrew Book	"הרב מלאדי ומפלגת חב""ד"	
3768	82	1910-1913	1	"הרב מלאדי ומפלגת חב""ד"				Print	"חלק ב: דפוס ה. אפלברג, תרע""ג. VI, 242; 52 עמ'."	Hassidic Stories													134501			953	Q270	Bibliography of the Hebrew Book	"הרב מלאדי ומפלגת חב""ד"	
3769	82	1913	1	"הרב מלאדי ומפלגת חב""ד"				Print	עמ' []183-266: הוספה שניה.	Hassidic Stories													134502			953	Q270	Bibliography of the Hebrew Book	"הרב מלאדי ומפלגת חב""ד"	
3770	82	1914	1	"הרב מלאדי ומפלגת חב""ד"	... חלק א-ב.			Print	שמו של המדפיס באותיות קיריליות.	Hassidic Stories													134503			953	Q270	Bibliography of the Hebrew Book	"הרב מלאדי ומפלגת חב""ד"	
3727	82	1901	1	התגלות הצדיקים	"וסיפורים נוראים ... מרבותינו הצדיקים (הבעש""ט [ותלמידיו]) ... ונלוה לזה דברי תורה ... מאאמו""ר ... ר' מרדכי זאב זצ""ל האבד""ק קאלביעל ... קבצתי .. אנכי ... שלמה גבריאל ..."			Print		Hassidic Stories													167063	285131	569	953	Q270	Bibliography of the Hebrew Book	התגלות הצדיקים	
3728	82	1905	1	התגלות הצדיקים				Print		Hassidic Stories													167064	285131	569	953	Q270	Bibliography of the Hebrew Book	התגלות הצדיקים	
3749	578	1908	1	ויקהל שלמה	"... מאמרים וספורים מקדושי ישראל ... ורובו ככולו מהני שלשה... ר' שלום [רוקח] נ""ע אב""ד מבעלזא. ומאת מחותנו... ר' אלעזר [ב""ר משה אליקים בריעה הופשטיין מקוזניץ]... ומאת מחותנו הרב... [ר' יעקב צבי ב""ר יהושע אשר רבינוביץ] אב""ד מפארסאב זי""ע... ונוסף לזה מהצדיקים שליט""א נכדי הרה""ק [ר' שלום] מבעלזא... וגם על סדר פרשות ודרשות חז""ל על דרך החסידות, ונתיסדו על המאמרים והספורים ... הנ""ל (אשר אסף וליקט... מו""ה שלמה זלמן ראפאפורט) פה קאזיניץ. חלק א."			Print	"מתוך ההקדמה: ""תדעו, שהמאמרים אשר הם מהרה""ק... מבעלזא... העתקתי מהכ""י אשר מונח אצל בן בנו... ר' שמואל שמעלקי [רוקח] שליט""א אשר הוא בעצמו העתיק מהכ""י אשר נשאר מעזבון... זקנו... וגם סיפר לי איזה סיפורים""."	Hassidic Stories													168253	326681	581	250	Q158004	Bibliography of the Hebrew Book	ויקהל שלמה	
3676	578	1892	1	זכרון טוב	"והוא ספורי מעשיות מהרב הצדיק... [ר' יצחק] מנעסכאיז... הוצאתיו לאור אני... יצחק במה""ר ליב לנדא..."			Print	"עמ' 3-4: בחלק הראשון מהסיפורים ראיתי לכתוב מה ששמעתי שסיפר אדומו""ר... ובחלק השני... מה שראיתי אני לספר... בחלק השלישי כתבתי... מכתבים שנשלחו למרן... לעת זקנותו."	Hassidic Stories													142152			250	Q158004	Bibliography of the Hebrew Book	זכרון טוב	
3786	578	1912	1	זכרון לראשונים	"חלק ראשון, ארבעה מטיבי לכת (ר' יצחק מ""מ [מגיד מישרים] מדראביטש ... ר' אהרן הגדול מקארלין ... ר' יחיאל מיכל מזלאטשוב ... ר' לוי יצחק מבארדיטשוב) ... תוכו רצוף... מעשה תקפם ... ופרשת גדולתם... ספורים... וחדושי תורה ... מאמרים ... הנהגות טובות... ימי חייהם ושנות פטירותיהם... רבותיהם ותלמידיהם... נאספו ונקבצו... על ידי ... משה חיים קליינמאן מבריסק דליטא... בלא""א... מו""ה אברהם יוסף ז""ל בהרב... ר' אהרן זללה""ה הנקרא בפי כל ר' ארעלע קאמניצער."			Print	מעבר לשער, באותיות קיריליות: דפוס Varshava ,B. Tursh.	Hassidic Stories													184485	275368	576	250	Q158004	Bibliography of the Hebrew Book	זכרון לראשונים	
3647	9	1874	1	"חיי מוהר""נ"	"הוא... ר' נחמן [מבראצלאב] זצוק""ל... מעט מחייו... מעוצם יגיעתו... בעבודת הש""י... מימי ילדותו עד הסתלקותו... ומעט משיחותיו (שמתי אל לבי... לכתוב ולרשום [נתן ב""ר נפתלי הירץ שטרנהארץ. עם הערות מאת המעתיק ר' נחמן ב""ר צבי אריה גאלדשטיין מטשעהרין])... הובא לבית הדפוס ע""י... ר' אברהם יהושע העשיל דראקר... (חלק [א]- ב)."			Print	"השמטות מחיי מוהר""נ נדפסו בתוך הספר ימי התלאות, מאת ר' אברהם חזן, ירושלים תרצ""ג. עיין: חזן, אברהם בן נחמן ישראל הלוי."	Hassidic Stories													169806	127013	525	166	Q36036	Bibliography of the Hebrew Book	"חיי מוהר""נ"	
3648	608	1913	1	"חיי מוהר""ן"	"... בהוספות רבות מכ""י. הובא לביה""ד ע""י... ר' יהודא ליב ראזינפעלד ... [א]-ב."			Print	עם שינויים בציוני הסימנים.	Hassidic Stories													169807	127013	525	421	Q985646	Bibliography of the Hebrew Book	"חיי מוהר""ן"	
3618	9	1864-1874	1	חמשה חומשי תורה	"פי המסורות, והכל על פי סודות... האר""י [ר' יצחק לוריא]... ורבינו... הבעש""ט... הכינם... ר' יצחק יהודה יחיאל ספרון [צ""ל: ספרין]... בן... ר' אלכסנדר סענדר... אב""ד דק""ק קאמרנא. חלק א-ה."			Print	"עם איכה וקהלת, עם פירוש רש""י."	Hassidic Stories													311493	182843		166	Q36036	Bibliography of the Hebrew Book	חמשה חומשי תורה	
3674	157	1888	3	חסד ה'	"... שלשה ספרים נפתחים בו... חסד השם והב' חסדי אבות. והג' חסדי דוד... מלאים... מוסר השכל... חידושי תורה... פעולת... ר' יוסף כנאפו נר""ו... ע""ה אליהו בן אמוזג..."			Print	בראש שלושת החלקים (דף ו; כא; סד,ב) שם כולל: ספר חסדים טובים. אף בהקדמה קורא המחבר לספר בשם זה.	Hassidic Stories													141262			132	Q6761	Bibliography of the Hebrew Book	חסד ה'	
3723	262	1904	1	ישועות ישראל	"... הובא לבית הדפוס ע""י ... אליעזר [צ""ל: אלעזר] שענקעל. חלק (א)-ב."			Print	"המחבר הוא ר' יוסף ראט. עיין: ספר מגדיל ישועות והוא מהדורה מורחבת של הספר ישועות ישראל, מאת ר' יוסף ראט, ירושלים תש""ן."	Hassidic Stories													139390	251236	567	168	127941209	Bibliography of the Hebrew Book	ישועות ישראל	
3688	57	1896	1	כוכבי אור	"והוא סיפורים ... ודברים ... על ... רבינו נחמן [מברסלב] זצוק""ל [מאת ר' אברהם ב""ר נחמן ישראל חזן] ... וחילקתי ... לד' חלקים הנקראים בשם: אנשי מוהר""ן, אמת ואמונה חכמה ובינה, ששון ושמחה ..."			Print	"לא נדפס אלא החלק הראשון: אנשי מוהר""ן."	Hassidic Stories													133474	175020	551	691	Q1218	Bibliography of the Hebrew Book	כוכבי אור	
3733	82	1906	1	כנסת ישראל	"... לקוטים יקרים ... מארי שבחבורה ... ישראל [פרידמאן] מרוזין ... ואחריו מבניו ... מו""ה שלום יוסף נ""ע ואחיו ... מוה' אברהם יעקב מס""ג [מסאדיגורה] והה""ק מלעווא [ר' דוב] ... מו""ה מנחם נחום משטיפענעשט והה""צ ... דוד משה מטשארטקוב והה""צ ... מרדכי שרגא מהוסיאטין ... נאסף ... ע""י ... מו""ה ראובן בהרב צבי דוד ז""ק מו""ט [צ""ל: מו""צ] באוסטילע ..."			Print	"בראשי העמודים: לקוטי מהר""י מרוזין ז""ל."	Hassidic Stories													132684	1701659	572	953	Q270	Bibliography of the Hebrew Book	כנסת ישראל	
3697	82	1899	1	ליקוטים חדשים	"... על התורה נביאים וכתובים ופלפולים ... ואיזה שו""ת ... וספורים ... גם נשלם בזה מה שנחסר בהחיבור נפלאות חדשות, והטעותים משם ... גם ממה שחננו השי""ת. חברתי ... יחיאל משה ב""מ מ""י ז""ל אבד""ק יאדימאוו, נכד ... מו""ה צבי הירש (דישקעס) מאפאטשנע ... הובא לבית הדפוס ע""י בנו ... מו""ה יהודא ..."			Print	"עמ' 53 ואילך: שאלות (בעניני הלכה) וחידושים בש""ס. עמ' 101 ואילך: ספורי מעשיות ... ששמעתי ממגידי אמת. סיפורי צדיקים."	Hassidic Stories													135736	170465	552	953	Q270	Bibliography of the Hebrew Book	ליקוטים חדשים	
3775	612	1911	1	מאורות הגדולים	"ספורים... מהני עשר רברבי... ר' ישראל בעש""ט... ר' דוב בער המגיד הגדול ממעזעריטש... ר' לוי יצחק מבארדיטשוב... ר' שלמה מקארלין...ר' זאב מזיטאמער... ר' ברוך ז""ל ממעזיבעז ... ר' אברהם יהושע העשיל מאפטא ... ר' אשר מסטאלין ... ר' ישראל מרוזין ... ר' אהרן מקארלין ... הובא לבית הדפוס ע""י ר' אהרן ציילינגאלד ..."			Print	לפי ספירת העמודים נראה שהספר תוכנן להופיע (ואולי גם הופיע למעשה) בצורת חוברות-חוברות.	Hassidic Stories													201164			525	Q319445	Bibliography of the Hebrew Book	מאורות הגדולים	
3701	262	1900	1	מבשר טוב	"... דברי צדיקים (חידושי תורה)... מהרב... מנחם מענדלי [טארום] זללה""ה מרומנוב. ומכבוד... ר' צבי הירש הכהן זללה""ה מרומנוב. ועוד משאר צדיקים שהיו בדור ההוא. וגם תולדות... ר' צבי הירש הכהן... כתבם... אאמ""ו... מו""ה גרשון ז""ל (בהמנוח... יצחק שלמה) מק' טארנא ... ערכתים ותקנתים וסדרתי... והוצאתים לאור... בנו ותלמידו יקותיאל ארי' ק""ה [קאמעלהאר]... רישא..."			Print	"עמ' 36: ""הרבה שאב אאמ""ו ז""ל ממקור... מו""ה נתן יהודא זצ""ל בן... מוהרמ""מ [ר' מנחם מענדלי טארום] מרומנוב, ע""כ אעלה זכרונו על ספר הזה. אלה הדברים אשר כתבם לי נכדו... מו""ה שלמה זלמן טארים נ""י מרומנוב""."	Hassidic Stories													161473	1471057	557	168	127941209	Bibliography of the Hebrew Book	מבשר טוב	
3598	87	1860	1	מגיד שיחות	"והוא שיחין עלאין קדישין אשר רוח אלקים דבר בו ... ה""ה ... מוהר""נ [ר' נחמן מבראצלאב] זלה""ה ... גם בו יסופר גודל קדושת המחבר [ר' נחמן] ... והנהגותיו ... וגם סדר נסיעתו לארץ הקדושה ... והספר הזה ... כולל כל [!] חיבוריו ... אשר כבר יצאו לאור ... [חיברו תלמידו ר' נתן שטערנהארץ]."			Print	"מגיד שיחות נדפס אחר-כך בשם: שבחי הר""ן."	Hassidic Stories													169852	127013	525	405	Q1829	Bibliography of the Hebrew Book	מגיד שיחות	
3599	82	1900	1	מגיד שיחות				Print	"על-פי [קעניגסבערג תר""ך], בתוספת הסכמות, שהועתקו מספר ליקוטי מוהר""ן, לעמבערג 1876. עיין: נחמן בן שמחה מבראסלאב."	Hassidic Stories													169853	127013	525	953	Q270	Bibliography of the Hebrew Book	מגיד שיחות	
4102	87	1860	1	מגיד שיחות				Print		Hassidic Stories													169852	127013	525	405	Q1829	Bibliography of the Hebrew Book	מגיד שיחות	
3653	609	1876	1	מוראים גדולים	"מעשים... חדשים אשר לא נדפסו עוד... אשר נפעלו ע""י... הרב הבעש""ט זצ""ל והרב ר""ר ברוך [ממעזיבוז] זצ""ל והרב ר""ר זיסיא [מאניפאלי] זצ""ל ומתלמידי מרן האר""י זצ""ל ועוד..."			Print	"קובץ סיפורי חסידים. עיין עליו: ג' נגאל, מלקטי הסיפור החסידי, ירושלים תשנ""ו, עמ' 78-79."	Hassidic Stories													147216			424	Q208473	Bibliography of the Hebrew Book	מוראים גדולים	
3744	578	1908	1	מזכרת שם הגדולים	"חלק ראשון. בו נקבצו ובאו זכרון בספר (ח""י... צדיקים) ... אנשי שם [בחסידות] (לכל צדיק וצדיק מדור בפ""ע [בפני עצמו])... לקוטי אמרים ... סיפורים נוראים (ופרשת גדולתם)... מהרבה ספרים... גם ימי חייהם ושנות פטירותיהם... רבותיהם ותלמידיהם (לכל דבר מראה מקום)... נאספו... על ידי ... משה חיים קליינמאן מבריסק דליטא בלא""א... מו""ה אברהם יוסף ז""ל בהרב... מו""ה אהרן זללה""ה הנקרא בפי כל ר' ארעלע קאמניצער."			Print	חלק מתוכן הספר נדפס שנית, בשינויים ובהוספות רבות, בספריו האחרים של המחבר.	Hassidic Stories													164422	275368	576	250	Q158004	Bibliography of the Hebrew Book	מזכרת שם הגדולים	
3698	82	1899	1	מים רבים	"לקוטי דברים ... על פסוקי תנ""ך מסודרים ואגדת חז""ל ... אשר יצאו מפום ... מרנא ורבנא יחיאל מיכל זצוקללה""ה מ""מ דק""ק זלאטשוב ... ומי""כ [צ""ל: ומנוחתו כבוד] ביאמפאלא ... בן ... המוכיח ר' יצחק ... מ""מ דק""ק הארחוב ושם מנ""כ ודק""ק דראהביטש, בהה""ק מוה' יוסף ... בהה""ק מו""ה משה מזווירש ... גם נמצא פה חידושי תורה מאביו ... ר' יצחק מדראביטש ומבני ... המגיד מזלאטשוב ... נעתק ונאסף ע""י הרב ... מו""ה נתן נטע הכהן האבד""ק קאלביעל ..."			Print	"8 עמ': מגילת יוחסין ... משפחת ... מחותני זקיני הה""ק ר' יצחק שלמה מזעלעחאוו."	Hassidic Stories													125501	171191	596	953	Q270	Bibliography of the Hebrew Book	מים רבים	
3699	82	1905	1	מים רבים				Print	"בשער נשאר תאריך ההוצאה הראשונה, תרנ""ט."	Hassidic Stories													125502	171191	596	953	Q270	Bibliography of the Hebrew Book	מים רבים	
3675	9	1889	1	מנחת יצחק	"או שפתי צדיקים על התורה, לקוטי פנינים יקרים מצדיקי וגאוני עולם ... ר' אברהם המלאך. ר' אברהם ממקילייעב. ר' דוב בער ממעזריטש. ר' דוד [טווערסקי] מטאלנע. ר' הירש מרימיניב. ר' העניך מאלעסק. ר' זאב מאוסטרא. ר' חיים מקאסיב. ר' חיים [האלבערשטאם] מסאנז. ר' ישראל בעש""ט. ר' יעקב יוסף מפולנאה . ר' יעקב שמשון משופטיווקע. ר' יחזקאל [לאנדא] מפראג ... ר' ישראל [פרידמאן] מרוזין. ר' יהודה צבי [בראנדוויין] מסטרעטין. ר' יצחק אייזיק [אייכענשטיין] מזידיטשוב. ר' מרדכי מליניץ. ר' מרדכי [טווערסקי] מטשערנאביל. ר' משה ליב מסאסיב. ר' משה טייטעלבוים מאוהל. ר' מאיר מפראמישלאן. ר' מענדיל [האגער] מוויזניץ. ר' נפתלי [הורוויץ] מראפשיץ. ר' פייביש [העלער] מזבאריז. ר' שמשון מאוסטראפאלי. ר' שמעלקא [הורוויץ] מניקלשבורג. ר' שלמה [גאטליב] מקארלין. ר' שלום [רוקח] מבעלז ... מסודר מאת גאון מופלג ... לא רצה להזכיר שמו [ר' יצחק אייזיק טויבש]. גם הדפסתי הויכוח שהיה בין ... רבינו יחזקאל לאנדא ... ובין ... רבינו יעקב שמשון משיפטיווקע זצ""ל. גם סיפורים נפלאים מהרב ... מאיר מפראמישלאן ..."			Print	"שם המחבר על-פי י' יוסף כהן, הספרות התורנית ברומניה עד סוף המאה הי""ט, קרית ספר, מד, תשכ""ט, עמ' 300."	Hassidic Stories													134163	1477162	546	166	Q36036	Bibliography of the Hebrew Book	מנחת יצחק	
3713	82	1902	1	מנרת זהב	"... נקבצו באו בו כל דברי ... רבינו משלם זיסל נ""ע המפורסם בשם ... הרבי ר' זושא ... מעיר אניפאליא, ושם מנוחתו כבוד יום ב לחדש שבט שנת תק""ס ... וצרפתי גם כן מה שמצאתי בשם בניו ... מו""ה צבי מענדל זצל""ה והרב ... ישראל אברהם זצל""ה ... וסדרתי הכל על סדר פרשיות התורה ... נתן נטע הכהן במוהר""צ ז""ל אבד""ק קאלביעל. ואפריון נמטי לידידי ... מו""ה שמעון מנחם מענדל [וואדניק] ... מגאוורטשוב, עבור עבודתו ... להיות סידור זה הספר בתכלית השלמות ..."			Print	שם המחבר בשער, באותיות קיריליות: N. Duner.	Hassidic Stories													125504	171191	596	953	Q270	Bibliography of the Hebrew Book	מנרת זהב	
4100				מסעות הים				Print		Hassidic Stories																		None	מסעות הים	
4101				מסעות הים				Print		Hassidic Stories																		None	מסעות הים	
3594	667	1846	1	מעגלי צדק	"מאת הרב ... מה' נחמן זצ""ל. הנהגות ועצות ישרים ... אשר שמעו ממנו תלמידיו ... לקטו והעלו הכל בכתב ..."			Print	"כולל: קטעים נבחרים מתוך ליקוטי מוהר""ן שנדפסו בתוך ספר סיפורי מעשיות, [אוסטרהא] תקע""ה. ליקוטי מוהר""ן הנז' נדפסו בשלימותם גם בשם: שיחות הר""ן. עיין (שם) להלן: סיפורי מעשיות."	Hassidic Stories													152157	97672	524	845	Q1025336	Bibliography of the Hebrew Book	מעגלי צדק	
3595	82	1850	1	מעגלי צדק				Print		Hassidic Stories													152158	97672	524	953	Q270	Bibliography of the Hebrew Book	מעגלי צדק	
3596	82	1879	1	מעגלי צדק	"... ונלוה לזה מסעות הים ... בהוצאות הר""ר נפתלי הערץ הערצאג מניעשוויעז."			Print	מעבר לשער: רשיון הצנזור ושם המדפיס ברוסית.	Hassidic Stories													152159	97672	524	953	Q270	Bibliography of the Hebrew Book	מעגלי צדק	
3597	82	1879	1	מעגלי צדק	"... ונלוה לזה מסעות הים ... בהוצאות הר""ר נפתלי הערץ הערצאג מניעשוויעז."			Print	"בשער: תרל""ט, 1879. מעבר לשער: רשיון הצנזור בלבד."	Hassidic Stories													152160	97672	524	953	Q270	Bibliography of the Hebrew Book	מעגלי צדק	
3795	608	1913	1	מעשה נחמי[ה]	"כולל תולדות (זקני) ... מרן נחמי' יחיאל זצוקל""ה (מבעחיווע) בהגה""ק ... רבינו יעקב יצחק היהודי ... מפרשיסחא. וספורי נפלאות רבים ... יגעתי וקבצתי ... מנחם מענדיל (ראבינאוויטש מיאנוב) באאמו""ר ... ר' נתן ארי' (ליב ראבינאוויטש ... מאיזביצא) שליט""א בהרה""צ ... ר' חיים גדלי' מבעחיווי, בנו של ... ר' נחמי' יחיאל ... בהוצאת הרב מנחם מענדיל ראבינאוויטש ... חלק א."			Print	"בראש הספר השני ""מכתבי ידידות"" מאת אביו ודודו הנ""ל,בהם סיפורי מעשיות על זקינם הנ""ל. מכתב דודו כולל שיר."	Hassidic Stories													166211			421	Q985646	Bibliography of the Hebrew Book	מעשה נחמי[ה]	
4103				"מעשה נפלאה ונורא מהרב ... מוהר""ר זלמינא וויטפסקער"				Print		Hassidic Stories																		None	"מעשה נפלאה ונורא מהרב ... מוהר""ר זלמינא וויטפסקער"	
3603	9	1864	1	מעשה צדיקים	"עם דברי צדיקים. והמה סיפורים ... דברי תורה ומוסר והנהגות מרבותינו ... הבעש""ט ... מו' ברוך ממעזיביז ... מו' אלימלך ... מו' זוסי' מהאניפאלע ... מו' פנחס מקארעץ ... ר' משה ליב מסאסיב ... מהר""י [ר' יעקב יצחק] מלובלין ... לא באו עוד בדפוס [מאת ר' מנחם מנדל בודק] ..."			Print	"על חיבוריו של בודק בתחום הסיפורת החסידית ראה: ג' נגאל, מלקטי הסיפור החסידי, ירושלים תשנ""ו, עמ' 30-44."	Hassidic Stories													115741	166602	528	166	Q36036	Bibliography of the Hebrew Book	מעשה צדיקים	
3604	9	1865	2	מעשה צדיקים	"ווינדרליכע מעשיות פון היילוגע צדיקים וקדושים, פון דעם ... בעש""ט ... רבי ברוך [ממז'יבוז'] ... רבי מלך [מליז'נסק] ... דעם ליבלינער [ר' יעקב יצחק הורוויץ] ... רבי משה ליב סאסיווער ... רבי פנחס קאריצר [שפירא] ... די ווינדרליכע מעשיות האבין מיר מעתיק גיוועזין פין דעם ספר מעשה צדיקים וואס האבין גישריבן חסידים ואנשי מעשה [מאת מנחם מנדל בודק]."			Print	מעשה צדיקים, מעשיות מופלאות מצדיקים וקדושים. ביידיש.	Hassidic Stories													323015			166	Q36036	Bibliography of the Hebrew Book	מעשה צדיקים	
3605	9	1867	2	מעשה צדיקים	"ווינדרליכע מעשיות פון היילוגע צדיקים וקדושים פון דעם הייליגן בעש""ט ז""ל אונ פין דעם רבי ברוך [ממז'יבוז'] ... רבי מלך [מליז'נסק] ... דעם ליבלינער [ר' יעקב יצחק הורוויץ] ... רבי משה ליב סאסיווער ... רבי פנחס קאריצר [שפירא] ... די ווינדרליכע מעשיות האבין מיר מעתיק גיוועזין פין דעם ספר מעשה צדיקים, וואס האבין גישריבן חסידים ואנשי מעשה [מאת מנחם מנדל בודק]."			Print	לפי הוצאת Lemberg 1865.	Hassidic Stories													323016			166	Q36036	Bibliography of the Hebrew Book	מעשה צדיקים	
3606	9	1874	1	מעשה צדיקים	"עם דברי צדיקים, והמה סיפורים נפלאים ... עם דברי תורה ומוסר והנהגות, מרבותינו ... הבעש""ט ז""ל ונכדו ... מוה' ברוך ממעזיביז ז""ל והקדושים מוה' אלימלך ... ואחיו הקדוש מוה' זוסי' מהאניפאלע ז""ל, והקדוש מוה' פנחס מקארעץ ז""ל והקדוש ר' משה ליב מסאסיב ז""ל והקדוש מהר""י [ר' יעקב יצחק] מלובלין ... דברים אלה חדשים הם לא באו עוד בדפוס רק נקבצו מפיות אנשי אמת ... אשר שמשו ... אצל צדיקי הדור ..."			Print		Hassidic Stories													115742	166602	528	166	Q36036	Bibliography of the Hebrew Book	מעשה צדיקים	
3607	9	1897	1	מעשה צדיקים	עם דברי צדיקים ...			Print		Hassidic Stories													115743	166602	528	166	Q36036	Bibliography of the Hebrew Book	מעשה צדיקים	
3608	10	1899	1	מעשה צדיקים	עם דברי צדיקים ...			Print		Hassidic Stories													115744	166602	528	174	Q37333	Bibliography of the Hebrew Book	מעשה צדיקים	
3681	82	1898	1	מעשות מהגדולים והצדיקים	"... הובא לבה""ד ע""י ה""ר פייבל מונק ..."			Print	[3] מר' שמעון בן חלפתא.	Hassidic Stories													132426	248429	549	953	Q270	Bibliography of the Hebrew Book	מעשות מהגדולים והצדיקים	
3714	689	1902	1	מעשיות ומאמרים יקרים	"... מהבעש""ט ומנכדיו... ר' משה חיים אפרים מסדילקוב ואחיו... ר' ברוך ממעזבוז... מאת המלקט והמאסף ישעיה וואלף ציקערניק."			Print	בשולי השער שם משפחת המחבר באותיות קיריליות: Tsukernik.	Hassidic Stories													160939	311683	563	957	Q156713	Bibliography of the Hebrew Book	מעשיות ומאמרים יקרים	
3678	9	1894	1	מעשיות ושיחות צדיקים	"... גם הוספתי לזה סגולות ורפואות בדיקות [!] מצדיקי קדושי עליון זי""ע. גם שיחות וחדושי תורה מכבוד אבי ... ר' אברהם ניסן הלוי זצ""ל ... בהוצאת ה""ר ישראל דוד זיס ..."			Print	בראשי העמודים: שיחות צדיקים.	Hassidic Stories													132429	248429	549	166	Q36036	Bibliography of the Hebrew Book	מעשיות ושיחות צדיקים	
3679	82	1895	1	מעשיות ושיחות צדיקים	"... בהוצאת בית מסחר הספרים של ר' ליב ... ב""ר חיים זימל ז""ל מארגענשטערן בווארשא ..."			Print	"על פי לעמבערג תרנ""ה, בהשמטת ""סגולות ורפואות""."	Hassidic Stories													132430	248429	549	953	Q270	Bibliography of the Hebrew Book	מעשיות ושיחות צדיקים	
3680	82	1898	1	מעשיות ושיחות צדיקים	"... הובא לבה""ד ע""י ה""ר פייבל מונק ..."			Print	ראינו טופס עם אישור הצנזור, מעבר לשער, מיום 1 במאי 1897, וטופס שני מיום 3 במארס 1898.	Hassidic Stories													132425	248429	549	953	Q270	Bibliography of the Hebrew Book	מעשיות ושיחות צדיקים	
3682	82	1909	1	מעשיות מהגדולים והצדיקים				Print	בראשי העמודים: מעשות מהגדולים והצדיקים.	Hassidic Stories													132427	248429	549	953	Q270	Bibliography of the Hebrew Book	מעשיות מהגדולים והצדיקים	
3717	262	1903	1	מעשיות מצדיקי יסודי עולם	כולל (יד) ספורים ... הוצאתיו לאור ... אליעזר[!] שענקעל.			Print		Hassidic Stories													171139	187059	550	168	127941209	Bibliography of the Hebrew Book	מעשיות מצדיקי יסודי עולם	
3802	82	1914	2	מעשיות נוראים	פון הייליגען צדיק ... יעקב ארי' פון ראדזמין ... הנקרא בפי כל ר' יעקילע ראדזמינער ... געשריבען דורך ר' משה אהרן בערגמאן פון ראדזמין ...			Print	בשער גם, בהבלטה: פיעטרקוב.	Hassidic Stories													325423			953	Q270	Bibliography of the Hebrew Book	מעשיות נוראים	
3685	610	1896	1	מעשיות נוראים ונפלאים	"... מצדיקים,גאונים וקדושים, נקבצו ... מספרן של צדיקים רבים ... ישנים גם חדשים ... הובא לבית הדפוס ע""י ... אלעזר שענקיל ..."			Print	מעשיות.	Hassidic Stories													171140	187059	550	489	Q31487	Bibliography of the Hebrew Book	מעשיות נוראים ונפלאים	
3686	25		1	מעשיות נוראים ונפלאים				Print	עי' להלן: מעשיות פליאות נוראים ונפלאים.	Hassidic Stories													148930			272	Q33935	Bibliography of the Hebrew Book	מעשיות נוראים ונפלאים	
3683	610	1896	1	מעשיות פליאות	"... גדולים ונפלאים ... לאנשי מעשים נוראים ... הובא לבה""ד ע""י ... אלעזר שענקעל מטארנאוו."			Print	הועתק מתוך: מעשיות פליאות נוראים ונפלאים, Lemberg 1883, ספירה שניה. נוספו שלושה סיפורים אחרונים (כב-כד).	Hassidic Stories													171141			489	Q31487	Bibliography of the Hebrew Book	מעשיות פליאות	
3684	25		1	מעשיות פליאות				Print	עי' להלן: מעשיות פליאות נוראים ונפלאים.	Hassidic Stories													148931			272	Q33935	Bibliography of the Hebrew Book	מעשיות פליאות	
3667	9	1881	1	מעשיות פליאות נוראים ונפלאים	סיפורים ומעשיות מצדיקים גאונים וקדושים ... וגם שיחות ... מהרבה צדיקים ...			Print	"בראשי 22 עמ': ""מעשיות פליאות""."	Hassidic Stories													323857			166	Q36036	Bibliography of the Hebrew Book	מעשיות פליאות נוראים ונפלאים	
3668	9	1883	1	מעשיות פליאות נוראים ונפלאים	סיפורים ... מצדיקים גאונים ... וגם שיחות ...			Print	"בשנת תרנ""ו יצאו הסיפורים הללו על-ידי אלעזר שנקל בשני ספרים נפרדים: א. מעשיות נוראים ונפלאים, ב. מעשיות פליאות, בהוספות מעטות."	Hassidic Stories													148932			166	Q36036	Bibliography of the Hebrew Book	מעשיות פליאות נוראים ונפלאים	
3670	10	1903	1	מעשיות פליאות נוראים ונפלאים				Print	מעבר לשער אישור הצנזור בווארשא מיום 28 בספטמבר 1899.	Hassidic Stories													148933			174	Q37333	Bibliography of the Hebrew Book	מעשיות פליאות נוראים ונפלאים	
3702	262	1900	1	מעשים טובים	"כולל (כ) מעשיות ... נקבצו ובאו מספרים קדמונים ומחכמים ... הובא לביהד""פ ע""י ... אלעזר שענקיל מטארנא."			Print	בכמה הוצאות מאוחרות הופיע הספר בשם: ארובות השמים.	Hassidic Stories													171142	187059	550	168	127941209	Bibliography of the Hebrew Book	מעשים טובים	
3635	9	1856	1	מפעלות הצדיקים	"עם דברי משרים, והמה סיפורי נפלאות ... מצדיקי יסודי עולם. ובראשם ... ר' ישראל בעש""ט ... ומתלמידיו הקדושים ומתלמידי תלמידיו עד דור הזה ... גם הבאתי הלום עוד סיפורים אמתיים מגאוני וצדיקי עם ישראל אשר היה בזמן קודם הבעש""ט ... ולא הובאו בשבחי הבעש""ט ולא הוקמו בעדת צדיקים ולא במעשה צדיקים, ולא דיברו בהם בפאר מקדושים ..."			Print	נדפס על נייר כחלחל.	Hassidic Stories													115748	166602	528	166	Q36036	Bibliography of the Hebrew Book	מפעלות הצדיקים	
3636	9	1874	1	מפעלות הצדיקים	עם דברי משרים ...			Print		Hassidic Stories													115749	166602	528	166	Q36036	Bibliography of the Hebrew Book	מפעלות הצדיקים	
3637	9	1882	1	מפעלות הצדיקים	עם דברי משרים ...			Print		Hassidic Stories													115750	166602	528	166	Q36036	Bibliography of the Hebrew Book	מפעלות הצדיקים	
3638	9	1897	1	מפעלות הצדיקים	עם דברי משרים ...			Print		Hassidic Stories													115751	166602	528	166	Q36036	Bibliography of the Hebrew Book	מפעלות הצדיקים	
3639	10	1899	1	מפעלות הצדיקים	עם דברי משרים ...			Print	תאריך הצנזורה: ווארשה, 7 בספטמבר 1899.	Hassidic Stories													115752	166602	528	174	Q37333	Bibliography of the Hebrew Book	מפעלות הצדיקים	
3640	10	1899	1	מפעלות הצדיקים	עם דברי משרים ...			Print	תאריך הצנזורה: ווארשה, 28 בספטמבר 1899.	Hassidic Stories													115753	166602	528	174	Q37333	Bibliography of the Hebrew Book	מפעלות הצדיקים	
4105				מפעלות הצדיקים				Print		Hassidic Stories																		None	מפעלות הצדיקים	
3707	578	1901	1	מפעלות צדיקים החדש	"... סיפורים... ושיחות... אמרות... מהרב... משה גלאנטי... הבעש""ט... מהרב... ישראל... מ""מ [מגיד מישרים] דק""ק רוואצק, מהרב... יונתן... אייבשיטץ, מן נסתר אחד, מהרב... יהודה צבי [אייכענשטיין]... מהרב... מאיר מפרימישלאן... מהרב... שמעלקא [הורוויץ] מניקלשפארג... מהרב [ישראל האפשטיין] ... המגיד מקאזניץ ... מהרב... [אליהו] מווילנא... מהרב... מנחם מענדיל [קאליש]... מווארקע, מהרב... מאיר יחיאל [שפירא]... ממאגלניצע, ועוד מכמה גדולים (ר""י [ר' ישראל פרידמאן] מרוזין... מהרב... יחיאל ז""ל אביו של הרא""ש)... הובא לביה""ד בהוצאות של ר' בנימין נ""י ליבעסקינד..."			Print	"עמ' 3: הקדמת ""הכותב"" (המחבר), יוסף בר""א. יתכן שהוא המו""ל ליבעסקינד עצמו, שנהג להעלים את שמו מחיבוריו."	Hassidic Stories													144105			250	Q158004	Bibliography of the Hebrew Book	מפעלות צדיקים החדש	
3774	612	1912	1	מקור חיים	"כולל לקוטי ח""ת [חידושי תורה]. ושיחות... סיפורים... והנהגות טובות... ממקורים נאמנים מקובצים... מכבוד ש""ב [שאר בשרי]... הר""ר חיים הלברשטאם זצוקל""ה אבד""ק צאנז... ונלוה לזה ספר זכרון יחזקאל מבנו... הר""ר יחזקאל שרגא זצ""ל אבד""ק שינאווא... אספתי... הצעיר אברהם חיים שמחה בונם מיכלזאהן... בן... מוהר""ר צבי יחזקאל שליט""א אבד""ק פלונסק והגליל..."			Print	עמ' 69-82; 129-142: קונטרס זכרון יחזקאל; לזכרון יחזקאל.	Hassidic Stories													147822	373533	571	525	Q319445	Bibliography of the Hebrew Book	מקור חיים	
3677	82	1892	1	"מרום הרי""ם"	"כולל ... א. קונטרס צוף הרי""ם; חידושי תורה ... מרנא ורבנא יחיאל מאיר [ליפשיץ] זצוק""ל, אשר אור תורתו ... זרחה בק""ק גאסטנין ... מהם אשר ... מבינתו אמרם לנו. ומהם אשר מפי ... אדומ""ו מקאצק [ר' מנחם מענדיל מארגנשטערן] זצוק""ל. ואדומ""ו מגור [ר' יצחק מאיר אלטר] זצוק""ל. ואדומ""ו מטשעכאנאווי [ר' אברהם לנדא] זצוק""ל. ואדומ""ו מראדזימין [רבי יעקב אריה גוטערמאן] זצוק""ל. ועוד ... ב. קונטרס בכי הרי""ם. מספד ... על ... המנוח הזה [ר' יחיאל מאיר הנז'] ... מדובר בו קצות דרכיו ותהלוכותיו בקודש ... יום נצחו אראלים את מצוקים ... כ""א לירח שבט שנת ת'ר'ח'ם' ... ג. קונטרס נצוצי זה""ר, חידושי ... זקנינו ... מו""ר זעליג זצ""ל מק""ק שרענצק ... חברו והכינו אאמו""ר ... מ""ו יעקב חיים זעליג שליט""א אב""ד דק""ק לובראנץ ... בן אא""ז ... מ""ו יחיאל מיכל שליט""א אבד""ק שעפס ... הוצאתיו לאור אני בנו אברהם מרדכי גאלדשלאג מפלונסק ..."			Print	מקום הדפוס ושמו של המדפיס באותיות קיריליות.	Hassidic Stories													116068	169721	548	953	Q270	Bibliography of the Hebrew Book	"מרום הרי""ם"	
3644	82	1871	1	משמיע תהלות תמימי דרך	"... קבוצת ספורים... מצדיקים... נפלאות הנעשו על ים הקרוש להשר (ר' שמשון) מקוצי ... תולדת הרב ר' יהודה חייט בעל המחבר ספר החייט [פירוש על ספר מערכת האלהות, פירארא שי""ח] וספורי נפלאות אביו ... מהרב ר' יחיאל מיכל מזלאטשוב. מהרב ר' נפתלי [כ""ץ] ראש ישיבה מפוזנא. מהרב ר' אברהם בעין אחת. מעשה נורא מעיר אמשטרדם הבירה. (מפלאות ל""ו צדיקים). מעשה מהרב ר' מרדכי (אחיו של רבי ליב) שרה'ס. מעשה מרב אחד מפראג והגליל... נעתק ויצא לאור ע""י י""ד [על ידי יעקב דרוקרמאן] מסדילקאב."			Print	"הוצאה ביקורתית, עם מבוא, מאת ג' נגאל: ירושלים תשנ""ד. על חיבוריו של דרוקרמאן בתחום הסיפורת עיין נגאל, מלקטי הסיפור החסידי, ירושלים תשנ""ו, עמ' 53-55."	Hassidic Stories													177573	248136	531	953	Q270	Bibliography of the Hebrew Book	משמיע תהלות תמימי דרך	
4117				נפלאות בית לוי				Print		Hassidic Stories																		None	נפלאות בית לוי	
4116				נפלאות בעל שם טוב				Print		Hassidic Stories																		None	נפלאות בעל שם טוב	
3747	578	1912-1908	1	נפלאות היהודי	"... חידושים ... וסיפורים ... מאת ... מרנא ורבנא יעקב יצחק ... זי""ע, הנקרא ... היהודי הקדוש מפרשיסחא ... בן ... ר' אשר ... אב""ד ור""מ בק' פרשעדבורז ... ואבי אביו ... ר' אלחנן ... אבד""ק גריצא ... בן בתו של ... מוהר""י [יצחק] הלוי אחי הט""ז ... המאסף והמעתיק והמבלה""ד יועץ קים קדיש בר' יהושע העשיל יכונה העשקי נ""י לבית ראקאץ מפרשיטיק ... חלק [א]-ב."			Print	"עמ' 22: מכתב הרבי ר' משה""לי [בידערמאן] מלעלוב ... חתן היהודי הקדוש זי""ע, שכתב על הדרך בנסעו לארץ הקדושה, סאדעגארע, א דראש-חודש אלול תר""י."	Hassidic Stories													136292	1442070	579	250	Q158004	Bibliography of the Hebrew Book	נפלאות היהודי	
3748	578	1909	1	נפלאות היהודי	... [חלק א].			Print	"בשער גם הפרט: י'ג'ד'י'ל' ת'ו'ר'ה' [תרס""ח], מן ההוצאה הראשונה."	Hassidic Stories													136293	1442070	579	250	Q158004	Bibliography of the Hebrew Book	נפלאות היהודי	
3781	578	1911	1	נפלאות הצדיקים	"והוא סיפורים חדשים עם מאמרים ... וחדושי תורה ... מהני (כח) אשלי רברבי ... אשר נקובים ... מעבר לדף ... בעש""ט ... ותלמידיו ... (אשר שמעתי מפי אנשים נאמנים [יקותיאל זלמן למברגר])."			Print	"שם המחבר על-פי עדותו בהקדמת ספרו ""מגדיל ישועות מלכו"": חברתי ס' מסיפורי מעשה צדיקים אשר נדפס לא כבר בפיעטרקוב ע""י ... מו""ה אברהם יוסף קליימאן נ""י מווארשא, ונקרא בשם ""נפלאות הצדיקים""."	Hassidic Stories													144944	325088	594	250	Q158004	Bibliography of the Hebrew Book	נפלאות הצדיקים	
3782	82	1913	1	נפלאות הצדיקים				Print	בעמ' 34-35 שני סיפורים נוספים.	Hassidic Stories													144945	325088	594	953	Q270	Bibliography of the Hebrew Book	נפלאות הצדיקים	
3779	612	1911	1	נפלאות הרבי	כולל לקוטי סיפורים ... והנהגות ... וכמה חידושי תורה ... מאת ... ר' יעקב יצחק הלוי הורוויץ ... הנקרא ... הרבי מלובלין ... העתקתי וסדרתי ... מהרבה ספרים ... ומהם אשר לא ראו עוד אור הדפוס. אשר כתבו אלי גאוני וצדיקי דורנו ... משה מנחם בהרב ... אהרן וואלדען מווארשא ...			Print	בשולי השער: דפוס Varshava ,G. Piment i Ia. Shvabe.	Hassidic Stories													130149	381025	593	525	Q319445	Bibliography of the Hebrew Book	נפלאות הרבי	
3780	82	1913	1	נפלאות הרבי				Print	8 עמ': הספד מר.	Hassidic Stories													130150	381025	593	953	Q270	Bibliography of the Hebrew Book	נפלאות הרבי	
3689	578	1896	1	נפלאות חדשות	"... על תורה נביאים וכתובים. וכמה חידושים ... באגדות והלכות ... גם סדר היום הקצר. מהני ... הגאונים ... חברו ... ר' יחיאל משה שליט""א אבד""ק קאמאראווקע וק""ק יאדימאווע. נכד ... מו""ה צבי הירש זצלה""ה מאפאטשנע ... הובא לבית הדפוס ע""י בן ... המחבר ..."			Print	"עמ' 4-13: ""סדר היום הקצר"" (הנהגות טובות)."	Hassidic Stories													135738	170465	552	250	Q158004	Bibliography of the Hebrew Book	נפלאות חדשות	
3690	578	1899	1	נפלאות חדשות	"... על תורה נביאים וכתובים. וכמה חידושים ... באגדות והלכות ... גם סדר היום הקצר מהני ... הגאונים ... חברו ... ר' יחיאל משה שליט""א אבד""ק קאמאראווקע וק""ק יאדימאווע. נכד ... מו""ה צבי הירש זצלה""ה מאפאטשנע ... הובא לבית הדפוס ע""י בן ... המחבר ..."			Print	בתאריך הלועזי שנדפס בשולי השער (1897), נמחקה הספרה האחרונה, ונותר: 189.	Hassidic Stories													327021	170465	552	250	Q158004	Bibliography of the Hebrew Book	נפלאות חדשות	
4108				נצר תאנה	"ספורים... א. ספור... [על] רבנו שמשון השר מקוצי מבעלי התוס[פות]... ב. ספור... שאירע בלבוב שנת תל""ט לאלף הששי... ג. ספור... מהגאון [ר’ יעקב יוסף בן צבי הירש הכהן] בעל תולדות יעקב יוסף ז""ל [קארעץ תק""ם], אשר לא ראה... אור הדפוס. נעתק ויצא לאור ע""י ש""ר מטארנאו"			Print		Hassidic Stories																		None	נצר תאנה	
4109	720	1900	1	נצר תאנה				Print		Hassidic Stories													165632			765	Q106281	Bibliography of the Hebrew Book	נצר תאנה	
3630	9	1865	1	"סדר הדורות מתלמידי הבעש""ט"	"... חלק ראשון, נקבצו בו שמות הצדיקים מימות הבעש""ט ז""ל ותלמידיו עד היום הזה. כמה מאות צדיקים ... עפ""י סדר דורותיהם, כל תלמיד אצל רבו ... גם קצת זכר ממעשיהם הטובים ונפלאות מעוצם קדושתם ופרישותם ודברי מוסרם והנהגותיהם ... ונלוה לזה עוד ספרן של צדיקים, והוא חלק שני, נקבצו בו שמות כל הספרים מהצדיקים ... אשר מזמן הבעש""ט ז""ל עד היום הזה ..."			Print	בראשי העמודים: סדר הדורות החדש.	Hassidic Stories													115755	166602	528	166	Q36036	Bibliography of the Hebrew Book	"סדר הדורות מתלמידי הבעש""ט"	
3631	9	1880	1	"סדר הדורות מתלמידי הבעש""ט"	"... הובא לבית הדפוס ע""י ... מו""ה ישראל אלימלך שטאנד נ""י."			Print	"לפי הוצאת Lemberg תרכ""ה."	Hassidic Stories													177056	166602	528	166	Q36036	Bibliography of the Hebrew Book	"סדר הדורות מתלמידי הבעש""ט"	
3632	10	1899	1	"סדר הדורות מתלמידי הבעש""ט"				Print	בראשי העמודים: סדר הדורות החדש.	Hassidic Stories													115756	166602	528	174	Q37333	Bibliography of the Hebrew Book	"סדר הדורות מתלמידי הבעש""ט"	
3633	9	1870	1	"סדר הדורות מתלמידי הבעש""ט"				Print	בראשי העמודים: סדר הדורות החדש.	Hassidic Stories													115757	166602	528	166	Q36036	Bibliography of the Hebrew Book	"סדר הדורות מתלמידי הבעש""ט"	
3634	10		1	"סדר הדורות מתלמידי הבעש""ט"				Print	בראשי העמודים: סדר הדורות החדש.	Hassidic Stories													115758	166602	528	174	Q37333	Bibliography of the Hebrew Book	"סדר הדורות מתלמידי הבעש""ט"	
3580	623	1815		סיפורי מעשיות	"מה שזכינו לשמוע מפי רבינו... מוהר""ן זצוק""ל... דברים שהם כבשונו של עולם תחת לבושים נפלאים... להלביש ולהסתיר גנזיא דמלכא בסיפורי מעשיות כפי הדור וכפי הזמן (היה לנו גילוי דעת מפי רבינו... ז""ל... פעם אחד... בזה הלשון... בדעתי להדפיס ספר מעשיות ויהיה למעלה כתוב בלשון הקודש ולמטה בלשון לע""ז... וזה אשר העירונו להביאם לבית הדפוס... הכותב והמסדר והמעתיק... נתן בא""א מוהר""ר נפתלי הירץ [שטרנהארץ] יצ""ו מנעמראב רבתי חתן... ר' דוד צבי [אויערבאך] זצלה""ה שהיה אב""ד בק""ק קרעמיניץ ובק""ק שאריגראד ובק""ק מאהלוב)..."			Print	"עיין: א. יערי, הדפוס העברי באוסטרהא, עלי ספר, א, תשל""ה, עמ' 127, מס' 50; מ. פייקאז', חסידות ברסלב, ירושלים תשל""ב, עמ' 184-185."	Hassidic Stories													152168			633	Q140671	Bibliography of the Hebrew Book	סיפורי מעשיות	
3581	9	1864	1	סיפורי מעשיות				Print	עברית ויידיש זו למעלה מזו. היידיש מנוקדת.	Hassidic Stories													314239	97672	524	166	Q36036	Bibliography of the Hebrew Book	סיפורי מעשיות	
3582	9	1854	2	סיפורי מעשיות	"מה שזכינו לשמוע מפי רבינו ... הר""נ [הרב נחמן] זצוק""ל ..."			Print	Verlag v. J. M. Stand, Druck v. M. Poremba.	Hassidic Stories													318406			166	Q36036	Bibliography of the Hebrew Book	סיפורי מעשיות	
3583	9	1870	1	סיפורי מעשיות				Print	"השער מוקף מסגרת-קישוט. במחצית התחתונה של השער: ""הקדמה אויף טייטש""."	Hassidic Stories													314222	97672	524	166	Q36036	Bibliography of the Hebrew Book	סיפורי מעשיות	
3584	82	1881	2	סיפורי מעשיות				Print	"העמ' שמעבר לעמ' 67 נשאר ריק. בעמ' [1] שאחריו מתחיל ""מעשה מבערגער והעני"", ובראש העמ': ""חלק שני""."	Hassidic Stories													152170			953	Q270	Bibliography of the Hebrew Book	סיפורי מעשיות	
3585	82	1881	1	סיפורי מעשיות				Print		Hassidic Stories													152171	97672	524	953	Q270	Bibliography of the Hebrew Book	סיפורי מעשיות	
3586	9	1902	2	סיפורי מעשיות				Print	רמזי המעשיות מאת ר' נחמן גאלדשטיין מטשעהרין.	Hassidic Stories													152173			166	Q36036	Bibliography of the Hebrew Book	סיפורי מעשיות	
3587	82	1903	1	סיפורי מעשיות				Print	שמו של המדפיס באותיות קיריליות.	Hassidic Stories													314231	97672	524	953	Q270	Bibliography of the Hebrew Book	סיפורי מעשיות	
3588	82	1909	1	סיפורי מעשיות				Print		Hassidic Stories													152174	97672	524	953	Q270	Bibliography of the Hebrew Book	סיפורי מעשיות	
3626	9	1873	1	סיפורי צדיקים	מארבעה מטיבי לכת ...			Print	"על-פי Lemberg תרכ""ה, בהשמטת שם המחבר וההקדמה."	Hassidic Stories													180372	112366	535	166	Q36036	Bibliography of the Hebrew Book	סיפורי צדיקים	
3620	9	1864	1	סיפורי צדיקים	"מהחוט המשולש, והמה סיפורי נוראות ונפלאות משלשה עמודי עולם ... רבי ליב שרהעס ... רבי ישראל פאלעצקער (מגדולי תלמידיו של המגיד הגדול ממעזריטש) והר""ר עזריאל בע""ג [בעל עגלה] זצוק""ל ... (ועוד מעשיות מצדיקים הקדושים אשר בארץ המה). הובא לביה""ד ע""י ה""ה ר' מיכאל לוי פרומקין [רודקינזון]."			Print	"הטופס שראינו נכרך עם ספרו ""שבחי הרב"", Lemberg תרכ""ד."	Hassidic Stories													180371	112366	535	166	Q36036	Bibliography of the Hebrew Book	סיפורי צדיקים	
3750	578	1909-1910	1	סיפורי צדיקים החדש	"... אשר לא ראו עוד אור הדפוס... וגם... חידושים... ושיחות... צדיקים מפורסמים... נאסף ונסדר ע""י הרב... ר' אברהם יצחק (סויבלמאן) שליט""א אבד""ק זינקאוויץ. בן להרב... ר' אשר ענזיל זצלה""ה... כל הסיפורים והח""ת [והחידושי תורה]... שמע הרב המחבר... מפי זקנים... בשם כל אחד וא' מרבותיו... חלק [א]-ג."			Print	"[א]: תרס""ט. 46, [2] עמ'."	Hassidic Stories													153369	182386	582	250	Q158004	Bibliography of the Hebrew Book	סיפורי צדיקים החדש	
3751	578	1913	1	סיפורי צדיקים החדש				Print	שמם של המדפיסים באותיות קיריליות.	Hassidic Stories													153370	182386	582	250	Q158004	Bibliography of the Hebrew Book	סיפורי צדיקים החדש	
4118				סיפורי קדושים				Print		Hassidic Stories																		None	סיפורי קדושים	
4119				סיפורי קדושים				Print		Hassidic Stories																		None	סיפורי קדושים	
3673	609	1886	1	סמיכת משה	"... על סוגיות הש""ס, מאת הרב... צבי יהושע הלוי איש הורויץ האבד""ק טרייביטש פרוסטיץ יעמניץ במדינת מעהרין ובסוף ימיו נתקבל לאבד""ק טארני, בן... ר' שמעלקא האבד""ק ניקלשפארג... וחתן אחיו הרב... פנחס הלוי איש הורוויץ אבד""ק פראנקפורט דמיין... גם יש בתוכם דברים... מאביו... ומחותנו... גם הדפסתי בפתיחה דברים... במילי דאגדתא מזקני... ר""ש [ר' שמעלקא] ומזקני... בנו המחבר (מ' גדלי' שמעלקיס בהרב מ' מרדכי... אחיו של... מ' יצחק יהודא האבד""ק שליט""א אשר טרח ויגע... להוציא לאור את הספר... המלבהד""פ שמואל שמעלקא הלוי איש הורוויץ מק' פרעמישלא [ב""ר משולם זלמן ב""ר שמואל שמעלקא ב""ר צבי יהושע, המחבר])..."			Print	"הסכמות ר' שלמה קלוגר ור' אלעזר הלוי איש הורוויץ הועתקו מספר ""נזיר השם וסמיכת משה""."	Hassidic Stories													137566	257253	544	424	Q208473	Bibliography of the Hebrew Book	סמיכת משה	
3718	262	1903	1	ספורי אנשי שם	... (כג) ספורים ... אשר סיפרו גדולי הדור ... הוצאתי לאור ... אליעזר[!] שענקעל.			Print		Hassidic Stories													171152	187059	550	168	127941209	Bibliography of the Hebrew Book	ספורי אנשי שם	
3726	598	1904-1912	1	ספורי יעקב	"ספורים... מצדיקים וקדושים... קדמונים ואחרונים... ששמעתי מצדיקי הדור... ומבניהם... אני יעקב סופר מדאבראמיל בן... מו""ה מאיר זאב ז""ל מחיראב, בנו של... ר' זושא מחיראב הקדוש, שנהרג על קידוש השם... חלק [א]-ב."			Print	עמ' [6]: מפתחות. המפתחות הם של חלק א ונדפסו גם כאן. לחלק ב אין מפתחות.	Hassidic Stories													153582	248427	568	336	Q1638961	Bibliography of the Hebrew Book	ספורי יעקב	
4124	598	1904-1912	1	ספורי יעקב				Print		Hassidic Stories													153582	248427	568	336	Q1638961	Bibliography of the Hebrew Book	ספורי יעקב	
3589	57	1910	2	ספורי מעשיות	... כרך ראשון...			Print	התוכן: א. מעשה מאבידת בת מלך; ב. מעשה ממלך וקיסר; ג. מעשה מחיגר.	Hassidic Stories													152175			691	Q1218	Bibliography of the Hebrew Book	ספורי מעשיות	
4112				ספורי נפלאות				Print		Hassidic Stories																		None	ספורי נפלאות	
3619	610	1896	1	ספורי צדיקים	מהחוט המשולש...			Print	"על-פי ""ספורי צדיקים מארבעה מטיבי לכת"", Lemberg תרכ""ה, פרט לשער שהוא על-פי ההוצאה הראשונה, [לעמבערג] תרכ""ד, בהשמטת שם המחבר."	Hassidic Stories													180373	112366	535	489	Q31487	Bibliography of the Hebrew Book	ספורי צדיקים	
3624	9	1864	1	ספורי צדיקים	"מארבעה מטיבי לכת ... ר' ליב שרהעס ... ר' ליב מספאלע ... רבי ישראל פאלעצקער, וגם ... ר' עזריאל תלמיד חבר לר""י פאלעצקער ... הובא לביה""ד ע""י ... ר' מיכאל לוי פרומקין [רודקינזון] ..."			Print	באותו מקום ובאותה שנה ובאותו עימוד ואצל אותו מדפיס יצאה הוצאה נוספת, בסדר פנימי שונה.	Hassidic Stories													180369	112366	535	166	Q36036	Bibliography of the Hebrew Book	ספורי צדיקים	
3625	9	1864	1	ספורי צדיקים	מארבעה מטיבי לכת ...			Print	הטופס שלפנינו חסר בסופו, אחרי עמ' 40.	Hassidic Stories													180370	112366	535	166	Q36036	Bibliography of the Hebrew Book	ספורי צדיקים	
3641	82	1866	1	ספורי קדושים	"סיפורים נפלאים מפי אנשי אמת אשר ספרו לבניהם ... מאבירי הרועים (הר""י [ר' יצחק לוריא] ... ר' ישראל בעש""ט ... ר' זושא ... ר' אדם בעש""ט ... ר' ליב בן שרה ... ר' יחזקאל [לנדא] מפראג ... מוה' משה מפרעשיוועצקי) ..."			Print	דף יט,ב-כא,א: מעשה נפלאה מבעל המחבר ספר מגלה עמוקות [ר' נתן שפירא].	Hassidic Stories													179478	166602	528	953	Q270	Bibliography of the Hebrew Book	ספורי קדושים	
3642	82	1866	1	ספורי קדושים				Print	"בהוצאה הנוכחית דפים א-טז נדפסו דף-על-דף ושורה-על-שורה על פי ההוצאה הקודמת, [ווארשא?] תרכ""ו, בתיקון טעויות הדפוס. דפים יז-כד נלקחו כמות שהם מן ההוצאה ההיא."	Hassidic Stories													179479			953	Q270	Bibliography of the Hebrew Book	ספורי קדושים	
3643	9	1866	1	ספורי קדושים	... מפי אנשי אמת אשר ספרו לבניהם ... מעשות[!] נפלא[!] מאבירי הרועים ...			Print	"כולל סיפורים מהאר""י (ר' יצחק לוריא), ר' ישראל בעל שם טוב, ר' זושא מהאניפולי, מספר ""תולדות אפרים"" על ר' שלמה אפרים לונטשיץ ""נעתק מפנקס דק""ק פראג"", מבעל ספר מגלה עמוקות (ר' נתן שפירא), ועוד."	Hassidic Stories													320356			166	Q36036	Bibliography of the Hebrew Book	ספורי קדושים	
3715	82	1903	1	ספורים ומאמרים יקרים	"מארבעה מטיבי לכת ה""ה... ר' דוד לייקעס... ר' נחום מטשערנאביל ומבניו... ר' משה ואחיו... ר' מאטעלי מטשערנאביל... ועוד מכמה צדיקים... מאת המאסף והמלקט ישעיה וואלף ציקערניק."			Print		Hassidic Stories													160940	311683	563	953	Q270	Bibliography of the Hebrew Book	ספורים ומאמרים יקרים	
3649	9	1875	1	ספורים נוראים	"... מספר תהלות... ר' ישראל בעש""ט... מו""ה דוב בער ממעזריטש ... ותלמידו... מו""ה שניאור זלמן מלאדי... וגם עוד מהרבה צדיקים... נכתבו ע""י... מוה' יעקב קאדאניר ז""ל מעיר וואלקאמיר במדינת רייסין... והשי""ת הזמין הכת""י לידי ע""י יורשיו והוצאתים לאור עולם. דברי המדפיס אברהם ניסן זיס סג""ל."			Print	עי' רישום ספרו: מצרף העבודה.	Hassidic Stories													161282	238861	534	166	Q36036	Bibliography of the Hebrew Book	ספורים נוראים	
3650	9	1879	1	ספורים נוראים	"... מספר תהלות צדיקים ... הלא המה ... ר' ישראל בעש""ט ... ורבינו ... דוב בער ממעזריטש ... ותלמידו ... מוה' שניאור זלמן מלאדי ... וגם עוד מהרבה צדיקים ... נכתבו ע""י ... מוה' יעקב קאדאניר ז""ל מעיר וואלקאמיר במדינת רייסין ..."			Print	בעמוד האחרון סיפור בשם ר' מאיר מפרימישלאן, שלא נדפס בהוצאת לעמבערג 1875.	Hassidic Stories													318268	238861	534	166	Q36036	Bibliography of the Hebrew Book	ספורים נוראים	
3716	689	1903	1	ספורים נחמדים	"מהבעש""ט והרה""ק מהר""ל מפראג והרה""ק ר' ישכר בער מזלאטשוב, והרה""ק (חיים יוסף דוד) האזולאי, והרה""ק ר' ישעיה מדינעוויץ והרה""ק (ר' אברהם יהושע העשיל) מאפטא ועוד מכמה צדיקים... מאת המלקט והמאסף ישעיה וואלף ציקערניק."			Print	מעבר לשער, באותיות קיריליות: דפוס N. A. Brodovich.	Hassidic Stories													160941	311683	563	957	Q156713	Bibliography of the Hebrew Book	ספורים נחמדים	
3745	9	1908	1	ספורים נפלאים ומאמרים יקרים	"... מהאחים הקדושים בני המגיד ר' מאטעל [טברסקי] מטשערנאבול... הלא המה... ר' דוד מטאלנע... ר' אברהם מטריסק ... ר' יצחק מסקווירא... ומגדולי הדור... ר' פנחס [שפירא] מקארעץ ומהרה""ק ר' הירש ליב מהאליק... מאת המלקט והמאסף ישעיה וואלף ציקערניק."			Print	בשולי השער בגרמנית: Zuckernik	Hassidic Stories													160942	311683	563	166	Q36036	Bibliography of the Hebrew Book	ספורים נפלאים ומאמרים יקרים	
4114				ספר אהבת שלום תנינא				Print		Hassidic Stories													148498					Bibliography of the Hebrew Book	ספר אהבת שלום תנינא	
3704	82	1900	1	ספר חסידים	"אגדות, פרצופים וחזיונות, עם מבוא: ""נשמת חסידים"", [מאת] מיכה יוסף ברדיטצבסקי ..."			Print	"נשמת חסידים נדפס תחילה בתוך ""ממזרח וממערב"", כרך ד, תרנ""ט, עמ' 64-55. נדפס אחר-כך, בשינויים רבים בשם חדש (""משנת חסידים""), בתוך כתבי מיכה יוסף בן גריון, מאמרים, מערכה ב, חלק א, ליפסיה תרפ""ב."	Hassidic Stories													113169	18850		953	Q270	Bibliography of the Hebrew Book	ספר חסידים	
4125				ספרן של צדיקים				Print		Hassidic Stories																		None	ספרן של צדיקים	
3609	9	1864	1	עדת צדיקים	"... הובא לביה""ד ע""י ה""ה ר' מיכאל לוי פרומקין."			Print	"ד האזינו תרכ""ד חל בו יום הכפורים, לפיכך יש לתקן: תרכ""ה."	Hassidic Stories													180374	112366	535	166	Q36036	Bibliography of the Hebrew Book	עדת צדיקים	
3610	9	1864	1	עדת צדיקים	"והיא[!] סיפורי נוראות ונפלאות... הבעש""ט [ר' ישראל בעל שם טוב] ... אשר לא הובאו בשבחי הבעש""ט ז""ל. ועוד נוספו לזה סיפורים אמיתים מצדיקים ... תלמידי הבעש""ט ז""ל ותלמידי תלמידיו ובסופו יסופר נפלאות מאדונינו הרמ""א (ר' משה איסערליס) ז""ל ... הובא לביה""ד ע""י ... מיכאל לוי פרומקין."			Print	"הספר נדפס בתחילת הקיץ של שנת תרכ""ד. הוצאה שניה בסתיו תרכ""ה. תאור מפורט של הספר בתוך: ספר סיפורי קדושים, ההדיר גדליה נגאל, ירושלים תשל""ז, עמ' צז-קג."	Hassidic Stories													180378	112366	535	166	Q36036	Bibliography of the Hebrew Book	עדת צדיקים	
3611	9	1865	1	עדת צדיקים				Print	"על-פי Lemberg תרכ""ה, 1864, בהשמטת שם המחבר מן השער ודברי שטאנד מעבר לשער."	Hassidic Stories													180375	112366	535	166	Q36036	Bibliography of the Hebrew Book	עדת צדיקים	
3612	9	1866	1	עדת צדיקים				Print	"על-פי Lemberg תרכ""ה, 1865."	Hassidic Stories													180376	112366	535	166	Q36036	Bibliography of the Hebrew Book	עדת צדיקים	
3613	9	1870	1	עדת צדיקים	"והוא סיפורי נוראות ... מאדון ... הבעש""ט הקדוש, אשר לא הובאו בשבחי הבעש""ט ז""ל. ועוד נוספו לזה סיפורים ... מצדיקים ... תלמידי הבעש""ט ז""ל ותלמידי תלמידיו. ובסופו יסופר נפלאות מאדונינו הרמ""א [ר' משה איסרלש] ..."			Print	"הסיפור הראשון בהוצאה זו: ""מעשה נורא שקרא בימי הגאון מהרש""א"". סיפור זה מופיע בהוצאת תרכ""ה בדף [יז,ב]."	Hassidic Stories													319581	112366	535	166	Q36036	Bibliography of the Hebrew Book	עדת צדיקים	
3614	9	1882	1	עדת צדיקים				Print	"נשמטו שני הסיפורים האחרונים על הרמ""א ודברי-החתימה של רודקינזון: ""עתה קורא נעים, דבר לי אליך ... ""."	Hassidic Stories													180379	112366	535	166	Q36036	Bibliography of the Hebrew Book	עדת צדיקים	
3615	9	1882	1	עדת צדיקים				Print	"בשער: ""בשנת ה'כ'ת'ר' [תרכ""ה]"". מהוצאה קודמת."	Hassidic Stories													180380	112366	535	166	Q36036	Bibliography of the Hebrew Book	עדת צדיקים	
3616	9	1897	1	עדת צדיקים				Print	"בשער גם: ""בשנת ה'כ'ת'ר' [תרכ""ה]"". מהוצאה קודמת."	Hassidic Stories													180381	112366	535	166	Q36036	Bibliography of the Hebrew Book	עדת צדיקים	
3617	10	1899	1	עדת צדיקים				Print	על-פי הוצאת Lemberg 1897.	Hassidic Stories													180382	112366	535	174	Q37333	Bibliography of the Hebrew Book	עדת צדיקים	
4120				עטרת זקנים				Print		Hassidic Stories																		None	עטרת זקנים	
3763	612	1910	1	עטרת מנחם	"כולל לקוטי חידושי תורה. ושיחות...סיפורים ... והנהגות... מאת... ר' מנחם מענדיל זצוקל""ה מרימנוב, נפטר יט אייר תקע""ה... ודרך אגב הובא כמה ענינים מהגאונים... ר' שמעלקא הלוי איש הורוויץ... ומאחיו הוא זקני מ' פנחס הלוי אבד""ק פ""פדמיין... ומש""ב מ' יצחק הלוי [הורוויץ] אבד""ק אה""ו. והממגיד [!] מקאזניץ (ישראל ב""ר שבתי). ושאר צדיקים... אספתי ולקטתי... אברהם חיים שמחה בונם בן... ר' צבי יחזקאל שליט""א מיכלזאהן אבד""ק פלונסק... נדפס בהוצאות ר' משה ליפשיטץ... בווארשא..."			Print		Hassidic Stories													148494	91957		525	Q319445	Bibliography of the Hebrew Book	עטרת מנחם	
3746	578	1908	1	עטרת צבי	"דרושים ... אשר דרש בשבת הגדול, ושבת תשובה ... מרן צבי הירש חריף זצוקלה""ה אב""ד ור""מ דק""ק הלברשטאט והמדינה ... ונלוה לזה קונטרס תפארת צבי; כולל ... תולדות ימי חייו ... של דו""ז הגה""ק המחבר ... מאתי צבי יחזקאל מיכלזאהן אבדפ""ק פלונסק והגליל ... יצא לאור בהוצאות בית מסחר הספרים של ר' העניך זילבערשאץ נ""י מבענדין ובהשתדלות ר' אליעזר נ""י זעלקאוויץ מבענדין ..."			Print	"הדרושים נדפסו קודם לכן בשו""ת עטרת צבי, [למברג תקס""ד]."	Hassidic Stories													112318	172041	577	250	Q158004	Bibliography of the Hebrew Book	עטרת צבי	
3672	45	1884	1	עטרת צבי	"כולל תולדות הרב... ר' צבי הירש [לעווין] ופעולותיו, שהיה אב""ד בברלין ומלפנים אב""ד בלונדן, האלברשטאדט ומנהיים, בהגאון מוהר""ר אריה ליב אב""ד דק""ק אמסטרדם, ממני אליעזר בר הר""ר מאיר לאנדסהוטה זצ""ל..."			Print		Hassidic Stories													142253	1443007	543	578	Q64	Bibliography of the Hebrew Book	עטרת צבי	
3778	82	1910	1	עטרת תפארת	"בו נלקטו ונאספו חיד""ת ושיחות ... וסיפורים... מרבותינו הצדיקים... ר' צבי הירש [אייכנשטיין] מזידיטשוב... ר' משה [אייכנשטיין] מסאמבאר... ר' יצחק אייזיק [ספרין] מקאמארנא... ר' יודא צבי [אייכנשטיין] מראזלא... ר' חיים האלבערשטאם מצאנז... ר' אשר [רובין] מראפשיץ... ר' אברהם ממיקאליוב... ר' דוד [האגר] מזאבליטוב... ר' ישעי' שור מיסאססי. המאסף... יהודה ארי' לבית תאומים פרענקיל.."			Print		Hassidic Stories													159969	4985368	592	953	Q270	Bibliography of the Hebrew Book	עטרת תפארת	
4111				עין הבדולח				Print		Hassidic Stories													142164					Bibliography of the Hebrew Book	עין הבדולח	
3738	578	1907	1	עשר אורות	"בו יבוא חידושים ... שיחות [ומכתבים] ... סיפורים ומעשיות ... וגם הנהגות ... מן ... גאונים וקדושים הקשורים במשפחתינו ... א. ... ר' דובער ממעזריטש, ב. ... ר' פנחס [שפירא] מקאריץ, ג. ... ר' לוי יצחק [ב""ר מאיר] מבארד[יצ'ב], ד. ... ר' יצחק [ב""ר יחיאל מיכל] מראדוויל, ה. ... ר' ישראל [הופשטיין] המגיד מקאזניץ, ו. ... ר' יעקב יצחק [הורוויץ] מלובלין, ז. ... רא""י [ר' אברהם יהושע] העשיל מאפטא, ח. ... ר' ישראל [פרידמאן] מריזין, ט. בנו ... ר' אברהם יעקב [פרידמאן] מס""ג [מסאדיגורה], י. בנו [של ר' ישראל] ... ר' ד""מ [דוד משה פרידמאן] מטשארטקוב ... דברי ... ישראל בהרב ... יצחק שמחה ... רב ... פה עיר בוקארעשט ... סדרתי בריש ספר זה ""פתיחתא רבתא"" ... מש""ס בבלי וירושלמי ... לעורר אמונה שלימה ..."			Print	"יש טפסים המסתיימים בעמ' 156, בלי ה""הוספות למגילת היוחסין"". כמו כן יש טפסים המסתיימים בעמ' 157, בלי רשימת הפרנומרנטין."	Hassidic Stories													331428	168756	586	250	Q158004	Bibliography of the Hebrew Book	עשר אורות	
3739	82	1913	1	עשר אורות	"בו יבוא חידושים ... שיחות [ומכתבים] ... סיפורים ומעשיות ... וגם הנהגות ... מן ... גאונים וקדושים הקשורים במשפחתינו ... א. ... ר' דובער [ב""ר אברהם] ממעזריטש, ב. ... ר' פנחס [שפירא] מקאריץ, ג. ... ר' לוי יצחק [ב""ר מאיר] מבארד[יצ'ב], ד. ... ר' יצחק [ב""ר יחיאל מיכל] מראדוויל, ה. ... ר' ישראל [הופשטיין] המגיד מקאזניץ, ו. ... ר' יעקב יצחק [הורוויץ] מלובלין, ז. ... רא""י [ר' אברהם יהושע] העשיל מאפטא, ח. ... ר' ישראל [פרידמאן] מריזין, ט. בנו ... ר' אברהם יעקב [פרידמאן] מס""ג [מסאדיגורה], י. בנו [של ר' ישראל] ... ר' ד""מ [דוד משה פרידמאן] מטשארטקוב ... דברי ... ישראל בהרב ... יצחק שמחה ... רב ... פה עיר בוקארעשט ... סדרתי בריש ספר זה ""פתיחתא רבתא"" ... מש""ס בבלי וירושלמי ... לעורר אמונה שלימה ..."			Print	יש טפסים בהם 156 עמ' בלבד.	Hassidic Stories													331457	168756	586	953	Q270	Bibliography of the Hebrew Book	עשר אורות	
3759	578	1910	1	עשר עטרות	בו יבוא חידושים ... שיחות [ומכתבים] ... סיפורים ומעשיות ... וגם הנהגות ... מן ... גאונים וקדושים הקשורים במשפחתינו ... א. ... ר' משה מדראגיטשין, ב. ... ר' אברהם [אייזנברג] מאולינאב, ג. ... ר' שלמה ליב מלענטשנא, ד. ... ר' משה צבי [גוטרמאן] מסאווראן, ה. ר' מאיר מפרימישלאן, ו. ... ר' [חיים] אברהם [רדליך] ממיקאליוב, ז. ... ר' דוד [האגר] מזאבליטוב, ח. ... ר' שמעלקא מסאסוב, ט. ... ר' ישעי' שור, י. ... ר' יחיאל מיכל [ברגר] (אבי אבא מארי) ... דברי ... ישראל בהרב ... יצחק שמחה... הרובץ תחת משא קהל ישורון פה עיר בוקארעשט ...			Print	בטפסים מן הסוג האחרון, בהסכמתו של הרב מיכלזאהן (בעמ' 7) יש חלל ריק, אך לא חסר מאומה מן הטקסט.	Hassidic Stories													331430	168756	586	250	Q158004	Bibliography of the Hebrew Book	עשר עטרות	
3760	578	1911	1	עשר עטרות	בו יבוא חידושים ... שיחות [ומכתבים] ... סיפורים ומעשיות ... וגם הנהגות ... מן ... גאונים וקדושים הקשורים במשפחתינו ... א. ... ר' משה מדראגיטשין, ב. ... ר' אברהם [אייזנברג] מאולינאב, ג. ... ר' שלמה ליב מלענטשנא, ד. ... ר' משה צבי [גוטרמאן] מסאווראן, ה. ר' מאיר מפרימישלאן, ו. ... ר' [חיים] אברהם ממיקאליוב, ז. ... ר' דוד [האגר] מזאבליטוב, ח. ... ר' שמעלקא מסאסוב, ט. ... ר' ישעי' שור, י. ... ר' יחיאל מיכל [ברגר] (אבי אבא מארי) ... דברי ... ישראל [ברגר] ...			Print	"בשער: פיעטרקוב, פרט של שנת תר""ע והתאריך 1910. מההוצאה הראשונה, תר""ע."	Hassidic Stories													331506	168756	586	250	Q158004	Bibliography of the Hebrew Book	עשר עטרות	
3758	578	1909	1	עשר צחצחות	"בו יבוא חידושים ... שיחות [ומכתבים] ... סיפורים ומעשיות ... וגם הנהגות ... מן ... גאונים וקדושים הקשורים במשפחתינו ... א. ... ר' אלימלך [ווייסבלום] מליזענסק, ב. ... ר' משה [יהודה] ליב [בן יעקב] מסאסוב, ג. ... ר' מנחם מענדל [האגר] מקאסוב, ד. ... ר' יצחק אייזיק [טויב] מקאלוב, ה. ... ר' אורי [ב""ר פינחס] מסטרעליסק, ו. ... ר' נפתלי צבי [הורוויץ] מרופשיטץ, ז. חתנו ... ר' אשר [ישעיה רובין] מרופשיטץ, ח. ... ר' צבי אלימלך [ב""ר פסח שפירא] מדינוב, ט. ... ר""ח [חיים] הלברשטאם מצאנז, י. ... ר' אברהם [בראנדוויין] מסטרעטין ... דברי הק' ישראל בהרב ... יצחק שמחה ... הרובץ תחת משא קהל ישורון פה עיר בוקארעשט ..."			Print	"יש טפסים בהם נוסף בסוף הספר, אחרי עמ' 141, עמ' אחד: ""ספרי האויפלאגין שחלי"", רשימת ספרים בהוצאת א""י קליימאן."	Hassidic Stories													331429	168756	586	250	Q158004	Bibliography of the Hebrew Book	עשר צחצחות	
3734	578	1906	1	עשר קדושות	"בו יבוא חידושים... שיחות [ומכתבים].. עם סיפורים ומעשיות... וגם הנהגות.. מן עשרה גאונים וקדושים, הקשורים במשפחתינו... דברי... ישראל בהרב ... יצחק שמחה זללה""ה ... בהוצאות ... ר' אברהם יוסף קליימאן מקאלביעל."			Print	"מכתביהם (הסכמותיהם) של ר' חיים מצאנז, ר' יקותיאל יהודה טייטעלבוים, ר' יצחק אהרן איטינגא ור' מנחם מענדיל פאנעט הועתקו, בשינויים, מספרו ""רצון ישראל"", מונקאטש תרנ""ז."	Hassidic Stories													333361	168756	586	250	Q158004	Bibliography of the Hebrew Book	עשר קדושות	
3735	578	1910	1	עשר קדושות	"... בו יבוא חידושים ... שיחות [ומכתבים] ... עם סיפורים ומעשיות ... וגם הנהגות ... מן ... גאונים וקדושים, הקשורים במשפחתינו ... א. ... ר' יצחק אייזק [אייכנשטיין] מספרין, ב. בנו ... ר' צבי הירש [אייכנשטיין] מזידיטשוב, ג. בנו ... ר' משה [אייכנשטיין] מסאמבור, ד. בנו ... ר' [אלכסנדר] סענדר [אייכנשטיין] מקמארנא, ה. בנו ... ר' ישכר בעריש [אייכנשטיין] מזידיטשוב, ו. בנו ... ר' ליפא [אייכנשטיין] מסאמבור, ז. ... ר' יודא צבי [אייכנשטיין] מראזדל, ח. ... מוהרי""א [ר' יצחק אייזיק אייכנשטיין] מזידיטשוב, ט. ... מוהרי""א [ר' יצחק אייזיק יהודה יחיאל ספרין] מקמארנא, י. ... ר' יודא ליבוש מראזדל [ב""ר אברהם משה מאוסטראה]. סדרי התקשרותינו עם אלה הצדיקים, במגילת יחוסינו המה חקוקים ... דברי הק' ישראל [ברגר] ..."			Print	עמ' 107-118: מגלת יוחסין וסדר ההתקשרות.	Hassidic Stories													331427	168756	586	250	Q158004	Bibliography of the Hebrew Book	עשר קדושות	
3736	82	1913	1	עשר קדושות	"... בו יבוא חידושים ... שיחות [ומכתבים] ... עם סיפורים ומעשיות ... וגם הנהגות ... מן ... גאונים וקדושים, הקשורים במשפחתינו ... א. ... ר' יצחק אייזק [אייכנשטיין] מספרין, ב. בנו ... ר' צבי הירש [אייכנשטיין] מזידיטשוב, ג. בנו ... ר' משה [אייכנשטיין] מסאמבור, ד. בנו ... ר' [אלכסנדר] סענדר [אייכנשטיין] מקמארנא, ה. בנו ... ר' ישכר בעריש [אייכנשטיין] מזידיטשוב, ו. בנו ... ר' ליפא [אייכנשטיין] מסאמבור, ז. ... ר' יודא צבי [אייכנשטיין] מראזדל, ח. ... מוהרי""א [ר' יצחק אייזיק אייכנשטיין] מזידיטשוב, ט. ... מוהרי""א [ר' יצחק אייזיק יהודה יחיאל ספרין] מקמארנא, י. ... ר' יודא ליבוש מראזדל [ב""ר אברהם משה מאוסטראה]. סדרי התקשרותינו עם אלה הצדיקים, במגילת יחוסינו המה חקוקים ... דברי הק' ישראל [ברגר] ..."			Print	עמ' 107-118: מגלת יוחסין וסדר ההתקשרות.	Hassidic Stories													331456	168756	586	953	Q270	Bibliography of the Hebrew Book	עשר קדושות	
3776	244	1911	1	פאר וכבוד	"9$4 במערכת ספר דברים ערבים, וגם לרבות מלתא דבדיחותא ושיחות חולין של ת""ח ... איזה גרגרים ח""ת ... [מאת] ב' עהרמאן, פערבעניק ..."			Print	"פ' רושם: תר""ע."	Hassidic Stories													121487	248426	566	1638	Q146456	Bibliography of the Hebrew Book	פאר וכבוד	
3777	244	1912	1	פאר וכבוד				Print		Hassidic Stories													111838	248426	566	1638	Q146456	Bibliography of the Hebrew Book	פאר וכבוד	
3627	9	1865	1	פאר מקדושים	"... סיפורים ... מצדיקי יסודי עולם ובראשם ... ר' ישראל בעש""ט (המביא לבית הדפוס ... אברהם יהושע העשיל דרוקער) ..."			Print		Hassidic Stories													115763	166602	528	166	Q36036	Bibliography of the Hebrew Book	פאר מקדושים	
3628	9	1885	1	פאר מקדושים	"... סיפורים ... מצדיקי עולם ובראשם ... ר' ישראל בעש""ט ... בהוצאות הר' אברהם יהושע העשיל דרוקער ..."			Print	"בשער: שנת ש'יר'ו לה' שיר חדש ת'ה'לתו בק'הל חסידים'אש. נראה שבטעות הובלטה האות ת ושנת הדפוס היא תרמ""ה."	Hassidic Stories													115764	166602	528	166	Q36036	Bibliography of the Hebrew Book	פאר מקדושים	
3703	262	1900	1	פעולת הצדיקים	"קבוצת מאמרים... סיפורים... חידושים וביאורים... להרבה מקראי קודש...הנובעים ממקור נאמן, רבנים גאונים... הובא לבית הדפוס ע""י... מו""ה יצחק צינגער נ""י... מעיר ראווא-רוסקא."			Print		Hassidic Stories													160861	248436	558	168	127941209	Bibliography of the Hebrew Book	פעולת הצדיקים	
3722	578	1903	1	צבי לצדיק	"הוא קובץ חידושים... על התורה ונ""כ וסוגיות הש""ס, ושו""ת ודרושים, מאת חו""ז [חותני זקני]... רבינו צבי הירש זצוקלל""ה, אב""ד... לונדון, הלברשטאט, מנהיים, ברלין... בן... מו""ה אריה ליב אבדק""ק אמשטרדם, חתן... ההכם צבי [אשכנזי]... ובסופו נלוה מחברת בית צדיק, כולל בתוכו תולדות ימי חייו של... המחבר זצ""ל, מאת כבוד חותני הרב... מוה' צבי יחזקאל מיכלזאהן שליט""א אבדק""ק פלונסק... כל אלה העתקתי וסדרתי... חתן נכדו של המחבר אברהם נתן בלאאמו""ר... מו""ה יחיאל איכל איילבערג שליט""א ראבדק""ק זגערש..."			Print	שמו של המדפיס באותיות קיריליות.	Hassidic Stories													143137	83894		250	Q158004	Bibliography of the Hebrew Book	צבי לצדיק	
3796	612	1913	1	צרור החיים השלם	"... הוגה בדיוק ונסדר בהוספות הרבה ונדפס בהוצאות הרב ... מו""ה נתן נטע הכהן שליט""א אבד""ק קאלביעל ..."			Print	עם ההסכמה מן ההוצאה הראשונה.	Hassidic Stories													144125	383260	600	525	Q319445	Bibliography of the Hebrew Book	צרור החיים השלם	
4107		1896		קבוצת יעקב				Print		Hassidic Stories													149435					Bibliography of the Hebrew Book	קבוצת יעקב	
4104				קהל חסידים				Print		Hassidic Stories																		None	קהל חסידים	
3621	82	1866	1	קהל חסידים	"כולל הרבה סיפורי נוראות ונפלאות מרבותינו ... רבי ישראל בעש""ט ממעזיבוז ... תלמידיו ותלמידי תלמידיו ... ובסופו באו סיפורים נוראים מרבותינו ... הרמ""א [ר' משה איסרלש] ... המהרש""א [ר' שמואל אליעזר אידלש] ... (המאסף והמלקט [ר' אהרן וואלדען])."			Print	"מסתבר שהספר נתחבר על-ידי אהרן וואלדען, שהדפיסו בווארשא בשנת תרכ""ו, שכן הובא בו בכמה מקומות ספרי שם הגדולים החדש שהדפיס בווארשא תרכ""ה. על זהותו של ר' אהרן וואלדען כמחבר קהל חסידים העיד מיכאל לוי רודקינזון עצמו בספרו תולדות בעלי שם טוב, קעניגסבערג תרל""ו, עמ' 36, הערה 29, ועמ' 102, הערה לה."	Hassidic Stories													130132	249274	530	953	Q270	Bibliography of the Hebrew Book	קהל חסידים	
3622	82	1866	1	קהל חסידים				Print	"על-פי [ווארשא? תרכ""ו?], בהשמטת שלושה סיפורים."	Hassidic Stories													130133	249274	530	953	Q270	Bibliography of the Hebrew Book	קהל חסידים	
3623	82	1870	1	קהל חסידים				Print	בטופס שבספריית שוקן סודר ועומד הקונטרס האחרון (יד) בסדר-אותיות ובעימוד שונה, וארבעת דפיו מסומנים: מא, מג, [1], מ (הפוכה) [במקום: נז, [2], ס].	Hassidic Stories													130134	249274	530	953	Q270	Bibliography of the Hebrew Book	קהל חסידים	
3712	9	1902	1	קהל חסידים החדש	"... כולל שני מאות סיפורים ... אשר סיפרו ארבעה ... אנשי השם [אספם ר' יצחק דוב בער ב""ר צבי הירש] ..."			Print	"הוא ספרו ""אמונת צדיקים"". נשמט הקולופון, המכיל ראשי-התיבות של המאסף."	Hassidic Stories													136873			166	Q36036	Bibliography of the Hebrew Book	קהל חסידים החדש	
3629	9	1865	1	קהל קדושים	"קבוצת מעשיות ... מתלמידי הבעש""ט ... מהצדיק ... (יעקב יצחק [הלוי הורוויץ]) מלובלין. מהגאון הק' ר' [שמואל] שמעלקא [הלוי הורוויץ] מניקלשפורג. (מהגאון ... צבי הירש מזודיטשוב ... מקדוש עליון ... מו""ה ישראל מריזין ... מהצדיק ... מו""ה אלימלך [מליזענסק]). וגם מעשות קדומות ... [מאת ר' מנחם בודק]."			Print	פרידברג מיחסו למיכאל לוי פרומקין (רודקינזון).	Hassidic Stories													115767	166602	528	166	Q36036	Bibliography of the Hebrew Book	קהל קדושים	
3720	578	1903	1	קול שמחה	"השלם והמתוקן... הובא לדפוס פעם ראשונה בשנת תרי""ט... בעיר ברעסלא... ועתה נדפס... ובהגהה מדויקת...ובכמה הוספות (הן מאמרים שלימים והן... תשלום מאמרים אשר נשמטו ... ולא היו... בהנדפס והרהבתי להציג באיזה מקומות בשולי היריעה הצריך ביאור לדבריו) ע""י הרב ר' אהרן (בהר""ין [ר' ישעיהו נתן] זלה""ה) וואלדען נ""י מווארשא."			Print	"עם ההסכמות מן ההוצאה הראשונה ועם ""אגרת מק""ק פרשיסחא"" (דף לז,ב) ובתוספת ""אגרת מה שהשיב מרן להגאון... ר' אליעזר חרל""פ ז""ל... אבד""ק שצוצין (שם)."	Hassidic Stories													176088	272210	565	250	Q158004	Bibliography of the Hebrew Book	קול שמחה	
3705	689	1900	1	רבי ישראל בעל שם טוב	"<בעש""ט>, חייו, שטתו ופעולתו, [מאת] אברהם כהנא..."			Print	טכסט גם על המעטפת.	Hassidic Stories													140961	151668	559	957	Q156713	Bibliography of the Hebrew Book	רבי ישראל בעל שם טוב	
3660	82	1881	1	רמתים צופים	"והוא פירוש ... על ... תנא דבי אליהו [עם הפנים, ועם פירוש ישועות יעקב, לר' יעקב ב""ר נפתלי הירץ מבראד]. אשר חיבר ... ר' שמואל זלה""ה משינאווי האבד""ק וולאדווי, בראק, שעדליץ, לאוויטש, ולבסוף ימיו היה אבד""ק נאשעלסק ... כולל הרבה ביאורים וחידושי תורה עפ""י דברי רבותיו ... א. ... ר' יעקב יצחק לוי [הורוויץ] ... מלובלין, ב. ... ר' יעקב יצחק ... היהודי מפשיסחא, ג. ... ר' שמחה בונם ... מפשיסחא, ד. ... ר' מנחם מענדל [מורגנשטרן] ... מקאצק, ה. ... ר' שלמה יהודה ליב ... מלענטשנע, ו. ... ר' יצחק מאיר [אלטר] ... מגור, ז. ... ר' יצחק ... מנעשכיז ... אסף עוד המחבר ז""ל חדושי תורה וספורים ... ששמע בעצמו ... מרבותיו הנ""ל והציג אותם לבדנה ... ועוד מכמה צדיקי יסודי עולם הנפרטים מעבר השני ... הובא לבית הדפוס בהוצאות ובהשגחת השותפים ... ר' אהרן וואלדען נ""י והר""ר מרדכי קאלינבערג נ""י. (חלק [א]-ב)."			Print	"הפנים והפירוש ""ישועות יעקב"", על-פי ווארשא תרל""ד, בתוספת ""פסיקתא רבתי""."	Hassidic Stories													182091			953	Q270	Bibliography of the Hebrew Book	רמתים צופים	
3661	82	1882	1	רמתים צופים	"והוא פירוש ... על ... תנא דבי אליהו [עם הפנים, ועם פירוש ישועות יעקב, לר' יעקב ב""ר נפתלי הירץ מבראד] אשר חיבר ... ר' שמואל זלה""ה משינאווי ... (חלק [א]-ב)."			Print	מקום הדפוס ושמו של המדפיס באותיות קיריליות.	Hassidic Stories													182092			953	Q270	Bibliography of the Hebrew Book	רמתים צופים	
3662	82	1901	1	רמתים צופים	"והוא פירוש ... על ... תנא דבי אליהו [עם הפנים, ועם פירוש ישועות יעקב, לר' יעקב ב""ר נפתלי הירץ מבראד] אשר חיבר ... ר' שמואל זלה""ה משינאווי ... (חלק [א]-ב)."			Print		Hassidic Stories													182100			953	Q270	Bibliography of the Hebrew Book	רמתים צופים	
3663	82	1908	1	רמתים צופים	"... על ... תנא דבי אליהו, אשר חיבר ... ר' שמואל... משינאווי [עם הפנים, ועם הפירוש ישועות יעקב מאת ר' יעקב ב""ר נפתלי הירץ מבראד]... (חלק [א]-ב)."			Print		Hassidic Stories													201610			953	Q270	Bibliography of the Hebrew Book	רמתים צופים	
3741	578	1907	1	רשפי אש השלם	"כתבי קודש אשר יצאו מפי ... ר' מרדכי זצוקלל""ה... מנעסכיאז... קמנו... להביאו מחדש לביה""ד וסדרנו אותו על סדר פרשיות התורה, ונו""כ... והוספנו... מחידושי תורתו המפוזרים בספרי צדיקים... בשם רבינו... וביותר מספרי תלמודיו [!]... אשר שמעו מפיו... ועל המאמרים הסתומים הצגנו ביאורים... מאת גדולי וגאוני זמנינו... וקצת מה שעלה בשכלינו ... ונלוה לזה בסופו קונטרוס שבחי מוהר""מ... נתן נטע הכהן במוהר""צ [צבי דאנער] אב""ד דק""ק קאלביעל... שמעון מנחם מענדל [וואדניק] מגאוורטשוב במוהרי""צ נ""י מקוטנא. נדפס בהוצאות ובהשתדלות הר'... יעקב דוד ויטטעלזאהן נ""י. חתן הרב הנ""ל מקאלביעל..."			Print	"16 העמ' האחרונים, עם שער מיוחד: לקוטי שבחי מוהר""מ זלה""ה."	Hassidic Stories													149567	181545	555	250	Q158004	Bibliography of the Hebrew Book	רשפי אש השלם	
3742	578	1907	1	רשפי אש השלם	"... נדפס בהוצאות ובהשתדלות הר'... יעקב דוד ויטטעלזאהן נ""י... ר' יחיאל מענדיל קליימאן..."			Print	בשער: 1907	Hassidic Stories													149568	181545	555	250	Q158004	Bibliography of the Hebrew Book	רשפי אש השלם	
4099				שבחי בעל שם טוב				Print		Hassidic Stories																		None	שבחי בעל שם טוב	
4098				"שבחי הבעש""ט"				Print		Hassidic Stories																		None	"שבחי הבעש""ט"	
3565	261	1814	1	"שבחי הבעש""ט"	"והוא ספורי נפלאות ונוראות מכבוד ... מ' ישראל בעש""ט זיע""א ומתלמידיו (ששמעתי מאנשי אמת ... ובכל מעשה כתבתי ממי ששמעתי ... ולא הוספתי ולא גרעתי ... וכתבתי כ""ז [כל זה] ... לבני ולבני בני ... לזכרון ולחיזוק אמונות ה' ותורתו ואמונו[ת] הצדיקים ... הכותב [דוב בער ב""ר שמואל שוחט דק""ק לינץ]) ..."			Print	על היחס שבין הוצאה זו להוצאת בארדיטשוב עיין מונדשיין, שם, עמ' 47 ואילך.	Hassidic Stories	קופוסט (בלארוס)	15/09/1914											168583			1676	Q981755	Bibliography of the Hebrew Book	"שבחי הבעש""ט"	
3566	616	1815	2	"שבחי הבעש""ט"	"... ספורי נפלאות ונוראות מכבוד ... מוה' ישראל בעש""ט זי""ע (שכבר נדפס במדינת ליטא) ... נחקקו ונאמרי' ... מאחד קדוש מדבר ... ר' דוב בער במו""ה שמואל זצ""ל שוחט דק' לינץ שהי' מקדם חתן ... מוה' אלכסנדר שוחט נבג""מ שהי' סופר מהיר אצל הבעש""ט כמה שנים קודם בא ... מוה' צבי הירש סופר זצ""ל ואח""כ היו שניהם סופרים ונעשה אח""כ שו""ב בק""ק שדה לבן ואח""כ בק""ק ברדיטשוב ואח""כ ... בפקודת הבעש""ט בק' נעמרוב (המעתיק בן המספר ... הק' יהודה ליב בהמנוח מוה' דוב בער זללה""ה שו""ב דק""ק לינץ) ..."			Print	"עיין: יצחק רפאל, שבחי הבעש""ט, ארשת, ספר ב, תש""ך, עמ' 358-364, ועמ' 364, הערה 3."	Hassidic Stories													168584			571	Q158799	Bibliography of the Hebrew Book	"שבחי הבעש""ט"	
3567	263	1815	1	"שבחי הבעש""ט"	... (המביא לבית הדפוס ... דוד לב מלאשצוב).			Print	"על-פי קאפוסט, בהשמטת ""הקדמת המדפיס"" הראשון, ובהעלמת ""שם המספר""."	Hassidic Stories													168585			1681	Q2167485	Bibliography of the Hebrew Book	"שבחי הבעש""ט"	
3568	692	1817	1	"שבחי הבעש""ט"	... והגם כי המדפיסים הקודמים הכינו רשת ... לבל ידפיסוהו שנית, כלכלנו דברינו במשפט ... ורבו המתירים ... ואדרבה למצוה יחשב ... כי הראשונים ספו תמו ואינם בנמצא ...			Print	"מקום הדפוס על-פי חתימת הפועל בסוף הספר: ""הבחור יצחק בן מהורר דוב יצ""ו מק""ק לאשצוב ולע""ע עוסק בק""ק הרובשוב""."	Hassidic Stories													168586			969	Q924103	Bibliography of the Hebrew Book	"שבחי הבעש""ט"	
3569			1	"שבחי הבעש""ט"				Print	באותיות מרובעות.	Hassidic Stories													168587					Bibliography of the Hebrew Book	"שבחי הבעש""ט"	
3570		1840	1	"שבחי הבעש""ט"				Print	"ההסכמות ודברי המביא לבית הדפוס, שהובטחו בשער (""שפתי רננות של המביא לבית הדפוס וגם הסכמות נחקק ונרשם לאחרונה"") לא נדפסו."	Hassidic Stories													168588					Bibliography of the Hebrew Book	"שבחי הבעש""ט"	
3571		1840	1	"שבחי הבעש""ט"	... שפתי רננות של המביא לבית הדפוס וגם הסכמות נחקק ונרשם לאחרונה כי לפנים קצרה היריעה מהכיל.			Print	בערך באותן שנים יצאה הוצאה נוספת בת [44] דף.	Hassidic Stories													168601					Bibliography of the Hebrew Book	"שבחי הבעש""ט"	
3572	270	1850	1	"שבחי הבעש""ט"				Print	"על-פי דפוס הרובשוב תקע""ז, עם נוסח השער."	Hassidic Stories													168590			1703	Q864836	Bibliography of the Hebrew Book	"שבחי הבעש""ט"	
3573	270	1850	1	"שבחי הבעש""ט"				Print	"על-פי דפוס הרובשוב תקע""ז, עם נוסח השער."	Hassidic Stories													303262			1703	Q864836	Bibliography of the Hebrew Book	"שבחי הבעש""ט"	
3574	82	1870	1	"שבחי הבעש""ט"				Print	"בסוף: ""תושלבע"", אולם נדפס כאן רק חלק קטן בלבד מם הספר, וגם זה בהשמטת שני סיפורים בדף [10, א] וחמישה סיפורים בדף [24, א]."	Hassidic Stories													168589			953	Q270	Bibliography of the Hebrew Book	"שבחי הבעש""ט"	
3575	82	1885	1	"שבחי הבעש""ט"	"... [כמש""נ] בלעמבערג שנת תרמ""ה."			Print	"בעמ' 70-71 נדפס סיפור נוסף: ""פעם אחת שבת הבעש""ט באיזה כפר... ואמר ידעתי כי יהיה בוודאי מנין"" והיה שם חולה משותק בגופו עשר שנים וקם ממטתו להצטרף למנין וחי עוד עשר שנים בבריאות. ומופת נוסף הראה הבעש""ט, שבעל האכסניה הוליד שני בנים לאחר שהיה חשוך בנים במשך ששים שנה ""ואין ידוע לי אם תאומים ואם יחידי""."	Hassidic Stories													168591			953	Q270	Bibliography of the Hebrew Book	"שבחי הבעש""ט"	
3576	82	1895	1	"שבחי הבעש""ט"	"... כמש""נ בלעמבערג שנת תרמ""ה..."			Print	"יצחק רפאל, שבחי הבעש""ט - ארשת, ב, תש""ך, עמ' 368, מס' 11, רושם טופס שמעבר לשערו אישור הצנזור בווארשא מיום 13 בפברואר 1895."	Hassidic Stories													168592			953	Q270	Bibliography of the Hebrew Book	"שבחי הבעש""ט"	
3577	82	1895	1	"שבחי הבעש""ט"	"... [כמש""נ] בלעמבערג שנת תרמ""ה..."			Print		Hassidic Stories													168593			953	Q270	Bibliography of the Hebrew Book	"שבחי הבעש""ט"	
3578	9	1906	1	"שבחי הבעש""ט"				Print	"על-פי דפוס קאפוסט תקע""ה, בהשמטת הקדמת המדפיס, ובהעלמת שם ""המספר"". במקום ""אמר המדפיס בהיות שראיתי"", שבראש הספר, נדפס כאן: ""יען שראיתי בכתבים ...""."	Hassidic Stories													168594			166	Q36036	Bibliography of the Hebrew Book	"שבחי הבעש""ט"	
3579	9	1907	1	"שבחי הבעש""ט"				Print		Hassidic Stories													168595			166	Q36036	Bibliography of the Hebrew Book	"שבחי הבעש""ט"	
3590	9	1864	1	"שבחי הר""ן"	"נכלל בו ספר שיחות הר""ן ... מו""ה נחמן [מבראצלאב] זצ""ל ... גם ... מקצת שבחי (הר""ן) ... והנהגותיו ... וסדר נסיעתו לארץ הקדושה [חובר על-ידי תלמידו ר' נתן שטערנהארץ]."			Print	"הקטעים שבאו בהוצאה הראשונה של סיפורי מעשיות בדף האחרון, נדפסו כאן על-פי הוצאת [לעמבערג] הנז', בסוף ""שיחות הר""ן"", וצויינו כאן בסימנים: קיא-קטז, ודבריו של נ""צ קעניג, (נוה צדיקים, בני-ברק תשכ""ט, עמ' עג): ש""בהוצאה ראשונה [של סיפורי מעשיות] לא נרשמו ונדפסו כל השיחות ... רק עד סימן קיא"" - בטעות יסודם."	Hassidic Stories													169864	127013	525	166	Q36036	Bibliography of the Hebrew Book	"שבחי הר""ן"	
3591	9	1870	1	"שבחי הר""ן"	כולל תולדות ... מורינו ורבינו ... מיום לידתו עד יום עלה השמימה.			Print	"כולל: ""שבחי הר""ן"" (""קצת הנהגת רבינו ... סדר הנסיעה שלו לארץ ישראל"") בלבד, בלא סימני פיסקאות. ""שיחות הר""ן"" נשמטו לגמרי פרט לכמה קטעים (הם סימנים: קמד, קפה,קפו ועוד, בדפוס לבוב תרכ""ד) שנדפסו בשני הדפים האחרונים."	Hassidic Stories													169865	127013	525	166	Q36036	Bibliography of the Hebrew Book	"שבחי הר""ן"	
3592	9	1909	1	"שבחי הר""ן"	"... הובא ... לביה""ד ... בהשתדלות ... ר' יהושע צבי ווילף נ""י ..."			Print	"על-פי לעמבערג 1901, אלא שכאן ""שיחות הר""ן"", צויינו בסימנים: א- קפ, קפ-שה, שה-שו."	Hassidic Stories													169868	127013	525	166	Q36036	Bibliography of the Hebrew Book	"שבחי הר""ן"	
3593	9	1901	1	"שבחי הר""נ"	"... וכעת הובא ... לביה""ד ... ע""י השותפים ... ר' אפרים רמרז ור' ישראל היילפערין נ""י, בהשתדלות ... ר' יהושע צבי ווילף נ""י ..."			Print	"בהוצאה זו הוסיפו המדפיסים מעבר לשער ובדף [2] ""מאמר אחד מספר לקוטי מוהר""ן (סי' קמא, חלק ראשון) [לר' נחמן] המדבר מענין חודש אלול, ותפלה ... מספר לקוטי תפילות הנבנה על זה המאמר ... תפלה נוראה לימי אלול ...""."	Hassidic Stories													169866	127013	525	166	Q36036	Bibliography of the Hebrew Book	"שבחי הר""נ"	
3664	82	1883	1	שבחי צדיקים	"... וסופר בו מעשיות ושבחים... מרבותינו... אשר הוצאתי... המלהב""ד מענדיל ציטרין..."			Print	"על התוכן עיין: ג' נגאל, מלקטי הסיפור החסידי, ירושלים תשנ""ו, עמ' 106-113."	Hassidic Stories													160768			953	Q270	Bibliography of the Hebrew Book	שבחי צדיקים	
3665	82	1895	1	שבחי צדיקים				Print		Hassidic Stories													160769			953	Q270	Bibliography of the Hebrew Book	שבחי צדיקים	
3666	82	1910	1	שבחי צדיקים				Print	בלי אישור הצנזורה.	Hassidic Stories													303043			953	Q270	Bibliography of the Hebrew Book	שבחי צדיקים	
3706	262	1900	1	שבע רצון	"קבוצת מאמרים... [והם] סיפורים נוראים... גם יכלל בתוכו חידושים וביאורים... להרבה מקראי קודש... הנובעים ממקור... רבנים גאונים, קדושי עליונים... הובא לבית הדפוס ע""י... מו""ה יצחק צינגער... מעיר ראווא-רוסקא."			Print	"דף [1] בסוף: אגרת מאת ר' אברהם גרשון מקיטוב לגיסו ר' ישראל בעל שם טוב, מיום יז מרחשוון תקי""ז."	Hassidic Stories													313917	248436	558	168	127941209	Bibliography of the Hebrew Book	שבע רצון	
3801	578	1914	1	שיחות חיים	"... מפה ... ר' חיים מאיר יחיאל [שפירא] ממאגלינצע זצלל""ה ... בן ... [ר' אבי עזרי זעליג שפירא] אב""ד דק""ק גרעניץ ... חתן [ר' ישראל האפשטיין] המגיד ... מקאזניץ ... נחלק לשני חלקים. בחלק הראשון נאספו אמרות ... אשר סיפר ... ומעשיות פליאות אשר ראה ואשר היה לו ... בחלק השני נאספו אמרות ... בחידושין דאורייתא (רשמתי ... שלמה זלמן בן ... מו""ה יוסף עזרא ז""ל ברייטשטיין). בהוצאות הרב ר' יהודה ליב אשלאק מ""ץ בווארשא ..."			Print	"כפי הנראה המו""ל, ר' יהודה ליב אשלאק (אשלג), הוא עורך הספר. ראה על הספר: יונתן מאיר, גילויים חדשים על ר' יהודה ליב אשלג, קבלה, כ, תשס""ט, עמ' 351 הערה 26."	Hassidic Stories													114358			250	Q158004	Bibliography of the Hebrew Book	שיחות חיים	
4115				שיחת חולין				Print		Hassidic Stories																		None	שיחת חולין	
3646	609	1874	1	שלשה עדרי צאן	"ספורי מעשות [מעשיות] ... משלשה גדולי עולם ... מו""ה שלמה [ב""ר משה בוכנר] אבד""ק קרשאנוב ... מו""ה דוב בעריש [פרומר] דק""ק אושפצין ... מו""ה אריה ליביש [ליפשיץ] אב""ד דק""ק ווישניצא... הובא לבית הדפוס ע""י ... מו""ה מנחם מנלי סופר (בן יהודה) מק' אושפצין ולע""ע בעיר מאקוי. מודעה שחיברו ... מוה' מנחם מנלי סופר ז""ל, והתאמץ חתנו הרבני מוה' משה (פרענקעל) שו""ב (שהעתיקו כלו בלשון צח ונקי ובקיצור) להדפיסו..."			Print		Hassidic Stories													148530	181253	533	424	Q208473	Bibliography of the Hebrew Book	שלשה עדרי צאן	
3761	578	1911-1910	1	שמחת ישראל	"מכ""ק ... מו""ה שמחה בונם זצללה""ה מפרשיסחא. ובו שלשה ספרים נפתחים: א. אור שמחה, כולל ממדרגת קדושתו, ודרכי עבודתו והנהגתו ... ב. מאמרי שמחה, כולל שיחות ... חולין ... ג. תורת שמחה, כולל הרבה חידושי תורה ... אספתים אני ... ישראל בהרב מו""ה יצחק שמחה זצללה""ה הרובץ תחת משא קהל ישורון פה""ק בוקארעשט ... בהוצאות ... אברהם יוסף קליימאן, ווארשא ..."			Print	[1] עמ': פרסומת.	Hassidic Stories													113920	168756	586	250	Q158004	Bibliography of the Hebrew Book	שמחת ישראל	
3732	578	1905	1	שמן הטוב.	"כולל לקוטי ח""ת [חידושי תורה] על פסוקי תנ""ך ומדרשים ואגדות הש""ס ... וסיפורים ... מכ""ק [מכבוד קדושת] זקיני ... רבינו שמואל שמעלקי הלוי זצוקלה""ה איש הורוויץ אבד""ק ניקלשפורג ... מאחיו הוא זקיני ... ר' פנחס הלוי איש הורוויץ זצוקלה""ה אבד""ק פפדמיי""ן ... ומאבותיהם וקרוביהם ... ר' צבי הירש הלוי איש הורוויץ אבד""ק טשארטקוב. ומ' מאיר הלוי אבד""ק טיקטין ומ' יוקל הלוי אבד""ק גלוגא. ומ' יצחק הלוי אבד""ק המבורג ועוד מגאונים ... לקטתי וערכתי וסדרתי ... אברהם שמחה בונם חיים בן... ר' צבי יחזקאל שליט""א מיכלזאהן אבד""ק פלונסק ... יצא לאור בהוצאות ... ר' חנוך העניך ... זילבערשאץ בבענדין ..."			Print	"עמ' 127-154: קונטרס ""צפחת השמן"" מאת אאמו""ר ... ר' צבי יחזקאל שליט""א מיכלזאהן אבד""ק פלונסק. הערות והוספות."	Hassidic Stories													147823	373533	571	250	Q158004	Bibliography of the Hebrew Book	שמן הטוב.	
4110				שערי האמונה				Print		Hassidic Stories																		None	שערי האמונה	
3708	82	1901	1	שערי האמונה	"כולל חידושי תורה ... בלולים בספורים ... נאספו מהרבה ספרים ... ורובם מתלמידי ... הבעש""ט ... ומעוד גאוני וצדיקי יס""ע [יסודי עולם] ... ונמצא בו מנהגים ... ועצות ... לעבודת הש""י ... וסגולות (המאסף ... נתן נטע במוהר""ל הכהן ז""ל האבד""ק קאלביעל) ..."			Print	שם משפחת המחבר בשער, באותיות קיריליות: Duner.	Hassidic Stories													125509	171191	596	953	Q270	Bibliography of the Hebrew Book	שערי האמונה	
3709	82	1901	1	שערי האמונה	... בהוצאות ... אברהם ... יוסף קליימאן ...			Print	שמו של המדפיס באותיות קיריליות.	Hassidic Stories													125510	171191	596	953	Q270	Bibliography of the Hebrew Book	שערי האמונה	
3710	82	1903	1	שערי האמונה				Print	שמו של המדפיס באותיות קיריליות.	Hassidic Stories													125511	171191	596	953	Q270	Bibliography of the Hebrew Book	שערי האמונה	
3645	9	1874	1	שפתי צדיקים	"... ילקוט מכל ספרי הצדיקים ... ורובם ככולם דברים ... מהבעש""ט ומהמגיד הגדול ר""ר דוב ממעזריטש זלה""ה, מתלמידיהם ותלמידי תלמידיהם ... המפוזרים ... בס' ... אורח לחיים [לר' אברהם חיים מזלוטשוב, ברדיטשוב תקע""ז] ושפתי צדיקים הקדום [לר' פינחס לרנר מדינוביץ, לבוב תרכ""ד, ממנו לקוח רוב הספר וגם שמו], וכדומה. הובא לביה""ד ע""י ... מנחם מענדיל זעגיל ני'."			Print	"דף [21, ב- 23, א]: ""הנהגת אדם. מספר ... נועם אלימלך [לר' אלימלך מליזנסק]""."	Hassidic Stories													324890			166	Q36036	Bibliography of the Hebrew Book	שפתי צדיקים	
3600	9	1863	1	שפתי צדיקים	"שחיבר הרב... פנחס ז""ל, שהיה אב""ד ... בדינאוויץ... וזה לה שנים שאיננו... גם חידושי אורייתא מכמה צדיקים... שהיו בימי המחבר... וביחוד... מהרב הצדיק ... [אברהם יהושע העשיל] מאפטא ... והובא לבית הדפוס ע""י בן המחבר... מו""ה יצחק נחמן לערניר נ""י מילעוויא..."			Print	בטופס שראינו חסרים דפים לח-לט.	Hassidic Stories													201058	179867	527	166	Q36036	Bibliography of the Hebrew Book	שפתי צדיקים	
3601	9	1865	1	שפתי צדיקים	"...והתעוררו הרב... אורי זאב סאלאט... וה""ה משולם פייבל שור ... והדפיסוהו שנית..."			Print	ראינו טופס עם שיבוש בשנת הדפוס: במקום 1865 נדפס 5681.	Hassidic Stories													201059	179867	527	166	Q36036	Bibliography of the Hebrew Book	שפתי צדיקים	
3602	667	1889	1	שפתי צדיקים	"... נדפס ע""י השותפים ... שלום הארצשטארק ... יחזקאל רענער ... אברהם וואקס..."			Print	"בשער הפרט: שנת י'ל'ק'ו'ט' ה'ר'ב' מ'ו'""ה' פ'נ'ח'ס ז""ל' [תרמ""ח!]."	Hassidic Stories													201060	179867	527	845	Q1025336	Bibliography of the Hebrew Book	שפתי צדיקים	
3651	87	1876	1	תולדות בעלי שם טוב	"יהל אור על תולדות אנשי שם טוב... בפלכי פאדאלי', אוקריינא, וואלין, בתערביא, פולין גדול ופולין קטן, משנת תנ""ח עד היום הזה... שיטתם ומחלקותם. גם יאיר נתיב על מצב ב""י בעת ההיא... כת שבתי צבי... יעקב פראנק ... גזירת שריפת הש""ס... מהבישוף דעמבאווסקי מקאמעניץ פאדאלסק... מאת מיכאל לוי ראדקינסזאהן (יחלק לארבעה חלקים... חלק א, ד)."			Print	החלקים ב-ג לא יצאו.	Hassidic Stories													166758	112366	535	405	Q1829	Bibliography of the Hebrew Book	תולדות בעלי שם טוב	
3696	82	1899	1	תולדות הנפלאות	"מאת ... השרף ממאגלניצא מ' חיים מאיר יחיאל [שפירא] נכד הרב המגיד מקאזניץ [ר' ישראל ב""ר שבתי האפשטיין] מלוקט ומחובר ע""י ... ר' ישראל משה ז""ל מלאדז והובא לבית הדפוס ע""י בנו מהו""ר יעקב אהרן בראמבערג מעיר לאדז ..."			Print	שמו של המדפיס באותיות קיריליות.	Hassidic Stories													114212	168831	556	953	Q270	Bibliography of the Hebrew Book	תולדות הנפלאות	
3652	87		1	"תולדות עמודי החב""ד"				Print	עי' למעלה: תולדות בעלי שם טוב, חלק ד.	Hassidic Stories													166759	112366	535	405	Q1829	Bibliography of the Hebrew Book	"תולדות עמודי החב""ד"	
3719	697	1903	1	"תורת הרמ""ל השלם"	"... מכ""ק אבי זקני... ר' משה יהודה ליב זצ""ל מסאסוב... מכתב יד... המחבר... בכמה הוספות... מחידושי תורתו המפוזרים בספרי תלמודיו... ונלוה עליו ספר... עטרת זקנים... דברים... משובצים בספורים מזקניי... רבו ותלמודיו... ר' שמעלקא [הורוויץ] ז""ל מניקלשבורג... מוהרצ""ה [צבי הירש אייכענשטיין] ז""ל מזידיטשוב, ואחיו... ר' משה ז""ל מסאמבור, ובנו... ר' יהודה צבי ז""ל מראזלי, והגה""ק ר' יצחק אייזיק [טויב] ז""ל מקאליב... ר' מנחם מענדיל ז""ל מקאסיב, ובנו... ר' חיים ז""ל מקאסיב, ואחיו... ר' דוד ז""ל מזאבילטוב, חתן המח'... ואחרון... מוהרי""א [ר' יצחק אייזיק אייכענשטיין] ז""ל מזידיטשוב... והוספתי... בסופו קונטרס ... שבעה ימי שבתא כולל הנהגות טובות... רבינו בית יוסף [ר' יוסף קארו] בס' מגיד משרים... הר' ישראל בעש""ט ז""ל בס' כש""ט [כתר שם טוב]... ר' שמעלקא ז""ל מניקלשבורג... תלמידו... ר' משה ליב ז""ל מסאסוב... ר' אלימלך ז""ל מליזענסק... תלמידו רבינו יעקב יצחק ז""ל מלובלין ואחרון... ר' מיכל [ב""ר יצחק] ז""ל מזלאטשיב... הק' משה בהה""ג מוהר""י [ר' ישראל בערגער] שליט""א וחתן... מו""ה יוסף הלוי איש הורוויטץ ז""ל אבד""ק אוסציא..."			Print	"הנהגות ר' משה ליב נכללו כאן בתוך קונטרס שבעא ימי שבתא. עיין למעלה: חדושי הרמ""ל."	Hassidic Stories													150521	181819	564	99	Q334874	Bibliography of the Hebrew Book	"תורת הרמ""ל השלם"	
3765		1909	1	תפארת בית לוי	"... תולדות ... חו""ז (חותני זקיני)... רבי לוי יצחק זצללה""ה ... שהיה אבד""ק ברדיטשוב ... ונלוה אליו ספר ... תורת ישראל, כולל חי""ת [חידושי תורה] בפרד""ס מאת ... בנו חו""ז...רבי ישראל זצללה""ה ... שהי' אבד""ק פיקוב ואח""כ מילא מקום אביו ... בברדיטשוב ... הוצאתים לאורה ... שלום גוטמאן האבד""ק יאסי במדינת רומעניען."			Print	עמ' 21-35 (ספירה שניה): תורת יחזקאל. שני דרושים. [2] עמ': תורת שלום. על תקיעת שופר בראש השנה.	Hassidic Stories													177364	566041	588			Bibliography of the Hebrew Book	תפארת בית לוי	
4123				תפארת היהודי				Print		Hassidic Stories																		None	תפארת היהודי	
3752	82	1908	1	תפארת הצדיקים	"... ספורים ... וחדושי תורה ... ונלוה לזה קונטרס ... הגהות וחדושי הרמ""ז על ... ספר חסידים [לר' יהודה ב""ר שמואל החסיד, בולונייא רצ""ח] מאת ... אדוני אבי ... רבי מרדכי זאב זצוק""ל האבד""ק קאלביעל ... ועוד כמה דברי תורה ... ממנו ... המעתיק והמאסף והמלבה""ד ... שלמה גבריאל ראזענטאל מפה ווארשא."			Print	"עמ' 65-67: דברי תורה מאת ר' ישעיה קלמן ב""ר יעקב האלבערשטאט."	Hassidic Stories													167067	285131	569	953	Q270	Bibliography of the Hebrew Book	תפארת הצדיקים	
3753	82	1910	1	תפארת הצדיקים	"... ספורים ... וחדושי תורה ... ונלוה לזה קונטרס ... הגהות וחדושי הרמ""ז על ... ספר חסידים [לר' יהודה ב""ר שמואל החסיד, בולונייא רצ""ח] מאת ... אדוני אבי ... רבי מרדכי זאב זצוק""ל האבד""ק קאלביעל ... ועוד כמה דברי תורה ... ממנו ... המעתיק והמאסף והמלבה""ד ... שלמה גבריאל ראזענטאל מפה ווארשא."			Print	"בשער: תרס""ט. מהוצאה קודמת."	Hassidic Stories													325019	285131	569	953	Q270	Bibliography of the Hebrew Book	תפארת הצדיקים	
3729	82	1900	1	תפארת חיים	"חידושי תורה... [מאת] ר' חיים מאיר יחיאל [שפירא], זצוקללה""ה... אבד""ק קאזניץ ומאגלניצא ... בן... ר' אביעזרא זעליג זצלה""ה אבד""ק גרעניץ, שהי' חתן ... המגיד... מקאזניץ [ר' ישראל האפשטיין]... ונלוה לזה קונטרס מי דעת, ח""ת [חידושי תורה]... מאת... ר' ירחמיאל [ב""ר יעקב יצחק ראבינאוויץ] זצלה""ה האבד""ק פרשיסחא, ומצורף לזה ח""ת מבנו... ר' נתן דוד זצללה""ה משידלאווצי... ונלוה עוד קונטרס... חזון ישעי' מכבוד... ר' ישעי' [ב""ר מאיר] זצללה""ה האבד""ק פרזעדבארז... קונ' דרך ישר מכבוד... ר' ישכר בער [ב""ר יצחק] זצללה""ה האבד""ק ראדשיץ... קונ' תפארת משה, מכבוד... ר' משה [ב""ר דוד בידערמאן] זצללה""ה מלעלוב. כ""ז נעתק ונאסף ע""י הרב... נתן נטע הכהן שליט""א האבד""ק קאלביעל [שערך והוסיף הערות רבות בשולי העמודים, ובהן ליקוטים מספרי צדיקים אחרים]. נדפס בהוצאות... אלעזר נ""י ב""ר יעקב ז""ל זילבערשטיין מקלאביעל."			Print	"בשולי עמ' אלה הערות בשם ""מגדנות נתן"", מאת ר' נתן נטע דונר."	Hassidic Stories													177533	171191	596	953	Q270	Bibliography of the Hebrew Book	תפארת חיים	
3730	82	1905	1	תפארת חיים				Print	שמו של המדפיס באותיות קיריליות.	Hassidic Stories													177534	171191	596	953	Q270	Bibliography of the Hebrew Book	תפארת חיים	
3790	578	1912	1	"תפארת מהרא""ל"	"(מרן אריה ליב) משפאלי הנקרא ""דער שפאלער זיידע"" ... תולדתו, צדקתו ... ומופתיו ... לקטתי וקבצתי ... אנכי ... יהודה יודל ב""ר ישראל יצחק ז""ל ראזענבערג החונה ... בעיר לאדז לפנים רב בק""ק טארלא ..."			Print	כולל בעיקר סיפורים ומעשים.	Hassidic Stories													318161	113310	598	250	Q158004	Bibliography of the Hebrew Book	"תפארת מהרא""ל"	
3791	578	1914	1	"תפארת מהרא""ל"	"(מרן אריה ליב) משפאלי הנקרא ""דער שפאלער זיידע"" ... תולדתו, צדקתו ... ומופתיו ... לקטתי וקבצתי ... אנכי ... יהודה יודל ב""ר ישראל יצחק ז""ל ראזענבערג החונה ... בעיר לאדז לפנים רב בק""ק טארלא ..."			Print	כולל בעיקר סיפורים ומעשים.	Hassidic Stories													166996	113310	598	250	Q158004	Bibliography of the Hebrew Book	"תפארת מהרא""ל"	
4122				תפארת מנחם				Print		Hassidic Stories																		None	תפארת מנחם	
