story_id	claude_new_5tier	women_in_story_binary
Adat-Zadikim_0001	major-character	Yes
Adat-Zadikim_0002	mention-only	No Women
Adat-Zadikim_0003	minor-character	Yes
Adat-Zadikim_0004	catalyst-character	Yes
Adat-Zadikim_0005	no-women	No Women
Adat-Zadikim_0006	minor-character	Yes
Adat-Zadikim_0007	minor-character	Yes
Adat-Zadikim_0008	minor-character	Yes
Adat-Zadikim_0009	minor-character	Yes
Adat-Zadikim_0010	minor-character	Yes
Adat-Zadikim_0011	no-women	No Women
Adat-Zadikim_0012	no-women	No Women
Adat-Zadikim_0013	major-character	Yes
Adat-Zadikim_0014	mention-only	No Women
Adat-Zadikim_0015	major-character	Yes
Adat-Zadikim_0016	catalyst-character	Yes
Adat-Zadikim_0017	mention-only	No Women
Adat-Zadikim_0018	no-women	No Women
Adat-Zadikim_0019	no-women	No Women
Adat-Zadikim_0020	no-women	No Women
Adat-Zadikim_0021	mention-only	No Women
Adat-Zadikim_0022	mention-only	No Women
Adat-Zadikim_0023	mention-only	No Women
Adat-Zadikim_0024	minor-character	Yes
Khal-Hasidim_0001	mention-only	No Women
Khal-Hasidim_0002	minor-character	Yes
Khal-Hasidim_0003	minor-character	Yes
Khal-Hasidim_0004	minor-character	Yes
Khal-Hasidim_0005	no-women	No Women
Khal-Hasidim_0006	catalyst-character	Yes
Khal-Hasidim_0007	no-women	No Women
Khal-Hasidim_0008	no-women	No Women
Khal-Hasidim_0009	minor-character	Yes
Khal-Hasidim_0010	minor-character	Yes
Khal-Hasidim_0011	minor-character	Yes
Khal-Hasidim_0012	minor-character	Yes
Khal-Hasidim_0013	major-character	Yes
Khal-Hasidim_0014	no-women	No Women
Khal-Hasidim_0015	mention-only	No Women
Khal-Hasidim_0016	no-women	No Women
Khal-Hasidim_0017	major-character	Yes
Khal-Hasidim_0018	no-women	No Women
Khal-Hasidim_0019	minor-character	Yes
Khal-Hasidim_0020	no-women	No Women
Khal-Hasidim_0021	minor-character	Yes
Khal-Hasidim_0022	no-women	No Women
Khal-Hasidim_0023	catalyst-character	Yes
Khal-Hasidim_0024	mention-only	No Women
Khal-Hasidim_0025	catalyst-character	Yes
Khal-Hasidim_0026	no-women	No Women
Khal-Hasidim_0027	catalyst-character	Yes
Khal-Hasidim_0028	minor-character	Yes
Khal-Hasidim_0029	no-women	No Women
Khal-Hasidim_0030	mention-only	No Women
Khal-Hasidim_0031	no-women	No Women
Khal-Hasidim_0032	no-women	No Women
Khal-Hasidim_0033	no-women	No Women
Khal-Hasidim_0034	minor-character	Yes
Khal-Hasidim_0035	mention-only	No Women
Khal-Hasidim_0036	minor-character	Yes
Khal-Hasidim_0037	no-women	No Women
Khal-Hasidim_0038	no-women	No Women
Khal-Hasidim_0039	mention-only	No Women
Khal-Hasidim_0040	no-women	No Women
Khal-Hasidim_0041	catalyst-character	Yes
Khal-Hasidim_0042	no-women	No Women
Khal-Hasidim_0043	no-women	No Women
Khal-Hasidim_0044	no-women	No Women
Khal-Hasidim_0045	minor-character	Yes
Khal-Hasidim_0046	no-women	No Women
Khal-Hasidim_0047	no-women	No Women
Khal-Hasidim_0048	no-women	No Women
Khal-Hasidim_0049	no-women	No Women
Khal-Hasidim_0050	major-character	Yes
Khal-Hasidim_0051	mention-only	No Women
Khal-Hasidim_0052	minor-character	Yes
Khal-Hasidim_0053	mention-only	No Women
Khal-Hasidim_0054	no-women	No Women
Khal-Hasidim_0055	no-women	No Women
Khal-Hasidim_0056	no-women	No Women
Khal-Hasidim_0057	no-women	No Women
Khal-Hasidim_0058	no-women	No Women
Khal-Hasidim_0059	minor-character	Yes
Khal-Hasidim_0060	no-women	No Women
Khal-Hasidim_0061	catalyst-character	Yes
Khal-Hasidim_0062	minor-character	Yes
Khal-Hasidim_0063	no-women	No Women
Khal-Hasidim_0064	no-women	No Women
Khal-Hasidim_0065	no-women	No Women
Khal-Hasidim_0066	no-women	No Women
Khal-Hasidim_0067	no-women	No Women
Khal-Hasidim_0068	minor-character	Yes
Khal-Hasidim_0069	no-women	No Women
Khal-Hasidim_0070	minor-character	Yes
Khal-Hasidim_0071	catalyst-character	Yes
Khal-Hasidim_0072	mention-only	No Women
Khal-Hasidim_0073	no-women	No Women
Khal-Hasidim_0074	no-women	No Women
Khal-Hasidim_0075	mention-only	No Women
Khal-Hasidim_0076	no-women	No Women
Khal-Hasidim_0077	no-women	No Women
Khal-Hasidim_0078	no-women	No Women
Khal-Hasidim_0079	no-women	No Women
Khal-Hasidim_0080	no-women	No Women
Khal-Hasidim_0081	major-character	Yes
Khal-Hasidim_0082	minor-character	Yes
Khal-Hasidim_0083	catalyst-character	Yes
Khal-Hasidim_0084	minor-character	Yes
Khal-Hasidim_0085	minor-character	Yes
Khal-Hasidim_0086	no-women	No Women
Khal-Hasidim_0087	no-women	No Women
Khal-Hasidim_0088	no-women	No Women
Khal-Hasidim_0089	no-women	No Women
Khal-Hasidim_0090	no-women	No Women
Khal-Hasidim_0091	no-women	No Women
Khal-Hasidim_0092	catalyst-character	Yes
Khal-Hasidim_0093	no-women	No Women
Khal-Hasidim_0094	no-women	No Women
Khal-Hasidim_0095	minor-character	Yes
Khal-Hasidim_0096	no-women	No Women
Khal-Hasidim_0097	no-women	No Women
Khal-Hasidim_0098	no-women	No Women
Khal-Hasidim_0099	no-women	No Women
Khal-Hasidim_0100	major-character	Yes
Khal-Hasidim_0101	mention-only	No Women
Khal-Hasidim_0102	mention-only	No Women
Khal-Hasidim_0103	minor-character	Yes
Khal-Hasidim_0104	no-women	No Women
Khal-Hasidim_0105	mention-only	No Women
Khal-Hasidim_0106	no-women	No Women
Khal-Hasidim_0107	no-women	No Women
Khal-Hasidim_0108	no-women	No Women
Khal-Hasidim_0109	minor-character	Yes
Khal-Hasidim_0110	catalyst-character	Yes
Khal-Hasidim_0111	minor-character	Yes
Khal-Hasidim_0112	catalyst-character	Yes
Khal-Hasidim_0113	no-women	No Women
Khal-Hasidim_0114	no-women	No Women
Khal-Hasidim_0115	catalyst-character	Yes
Khal-Hasidim_0116	no-women	No Women
Khal-Hasidim_0117	major-character	Yes
Khal-Hasidim_0118	no-women	No Women
Khal-Hasidim_0119	mention-only	No Women
Khal-Hasidim_0120	mention-only	No Women
Khal-Hasidim_0121	minor-character	Yes
Khal-Hasidim_0122	no-women	No Women
Khal-Hasidim_0123	no-women	No Women
Khal-Hasidim_0124	mention-only	No Women
Khal-Hasidim_0125	minor-character	Yes
Khal-Hasidim_0126	catalyst-character	Yes
Khal-Hasidim_0127	mention-only	No Women
Khal-Hasidim_0128	minor-character	Yes
Khal-Hasidim_0129	minor-character	Yes
Khal-Hasidim_0130	no-women	No Women
Khal-Hasidim_0131	no-women	No Women
Khal-Hasidim_0132	no-women	No Women
Khal-Hasidim_0133	no-women	No Women
Khal-Hasidim_0134	no-women	No Women
Khal-Hasidim_0135	mention-only	No Women
Khal-Hasidim_0136	no-women	No Women
Khal-Hasidim_0137	no-women	No Women
Khal-Hasidim_0138	minor-character	Yes
Khal-Hasidim_0139	no-women	No Women
Khal-Hasidim_0140	no-women	No Women
Khal-Hasidim_0141	no-women	No Women
Khal-Hasidim_0142	no-women	No Women
Khal-Hasidim_0143	major-character	Yes
Khal-Hasidim_0144	mention-only	No Women
Khal-Hasidim_0145	no-women	No Women
Khal-Hasidim_0146	mention-only	No Women
Khal-Hasidim_0147	no-women	No Women
Khal-Hasidim_0148	mention-only	No Women
Khal-Hasidim_0149	no-women	No Women
Khal-Hasidim_0150	catalyst-character	Yes
Khal-Hasidim_0151	no-women	No Women
Khal-Hasidim_0152	mention-only	No Women
Khal-Hasidim_0153	no-women	No Women
Khal-Hasidim_0154	catalyst-character	Yes
Khal-Hasidim_0155	no-women	No Women
Khal-Hasidim_0156	minor-character	Yes
Khal-Hasidim_0157	no-women	No Women
Khal-Hasidim_0158	no-women	No Women
Khal-Hasidim_0159	minor-character	Yes
Khal-Hasidim_0160	no-women	No Women
Khal-Hasidim_0161	no-women	No Women
Khal-Hasidim_0162	no-women	No Women
Khal-Hasidim_0163	no-women	No Women
Khal-Hasidim_0164	no-women	No Women
Khal-Hasidim_0165	mention-only	No Women
Khal-Hasidim_0166	no-women	No Women
Khal-Hasidim_0167	major-character	Yes
Khal-Hasidim_0168	catalyst-character	Yes
Khal-Hasidim_0169	no-women	No Women
Khal-Hasidim_0170	minor-character	Yes
Khal-Hasidim_0171	minor-character	Yes
Khal-Hasidim_0172	mention-only	No Women
Khal-Hasidim_0173	catalyst-character	Yes
Khal-Hasidim_0174	minor-character	Yes
Khal-Hasidim_0175	no-women	No Women
Khal-Hasidim_0176	no-women	No Women
Khal-Hasidim_0177	mention-only	No Women
Khal-Hasidim_0178	catalyst-character	Yes
Khal-Hasidim_0179	minor-character	Yes
Khal-Hasidim_0180	no-women	No Women
Khal-Hasidim_0181	no-women	No Women
Khal-Hasidim_0182	no-women	No Women
Khal-Hasidim_0183	no-women	No Women
Khal-Hasidim_0184	no-women	No Women
Khal-Hasidim_0185	catalyst-character	Yes
Khal-Hasidim_0186	no-women	No Women
Khal-Hasidim_0187	catalyst-character	Yes
Khal-Hasidim_0188	mention-only	No Women
Khal-Hasidim_0189	no-women	No Women
Khal-Hasidim_0190	no-women	No Women
Khal-Hasidim_0191	no-women	No Women
Khal-Hasidim_0192	mention-only	No Women
Khal-Hasidim_0193	mention-only	No Women
Khal-Hasidim_0194	no-women	No Women
Khal-Hasidim_0195	no-women	No Women
Khal-Hasidim_0196	no-women	No Women
Khal-Hasidim_0197	no-women	No Women
Khal-Hasidim_0198	no-women	No Women
Khal-Hasidim_0199	no-women	No Women
Khal-Hasidim_0200	no-women	No Women
Khal-Hasidim_0201	no-women	No Women
Khal-Hasidim_0202	minor-character	Yes
Khal-Hasidim_0203	no-women	No Women
Khal-Hasidim_0204	mention-only	No Women
Khal-Hasidim_0205	no-women	No Women
Khal-Hasidim_0206	no-women	No Women
Khal-Hasidim_0207	no-women	No Women
Khal-Hasidim_0208	no-women	No Women
Khal-Hasidim_0209	no-women	No Women
Khal-Hasidim_0210	catalyst-character	Yes
Khal-Hasidim_0211	no-women	No Women
Khal-Hasidim_0212	minor-character	Yes
Khal-Hasidim_0213	no-women	No Women
Khal-Hasidim_0214	no-women	No Women
Khal-Hasidim_0215	no-women	No Women
Khal-Hasidim_0216	no-women	No Women
Khal-Hasidim_0217	catalyst-character	Yes
Khal-Hasidim_0218	minor-character	Yes
Khal-Hasidim_0219	no-women	No Women
Khal-Hasidim_0220	no-women	No Women
Khal-Hasidim_0221	no-women	No Women
Khal-Hasidim_0222	mention-only	No Women
Khal-Hasidim_0223	no-women	No Women
Khal-Hasidim_0224	mention-only	No Women
Khal-Hasidim_0225	no-women	No Women
Khal-Hasidim_0226	mention-only	No Women
Khal-Hasidim_0227	no-women	No Women
Khal-Hasidim_0228	no-women	No Women
Khal-Hasidim_0229	catalyst-character	Yes
Khal-Hasidim_0230	mention-only	No Women
Khal-Hasidim_0231	no-women	No Women
Khal-Hasidim_0232	no-women	No Women
Khal-Hasidim_0233	catalyst-character	Yes
Khal-Hasidim_0234	no-women	No Women
Khal-Hasidim_0235	no-women	No Women
Khal-Hasidim_0236	major-character	Yes
Khal-Hasidim_0237	major-character	Yes
Khal-Hasidim_0238	mention-only	No Women
Khal-Hasidim_0239	no-women	No Women
Khal-Hasidim_0240	minor-character	Yes
Khal-Hasidim_0241	no-women	No Women
Khal-Hasidim_0242	major-character	Yes
Khal-Hasidim_0243	mention-only	No Women
Khal-Hasidim_0244	catalyst-character	Yes
Khal-Hasidim_0245	no-women	No Women
Khal-Hasidim_0246	major-character	Yes
Khal-Hasidim_0247	mention-only	No Women
Khal-Hasidim_0248	no-women	No Women
Khal-Hasidim_0249	mention-only	No Women
Khal-Hasidim_0250	minor-character	Yes
Khal-Hasidim_0251	catalyst-character	Yes
Khal-Hasidim_0252	mention-only	No Women
Khal-Hasidim_0253	no-women	No Women
Khal-Hasidim_0254	minor-character	Yes
Khal-Kdoshim_0001	mention-only	No Women
Khal-Kdoshim_0002	no-women	No Women
Khal-Kdoshim_0003	minor-character	Yes
Khal-Kdoshim_0004	mention-only	No Women
Khal-Kdoshim_0005	no-women	No Women
Khal-Kdoshim_0006	no-women	No Women
Khal-Kdoshim_0007	minor-character	Yes
Khal-Kdoshim_0008	no-women	No Women
Khal-Kdoshim_0009	no-women	No Women
Khal-Kdoshim_0010	mention-only	No Women
Khal-Kdoshim_0011	minor-character	Yes
Khal-Kdoshim_0012	minor-character	Yes
Maase-Zadikim_0001	major-character	Yes
Maase-Zadikim_0002	mention-only	No Women
Maase-Zadikim_0003	catalyst-character	Yes
Maase-Zadikim_0004	no-women	No Women
Maase-Zadikim_0005	major-character	Yes
Maase-Zadikim_0006	minor-character	Yes
Maase-Zadikim_0007	minor-character	Yes
Maase-Zadikim_0008	no-women	No Women
Maase-Zadikim_0009	no-women	No Women
Maase-Zadikim_0010	no-women	No Women
Maase-Zadikim_0011	no-women	No Women
Maase-Zadikim_0012	no-women	No Women
Maase-Zadikim_0013	no-women	No Women
Maase-Zadikim_0014	no-women	No Women
Maase-Zadikim_0015	minor-character	Yes
Maase-Zadikim_0016	minor-character	Yes
Maase-Zadikim_0017	no-women	No Women
Maase-Zadikim_0018	mention-only	No Women
Maase-Zadikim_0019	no-women	No Women
Maase-Zadikim_0020	mention-only	No Women
Maase-Zadikim_0021	no-women	No Women
Maase-Zadikim_0022	mention-only	No Women
Maase-Zadikim_0023	no-women	No Women
Maase-Zadikim_0024	no-women	No Women
Maase-Zadikim_0025	catalyst-character	Yes
Maase-Zadikim_0026	no-women	No Women
Maase-Zadikim_0027	no-women	No Women
Maase-Zadikim_0028	catalyst-character	Yes
Maase-Zadikim_0029	no-women	No Women
Maase-Zadikim_0030	no-women	No Women
Maase-Zadikim_0031	mention-only	No Women
Maase-Zadikim_0032	major-character	Yes
Maase-Zadikim_0033	mention-only	No Women
Maase-Zadikim_0034	no-women	No Women
Maase-Zadikim_0035	no-women	No Women
Maase-Zadikim_0036	no-women	No Women
Maase-Zadikim_0037	minor-character	Yes
Maase-Zadikim_0038	no-women	No Women
Maase-Zadikim_0039	no-women	No Women
Maase-Zadikim_0040	no-women	No Women
Maase-Zadikim_0041	no-women	No Women
Mifalot-HaZadikim_0001	catalyst-character	Yes
Mifalot-HaZadikim_0002	no-women	No Women
Mifalot-HaZadikim_0003	no-women	No Women
Mifalot-HaZadikim_0004	no-women	No Women
Mifalot-HaZadikim_0005	no-women	No Women
Mifalot-HaZadikim_0006	minor-character	Yes
Mifalot-HaZadikim_0007	no-women	No Women
Mifalot-HaZadikim_0008	minor-character	Yes
Mifalot-HaZadikim_0009	no-women	No Women
Mifalot-HaZadikim_0010	no-women	No Women
Mifalot-HaZadikim_0011	no-women	No Women
Mifalot-HaZadikim_0012	no-women	No Women
Mifalot-HaZadikim_0013	minor-character	Yes
Mifalot-HaZadikim_0014	mention-only	No Women
Mifalot-HaZadikim_0015	minor-character	Yes
Mifalot-HaZadikim_0016	no-women	No Women
Mifalot-HaZadikim_0017	minor-character	Yes
Mifalot-HaZadikim_0018	mention-only	No Women
Mifalot-HaZadikim_0019	mention-only	No Women
Mifalot-HaZadikim_0020	no-women	No Women
Mifalot-HaZadikim_0021	no-women	No Women
Mifalot-HaZadikim_0022	no-women	No Women
Mifalot-HaZadikim_0023	minor-character	Yes
Mifalot-HaZadikim_0024	minor-character	Yes
Mifalot-HaZadikim_0025	mention-only	No Women
Mifalot-HaZadikim_0026	no-women	No Women
Mifalot-HaZadikim_0027	major-character	Yes
Mifalot-HaZadikim_0028	major-character	Yes
Mifalot-HaZadikim_0029	minor-character	Yes
Mifalot-HaZadikim_0030	no-women	No Women
Mifalot-HaZadikim_0031	no-women	No Women
Mifalot-HaZadikim_0032	no-women	No Women
Mifalot-HaZadikim_0033	no-women	No Women
Mifalot-HaZadikim_0034	no-women	No Women
Mifalot-HaZadikim_0035	no-women	No Women
Mifalot-HaZadikim_0036	no-women	No Women
Mifalot-HaZadikim_0037	no-women	No Women
Mifalot-HaZadikim_0038	no-women	No Women
Mifalot-HaZadikim_0039	no-women	No Women
Mifalot-HaZadikim_0040	no-women	No Women
Mifalot-HaZadikim_0041	no-women	No Women
Mifalot-HaZadikim_0042	no-women	No Women
Mifalot-HaZadikim_0043	no-women	No Women
Mifalot-HaZadikim_0044	no-women	No Women
Mifalot-HaZadikim_0045	no-women	No Women
Mifalot-HaZadikim_0046	no-women	No Women
Mifalot-HaZadikim_0047	no-women	No Women
Mifalot-HaZadikim_0048	no-women	No Women
Mifalot-HaZadikim_0049	no-women	No Women
Mifalot-HaZadikim_0050	no-women	No Women
Mifalot-HaZadikim_0051	no-women	No Women
Mifalot-HaZadikim_0052	no-women	No Women
Mifalot-HaZadikim_0053	minor-character	Yes
Mifalot-HaZadikim_0054	no-women	No Women
Peer-MiKdoshim_0001	catalyst-character	Yes
Peer-MiKdoshim_0002	no-women	No Women
Peer-MiKdoshim_0003	no-women	No Women
Peer-MiKdoshim_0004	catalyst-character	Yes
Peer-MiKdoshim_0005	mention-only	No Women
Peer-MiKdoshim_0006	catalyst-character	Yes
Peer-MiKdoshim_0007	no-women	No Women
Peer-MiKdoshim_0008	no-women	No Women
Peer-MiKdoshim_0009	catalyst-character	Yes
Peer-MiKdoshim_0010	major-character	Yes
Peer-MiKdoshim_0011	catalyst-character	Yes
Peer-MiKdoshim_0012	major-character	Yes
Peer-MiKdoshim_0013	no-women	No Women
Peer-MiKdoshim_0014	minor-character	Yes
Peer-MiKdoshim_0015	major-character	Yes
Peer-MiKdoshim_0016	minor-character	Yes
Peer-MiKdoshim_0017	no-women	No Women
Peer-MiKdoshim_0018	mention-only	No Women
Shivhei-Habesht_0001	mention-only	No Women
Shivhei-Habesht_0002	minor-character	Yes
Shivhei-Habesht_0003	minor-character	Yes
Shivhei-Habesht_0004	minor-character	Yes
Shivhei-Habesht_0005A	no-women	No Women
Shivhei-Habesht_0005B	minor-character	Yes
Shivhei-Habesht_0006	minor-character	Yes
Shivhei-Habesht_0007	mention-only	No Women
Shivhei-Habesht_0008	mention-only	No Women
Shivhei-Habesht_0008A	no-women	No Women
Shivhei-Habesht_0008B	no-women	No Women
Shivhei-Habesht_0009	no-women	No Women
Shivhei-Habesht_0010	minor-character	Yes
Shivhei-Habesht_0011	no-women	No Women
Shivhei-Habesht_0012	minor-character	Yes
Shivhei-Habesht_0013	no-women	No Women
Shivhei-Habesht_0014	catalyst-character	Yes
Shivhei-Habesht_0015	no-women	No Women
Shivhei-Habesht_0016	catalyst-character	Yes
Shivhei-Habesht_0017	mention-only	No Women
Shivhei-Habesht_0018	no-women	No Women
Shivhei-Habesht_0019	no-women	No Women
Shivhei-Habesht_0020	no-women	No Women
Shivhei-Habesht_0021	no-women	No Women
Shivhei-Habesht_0022	minor-character	Yes
Shivhei-Habesht_0023	no-women	No Women
Shivhei-Habesht_0024	no-women	No Women
Shivhei-Habesht_0025	no-women	No Women
Shivhei-Habesht_0026	no-women	No Women
Shivhei-Habesht_0027	mention-only	No Women
Shivhei-Habesht_0028	no-women	No Women
Shivhei-Habesht_0029	no-women	No Women
Shivhei-Habesht_0030	major-character	Yes
Shivhei-Habesht_0031	catalyst-character	Yes
Shivhei-Habesht_0032	minor-character	Yes
Shivhei-Habesht_0033	major-character	Yes
Shivhei-Habesht_0034	no-women	No Women
Shivhei-Habesht_0035	mention-only	No Women
Shivhei-Habesht_0036	minor-character	Yes
Shivhei-Habesht_0037	no-women	No Women
Shivhei-Habesht_0038	no-women	No Women
Shivhei-Habesht_0039	no-women	No Women
Shivhei-Habesht_0040	no-women	No Women
Shivhei-Habesht_0041	no-women	No Women
Shivhei-Habesht_0042	no-women	No Women
Shivhei-Habesht_0043	major-character	Yes
Shivhei-Habesht_0044	mention-only	No Women
Shivhei-Habesht_0045	no-women	No Women
Shivhei-Habesht_0046	no-women	No Women
Shivhei-Habesht_0047	no-women	No Women
Shivhei-Habesht_0048	no-women	No Women
Shivhei-Habesht_0049	mention-only	No Women
Shivhei-Habesht_0050A	minor-character	Yes
Shivhei-Habesht_0050B	catalyst-character	Yes
Shivhei-Habesht_0051	no-women	No Women
Shivhei-Habesht_0052	mention-only	No Women
Shivhei-Habesht_0053	no-women	No Women
Shivhei-Habesht_0054	no-women	No Women
Shivhei-Habesht_0055	no-women	No Women
Shivhei-Habesht_0056	no-women	No Women
Shivhei-Habesht_0057	no-women	No Women
Shivhei-Habesht_0058	no-women	No Women
Shivhei-Habesht_0059	no-women	No Women
Shivhei-Habesht_0060	major-character	Yes
Shivhei-Habesht_0061	mention-only	No Women
Shivhei-Habesht_0062	minor-character	Yes
Shivhei-Habesht_0063	mention-only	No Women
Shivhei-Habesht_0064	no-women	No Women
Shivhei-Habesht_0065	no-women	No Women
Shivhei-Habesht_0066	no-women	No Women
Shivhei-Habesht_0067	no-women	No Women
Shivhei-Habesht_0068	no-women	No Women
Shivhei-Habesht_0069	minor-character	Yes
Shivhei-Habesht_0070	no-women	No Women
Shivhei-Habesht_0071	catalyst-character	Yes
Shivhei-Habesht_0072	no-women	No Women
Shivhei-Habesht_0073	no-women	No Women
Shivhei-Habesht_0074	no-women	No Women
Shivhei-Habesht_0075	no-women	No Women
Shivhei-Habesht_0076	no-women	No Women
Shivhei-Habesht_0077	minor-character	Yes
Shivhei-Habesht_0078	no-women	No Women
Shivhei-Habesht_0079	minor-character	Yes
Shivhei-Habesht_0080	catalyst-character	Yes
Shivhei-Habesht_0081	mention-only	No Women
Shivhei-Habesht_0082	mention-only	No Women
Shivhei-Habesht_0083	no-women	No Women
Shivhei-Habesht_0084	mention-only	No Women
Shivhei-Habesht_0085	no-women	No Women
Shivhei-Habesht_0086	mention-only	No Women
Shivhei-Habesht_0087	no-women	No Women
Shivhei-Habesht_0088	no-women	No Women
Shivhei-Habesht_0089	no-women	No Women
Shivhei-Habesht_0090	no-women	No Women
Shivhei-Habesht_0091	no-women	No Women
Shivhei-Habesht_0092	no-women	No Women
Shivhei-Habesht_0093	no-women	No Women
Shivhei-Habesht_0094	no-women	No Women
Shivhei-Habesht_0095	no-women	No Women
Shivhei-Habesht_0096A	mention-only	No Women
Shivhei-Habesht_0096B	mention-only	No Women
Shivhei-Habesht_0097	minor-character	Yes
Shivhei-Habesht_0098	catalyst-character	Yes
Shivhei-Habesht_0099	minor-character	Yes
Shivhei-Habesht_0100	no-women	No Women
Shivhei-Habesht_0101	no-women	No Women
Shivhei-Habesht_0102	no-women	No Women
Shivhei-Habesht_0103	no-women	No Women
Shivhei-Habesht_0104	mention-only	No Women
Shivhei-Habesht_0105	mention-only	No Women
Shivhei-Habesht_0106	no-women	No Women
Shivhei-Habesht_0107	no-women	No Women
Shivhei-Habesht_0108	no-women	No Women
Shivhei-Habesht_0109	no-women	No Women
Shivhei-Habesht_0110	minor-character	Yes
Shivhei-Habesht_0111	mention-only	No Women
Shivhei-Habesht_0112	no-women	No Women
Shivhei-Habesht_0113	no-women	No Women
Shivhei-Habesht_0114	mention-only	No Women
Shivhei-Habesht_0115	mention-only	No Women
Shivhei-Habesht_0116	no-women	No Women
Shivhei-Habesht_0117	no-women	No Women
Shivhei-Habesht_0118	mention-only	No Women
Shivhei-Habesht_0119	no-women	No Women
Shivhei-Habesht_0120	no-women	No Women
Shivhei-Habesht_0121	no-women	No Women
Shivhei-Habesht_0122	minor-character	Yes
Shivhei-Habesht_0123	mention-only	No Women
Shivhei-Habesht_0124	no-women	No Women
Shivhei-Habesht_0125	no-women	No Women
Shivhei-Habesht_0126	no-women	No Women
Shivhei-Habesht_0127	no-women	No Women
Shivhei-Habesht_0128	no-women	No Women
Shivhei-Habesht_0129	no-women	No Women
Shivhei-Habesht_0130	no-women	No Women
Shivhei-Habesht_0131	no-women	No Women
Shivhei-Habesht_0132	no-women	No Women
Shivhei-Habesht_0133	minor-character	Yes
Shivhei-Habesht_0134	no-women	No Women
Shivhei-Habesht_0135	no-women	No Women
Shivhei-Habesht_0136	no-women	No Women
Shivhei-Habesht_0137	mention-only	No Women
Shivhei-Habesht_0138	no-women	No Women
Shivhei-Habesht_0139	no-women	No Women
Shivhei-Habesht_0140	minor-character	Yes
Shivhei-Habesht_0141	no-women	No Women
Shivhei-Habesht_0142	no-women	No Women
Shivhei-Habesht_0143	no-women	No Women
Shivhei-Habesht_0144	major-character	Yes
Shivhei-Habesht_0145	mention-only	No Women
Shivhei-Habesht_0146	catalyst-character	Yes
Shivhei-Habesht_0147	no-women	No Women
Shivhei-Habesht_0148	no-women	No Women
Shivhei-Habesht_0149	no-women	No Women
Shivhei-Habesht_0150	minor-character	Yes
Shivhei-Habesht_0151	no-women	No Women
Shivhei-Habesht_0152	no-women	No Women
Shivhei-Habesht_0153	no-women	No Women
Shivhei-Habesht_0154	minor-character	Yes
Shivhei-Habesht_0155	no-women	No Women
Shivhei-Habesht_0156	no-women	No Women
Shivhei-Habesht_0157	catalyst-character	Yes
Shivhei-Habesht_0158	catalyst-character	Yes
Shivhei-Habesht_0159	no-women	No Women
Shivhei-Habesht_0160	no-women	No Women
Shivhei-Habesht_0161	no-women	No Women
Shivhei-Habesht_0162	no-women	No Women
Shivhei-Habesht_0163	no-women	No Women
Shivhei-Habesht_0164	mention-only	No Women
Shivhei-Habesht_0165	catalyst-character	Yes
Shivhei-Habesht_0166	no-women	No Women
Shivhei-Habesht_0167	no-women	No Women
Shivhei-Habesht_0168	no-women	No Women
Shivhei-Habesht_0169	mention-only	No Women
Shivhei-Habesht_0170	no-women	No Women
Shivhei-Habesht_0171	mention-only	No Women
Shivhei-Habesht_0172	major-character	Yes
Shivhei-Habesht_0173A	mention-only	No Women
Shivhei-Habesht_0173B	major-character	Yes
Shivhei-Habesht_0174	no-women	No Women
Shivhei-Habesht_0175	no-women	No Women
Shivhei-Habesht_0176	minor-character	Yes
Shivhei-Habesht_0177	no-women	No Women
Shivhei-Habesht_0178	no-women	No Women
Shivhei-Habesht_0179	no-women	No Women
Shivhei-Habesht_0180	no-women	No Women
Shivhei-Habesht_0181	no-women	No Women
Shivhei-Habesht_0182	major-character	Yes
Shivhei-Habesht_0183	mention-only	No Women
Shivhei-Habesht_0184	mention-only	No Women
Shivhei-Habesht_0185	minor-character	Yes
Shivhei-Habesht_0186	no-women	No Women
Shivhei-Habesht_0187	mention-only	No Women
Shivhei-Habesht_0188	no-women	No Women
Shivhei-Habesht_0189	no-women	No Women
Shivhei-Habesht_0190	no-women	No Women
Shivhei-Habesht_0191	minor-character	Yes
Shivhei-Habesht_0192	catalyst-character	Yes
Shivhei-Habesht_0193	minor-character	Yes
Shivhei-Habesht_0194	catalyst-character	Yes
Shivhei-Habesht_0195	mention-only	No Women
Shivhei-Habesht_0196	no-women	No Women
Shivhei-Habesht_0197	no-women	No Women
Shivhei-Habesht_0198	catalyst-character	Yes
Shivhei-Habesht_0199	mention-only	No Women
Shivhei-Habesht_0200	no-women	No Women
Shivhei-Habesht_0201	no-women	No Women
Shivhei-Habesht_0202	no-women	No Women
Shivhei-Habesht_0203	no-women	No Women
Shivhei-Habesht_0204	mention-only	No Women
Shivhei-Habesht_0205	minor-character	Yes
Shivhei-Habesht_0206	minor-character	Yes
Shivhei-Habesht_0207	minor-character	Yes
Shivhei-Habesht_0208	mention-only	No Women
Shivhei-Habesht_0209	no-women	No Women
Shivhei-Habesht_0210	no-women	No Women
Shivhei-Harav_0001	minor-character	Yes
Shivhei-Harav_0002	no-women	No Women
Shivhei-Harav_0003	no-women	No Women
Shivhei-Harav_0004	no-women	No Women
Shivhei-Harav_0005	no-women	No Women
Shivhei-Harav_0006	no-women	No Women
Shivhei-Harav_0007	no-women	No Women
Shivhei-Harav_0008	no-women	No Women
Shivhei-Harav_0009	minor-character	Yes
Shivhei-Harav_0010	no-women	No Women
Shivhei-Harav_0011	mention-only	No Women
Shivhei-Harav_0012	major-character	Yes
Shivhei-Harav_0013	minor-character	Yes
Shivhei-Harav_0014	no-women	No Women
Shivhei-Harav_0015	no-women	No Women
Shivhei-Harav_0016	catalyst-character	Yes
Shivhei-Harav_0017	catalyst-character	Yes
Shivhei-Harav_0018	no-women	No Women
Shivhei-Harav_0019	mention-only	No Women
Sipurei-Zadikim_0001	no-women	No Women
Sipurei-Zadikim_0002	mention-only	No Women
Sipurei-Zadikim_0003	no-women	No Women
Sipurei-Zadikim_0004	major-character	Yes
Sipurei-Zadikim_0005	no-women	No Women
Sipurei-Zadikim_0006	no-women	No Women
Sipurei-Zadikim_0007	mention-only	No Women
Sipurei-Zadikim_0008	no-women	No Women
Sipurei-Zadikim_0009	no-women	No Women
Sipurei-Zadikim_0010	catalyst-character	Yes
Sipurei-Zadikim_0011	minor-character	Yes
Sipurei-Zadikim_0012	no-women	No Women
Sipurei-Zadikim_0013	no-women	No Women
Sipurei-Zadikim_0014	no-women	No Women
