story_id	edition	women_tier	women_ana_tag	women_any	women_character
Adat-Zadikim_0001	Adat-Zadikim	major	women:major_character	yes	yes
Adat-Zadikim_0002	Adat-Zadikim	mention_only	women:mention_only	yes	no
Adat-Zadikim_0003	Adat-Zadikim	minor	women:minor_character	yes	yes
Adat-Zadikim_0004	Adat-Zadikim	catalyst	women:catalyst_character	yes	yes
Adat-Zadikim_0005	Adat-Zadikim	none		no	no
Adat-Zadikim_0006	Adat-Zadikim	minor	women:minor_character	yes	yes
Adat-Zadikim_0007	Adat-Zadikim	minor	women:minor_character	yes	yes
Adat-Zadikim_0008	Adat-Zadikim	minor	women:minor_character	yes	yes
Adat-Zadikim_0009	Adat-Zadikim	minor	women:minor_character	yes	yes
Adat-Zadikim_0010	Adat-Zadikim	minor	women:minor_character	yes	yes
Adat-Zadikim_0011	Adat-Zadikim	none		no	no
Adat-Zadikim_0012	Adat-Zadikim	none		no	no
Adat-Zadikim_0013	Adat-Zadikim	major	women:major_character	yes	yes
Adat-Zadikim_0014	Adat-Zadikim	mention_only	women:mention_only	yes	no
Adat-Zadikim_0015	Adat-Zadikim	major	women:major_character	yes	yes
Adat-Zadikim_0016	Adat-Zadikim	catalyst	women:catalyst_character	yes	yes
Adat-Zadikim_0017	Adat-Zadikim	mention_only	women:mention_only	yes	no
Adat-Zadikim_0018	Adat-Zadikim	none		no	no
Adat-Zadikim_0019	Adat-Zadikim	none		no	no
Adat-Zadikim_0020	Adat-Zadikim	none		no	no
Adat-Zadikim_0021	Adat-Zadikim	mention_only	women:mention_only	yes	no
Adat-Zadikim_0022	Adat-Zadikim	mention_only	women:mention_only	yes	no
Adat-Zadikim_0023	Adat-Zadikim	mention_only	women:mention_only	yes	no
Adat-Zadikim_0024	Adat-Zadikim	minor	women:minor_character	yes	yes
Khal-Hasidim_0001	Khal-Hasidim	mention_only	women:mention_only	yes	no
Khal-Hasidim_0002	Khal-Hasidim	minor	women:minor_character	yes	yes
Khal-Hasidim_0003	Khal-Hasidim	minor	women:minor_character	yes	yes
Khal-Hasidim_0004	Khal-Hasidim	minor	women:minor_character	yes	yes
Khal-Hasidim_0005	Khal-Hasidim	none		no	no
Khal-Hasidim_0006	Khal-Hasidim	catalyst	women:catalyst_character	yes	yes
Khal-Hasidim_0007	Khal-Hasidim	none		no	no
Khal-Hasidim_0008	Khal-Hasidim	none		no	no
Khal-Hasidim_0009	Khal-Hasidim	minor	women:minor_character	yes	yes
Khal-Hasidim_0010	Khal-Hasidim	minor	women:minor_character	yes	yes
Khal-Hasidim_0011	Khal-Hasidim	minor	women:minor_character	yes	yes
Khal-Hasidim_0012	Khal-Hasidim	minor	women:minor_character	yes	yes
Khal-Hasidim_0013	Khal-Hasidim	major	women:major_character	yes	yes
Khal-Hasidim_0014	Khal-Hasidim	none		no	no
Khal-Hasidim_0015	Khal-Hasidim	mention_only	women:mention_only	yes	no
Khal-Hasidim_0016	Khal-Hasidim	none		no	no
Khal-Hasidim_0017	Khal-Hasidim	major	women:major_character	yes	yes
Khal-Hasidim_0018	Khal-Hasidim	none		no	no
Khal-Hasidim_0019	Khal-Hasidim	minor	women:minor_character	yes	yes
Khal-Hasidim_0020	Khal-Hasidim	none		no	no
Khal-Hasidim_0021	Khal-Hasidim	minor	women:minor_character	yes	yes
Khal-Hasidim_0022	Khal-Hasidim	none		no	no
Khal-Hasidim_0023	Khal-Hasidim	catalyst	women:catalyst_character	yes	yes
Khal-Hasidim_0024	Khal-Hasidim	mention_only	women:mention_only	yes	no
Khal-Hasidim_0025	Khal-Hasidim	catalyst	women:catalyst_character	yes	yes
Khal-Hasidim_0026	Khal-Hasidim	none		no	no
Khal-Hasidim_0027	Khal-Hasidim	catalyst	women:catalyst_character	yes	yes
Khal-Hasidim_0028	Khal-Hasidim	minor	women:minor_character	yes	yes
Khal-Hasidim_0029	Khal-Hasidim	none		no	no
Khal-Hasidim_0030	Khal-Hasidim	mention_only	women:mention_only	yes	no
Khal-Hasidim_0031	Khal-Hasidim	none		no	no
Khal-Hasidim_0032	Khal-Hasidim	none		no	no
Khal-Hasidim_0033	Khal-Hasidim	none		no	no
Khal-Hasidim_0034	Khal-Hasidim	minor	women:minor_character	yes	yes
Khal-Hasidim_0035	Khal-Hasidim	mention_only	women:mention_only	yes	no
Khal-Hasidim_0036	Khal-Hasidim	minor	women:minor_character	yes	yes
Khal-Hasidim_0037	Khal-Hasidim	none		no	no
Khal-Hasidim_0038	Khal-Hasidim	none		no	no
Khal-Hasidim_0039	Khal-Hasidim	mention_only	women:mention_only	yes	no
Khal-Hasidim_0040	Khal-Hasidim	none		no	no
Khal-Hasidim_0041	Khal-Hasidim	catalyst	women:catalyst_character	yes	yes
Khal-Hasidim_0042	Khal-Hasidim	none		no	no
Khal-Hasidim_0043	Khal-Hasidim	none		no	no
Khal-Hasidim_0044	Khal-Hasidim	none		no	no
Khal-Hasidim_0045	Khal-Hasidim	minor	women:minor_character	yes	yes
Khal-Hasidim_0046	Khal-Hasidim	none		no	no
Khal-Hasidim_0047	Khal-Hasidim	none		no	no
Khal-Hasidim_0048	Khal-Hasidim	none		no	no
Khal-Hasidim_0049	Khal-Hasidim	none		no	no
Khal-Hasidim_0050	Khal-Hasidim	major	women:major_character	yes	yes
Khal-Hasidim_0051	Khal-Hasidim	mention_only	women:mention_only	yes	no
Khal-Hasidim_0052	Khal-Hasidim	minor	women:minor_character	yes	yes
Khal-Hasidim_0053	Khal-Hasidim	mention_only	women:mention_only	yes	no
Khal-Hasidim_0054	Khal-Hasidim	none		no	no
Khal-Hasidim_0055	Khal-Hasidim	none		no	no
Khal-Hasidim_0056	Khal-Hasidim	none		no	no
Khal-Hasidim_0057	Khal-Hasidim	none		no	no
Khal-Hasidim_0058	Khal-Hasidim	none		no	no
Khal-Hasidim_0059	Khal-Hasidim	minor	women:minor_character	yes	yes
Khal-Hasidim_0060	Khal-Hasidim	none		no	no
Khal-Hasidim_0061	Khal-Hasidim	catalyst	women:catalyst_character	yes	yes
Khal-Hasidim_0062	Khal-Hasidim	minor	women:minor_character	yes	yes
Khal-Hasidim_0063	Khal-Hasidim	none		no	no
Khal-Hasidim_0064	Khal-Hasidim	none		no	no
Khal-Hasidim_0065	Khal-Hasidim	none		no	no
Khal-Hasidim_0066	Khal-Hasidim	none		no	no
Khal-Hasidim_0067	Khal-Hasidim	none		no	no
Khal-Hasidim_0068	Khal-Hasidim	minor	women:minor_character	yes	yes
Khal-Hasidim_0069	Khal-Hasidim	none		no	no
Khal-Hasidim_0070	Khal-Hasidim	minor	women:minor_character	yes	yes
Khal-Hasidim_0071	Khal-Hasidim	catalyst	women:catalyst_character	yes	yes
Khal-Hasidim_0072	Khal-Hasidim	mention_only	women:mention_only	yes	no
Khal-Hasidim_0073	Khal-Hasidim	none		no	no
Khal-Hasidim_0074	Khal-Hasidim	none		no	no
Khal-Hasidim_0075	Khal-Hasidim	mention_only	women:mention_only	yes	no
Khal-Hasidim_0076	Khal-Hasidim	none		no	no
Khal-Hasidim_0077	Khal-Hasidim	none		no	no
Khal-Hasidim_0078	Khal-Hasidim	none		no	no
Khal-Hasidim_0079	Khal-Hasidim	none		no	no
Khal-Hasidim_0080	Khal-Hasidim	none		no	no
Khal-Hasidim_0081	Khal-Hasidim	major	women:major_character	yes	yes
Khal-Hasidim_0082	Khal-Hasidim	minor	women:minor_character	yes	yes
Khal-Hasidim_0083	Khal-Hasidim	catalyst	women:catalyst_character	yes	yes
Khal-Hasidim_0084	Khal-Hasidim	minor	women:minor_character	yes	yes
Khal-Hasidim_0085	Khal-Hasidim	minor	women:minor_character	yes	yes
Khal-Hasidim_0086	Khal-Hasidim	none		no	no
Khal-Hasidim_0087	Khal-Hasidim	none		no	no
Khal-Hasidim_0088	Khal-Hasidim	none		no	no
Khal-Hasidim_0089	Khal-Hasidim	none		no	no
Khal-Hasidim_0090	Khal-Hasidim	none		no	no
Khal-Hasidim_0091	Khal-Hasidim	none		no	no
Khal-Hasidim_0092	Khal-Hasidim	catalyst	women:catalyst_character	yes	yes
Khal-Hasidim_0093	Khal-Hasidim	none		no	no
Khal-Hasidim_0094	Khal-Hasidim	none		no	no
Khal-Hasidim_0095	Khal-Hasidim	minor	women:minor_character	yes	yes
Khal-Hasidim_0096	Khal-Hasidim	none		no	no
Khal-Hasidim_0097	Khal-Hasidim	none		no	no
Khal-Hasidim_0098	Khal-Hasidim	none		no	no
Khal-Hasidim_0099	Khal-Hasidim	none		no	no
Khal-Hasidim_0100	Khal-Hasidim	major	women:major_character	yes	yes
Khal-Hasidim_0101	Khal-Hasidim	mention_only	women:mention_only	yes	no
Khal-Hasidim_0102	Khal-Hasidim	mention_only	women:mention_only	yes	no
Khal-Hasidim_0103	Khal-Hasidim	minor	women:minor_character	yes	yes
Khal-Hasidim_0104	Khal-Hasidim	none		no	no
Khal-Hasidim_0105	Khal-Hasidim	mention_only	women:mention_only	yes	no
Khal-Hasidim_0106	Khal-Hasidim	none		no	no
Khal-Hasidim_0107	Khal-Hasidim	none		no	no
Khal-Hasidim_0108	Khal-Hasidim	none		no	no
Khal-Hasidim_0109	Khal-Hasidim	minor	women:minor_character	yes	yes
Khal-Hasidim_0110	Khal-Hasidim	catalyst	women:catalyst_character	yes	yes
Khal-Hasidim_0111	Khal-Hasidim	minor	women:minor_character	yes	yes
Khal-Hasidim_0112	Khal-Hasidim	catalyst	women:catalyst_character	yes	yes
Khal-Hasidim_0113	Khal-Hasidim	none		no	no
Khal-Hasidim_0114	Khal-Hasidim	none		no	no
Khal-Hasidim_0115	Khal-Hasidim	catalyst	women:catalyst_character	yes	yes
Khal-Hasidim_0116	Khal-Hasidim	none		no	no
Khal-Hasidim_0117	Khal-Hasidim	major	women:major_character	yes	yes
Khal-Hasidim_0118	Khal-Hasidim	none		no	no
Khal-Hasidim_0119	Khal-Hasidim	mention_only	women:mention_only	yes	no
Khal-Hasidim_0120	Khal-Hasidim	mention_only	women:mention_only	yes	no
Khal-Hasidim_0121	Khal-Hasidim	minor	women:minor_character	yes	yes
Khal-Hasidim_0122	Khal-Hasidim	none		no	no
Khal-Hasidim_0123	Khal-Hasidim	none		no	no
Khal-Hasidim_0124	Khal-Hasidim	mention_only	women:mention_only	yes	no
Khal-Hasidim_0125	Khal-Hasidim	minor	women:minor_character	yes	yes
Khal-Hasidim_0126	Khal-Hasidim	catalyst	women:catalyst_character	yes	yes
Khal-Hasidim_0127	Khal-Hasidim	mention_only	women:mention_only	yes	no
Khal-Hasidim_0128	Khal-Hasidim	minor	women:minor_character	yes	yes
Khal-Hasidim_0129	Khal-Hasidim	minor	women:minor_character	yes	yes
Khal-Hasidim_0130	Khal-Hasidim	none		no	no
Khal-Hasidim_0131	Khal-Hasidim	none		no	no
Khal-Hasidim_0132	Khal-Hasidim	none		no	no
Khal-Hasidim_0133	Khal-Hasidim	none		no	no
Khal-Hasidim_0134	Khal-Hasidim	none		no	no
Khal-Hasidim_0135	Khal-Hasidim	mention_only	women:mention_only	yes	no
Khal-Hasidim_0136	Khal-Hasidim	none		no	no
Khal-Hasidim_0137	Khal-Hasidim	none		no	no
Khal-Hasidim_0138	Khal-Hasidim	minor	women:minor_character	yes	yes
Khal-Hasidim_0139	Khal-Hasidim	none		no	no
Khal-Hasidim_0140	Khal-Hasidim	none		no	no
Khal-Hasidim_0141	Khal-Hasidim	none		no	no
Khal-Hasidim_0142	Khal-Hasidim	none		no	no
Khal-Hasidim_0143	Khal-Hasidim	major	women:major_character	yes	yes
Khal-Hasidim_0144	Khal-Hasidim	mention_only	women:mention_only	yes	no
Khal-Hasidim_0145	Khal-Hasidim	none		no	no
Khal-Hasidim_0146	Khal-Hasidim	mention_only	women:mention_only	yes	no
Khal-Hasidim_0147	Khal-Hasidim	none		no	no
Khal-Hasidim_0148	Khal-Hasidim	mention_only	women:mention_only	yes	no
Khal-Hasidim_0149	Khal-Hasidim	none		no	no
Khal-Hasidim_0150	Khal-Hasidim	catalyst	women:catalyst_character	yes	yes
Khal-Hasidim_0151	Khal-Hasidim	none		no	no
Khal-Hasidim_0152	Khal-Hasidim	mention_only	women:mention_only	yes	no
Khal-Hasidim_0153	Khal-Hasidim	none		no	no
Khal-Hasidim_0154	Khal-Hasidim	catalyst	women:catalyst_character	yes	yes
Khal-Hasidim_0155	Khal-Hasidim	none		no	no
Khal-Hasidim_0156	Khal-Hasidim	minor	women:minor_character	yes	yes
Khal-Hasidim_0157	Khal-Hasidim	none		no	no
Khal-Hasidim_0158	Khal-Hasidim	none		no	no
Khal-Hasidim_0159	Khal-Hasidim	minor	women:minor_character	yes	yes
Khal-Hasidim_0160	Khal-Hasidim	none		no	no
Khal-Hasidim_0161	Khal-Hasidim	none		no	no
Khal-Hasidim_0162	Khal-Hasidim	none		no	no
Khal-Hasidim_0163	Khal-Hasidim	none		no	no
Khal-Hasidim_0164	Khal-Hasidim	none		no	no
Khal-Hasidim_0165	Khal-Hasidim	mention_only	women:mention_only	yes	no
Khal-Hasidim_0166	Khal-Hasidim	none		no	no
Khal-Hasidim_0167	Khal-Hasidim	major	women:major_character	yes	yes
Khal-Hasidim_0168	Khal-Hasidim	catalyst	women:catalyst_character	yes	yes
Khal-Hasidim_0169	Khal-Hasidim	none		no	no
Khal-Hasidim_0170	Khal-Hasidim	minor	women:minor_character	yes	yes
Khal-Hasidim_0171	Khal-Hasidim	minor	women:minor_character	yes	yes
Khal-Hasidim_0172	Khal-Hasidim	mention_only	women:mention_only	yes	no
Khal-Hasidim_0173	Khal-Hasidim	catalyst	women:catalyst_character	yes	yes
Khal-Hasidim_0174	Khal-Hasidim	minor	women:minor_character	yes	yes
Khal-Hasidim_0175	Khal-Hasidim	none		no	no
Khal-Hasidim_0176	Khal-Hasidim	none		no	no
Khal-Hasidim_0177	Khal-Hasidim	mention_only	women:mention_only	yes	no
Khal-Hasidim_0178	Khal-Hasidim	catalyst	women:catalyst_character	yes	yes
Khal-Hasidim_0179	Khal-Hasidim	minor	women:minor_character	yes	yes
Khal-Hasidim_0180	Khal-Hasidim	none		no	no
Khal-Hasidim_0181	Khal-Hasidim	none		no	no
Khal-Hasidim_0182	Khal-Hasidim	none		no	no
Khal-Hasidim_0183	Khal-Hasidim	none		no	no
Khal-Hasidim_0184	Khal-Hasidim	none		no	no
Khal-Hasidim_0185	Khal-Hasidim	catalyst	women:catalyst_character	yes	yes
Khal-Hasidim_0186	Khal-Hasidim	none		no	no
Khal-Hasidim_0187	Khal-Hasidim	catalyst	women:catalyst_character	yes	yes
Khal-Hasidim_0188	Khal-Hasidim	mention_only	women:mention_only	yes	no
Khal-Hasidim_0189	Khal-Hasidim	none		no	no
Khal-Hasidim_0190	Khal-Hasidim	none		no	no
Khal-Hasidim_0191	Khal-Hasidim	none		no	no
Khal-Hasidim_0192	Khal-Hasidim	mention_only	women:mention_only	yes	no
Khal-Hasidim_0193	Khal-Hasidim	mention_only	women:mention_only	yes	no
Khal-Hasidim_0194	Khal-Hasidim	none		no	no
Khal-Hasidim_0195	Khal-Hasidim	none		no	no
Khal-Hasidim_0196	Khal-Hasidim	none		no	no
Khal-Hasidim_0197	Khal-Hasidim	none		no	no
Khal-Hasidim_0198	Khal-Hasidim	none		no	no
Khal-Hasidim_0199	Khal-Hasidim	none		no	no
Khal-Hasidim_0200	Khal-Hasidim	none		no	no
Khal-Hasidim_0201	Khal-Hasidim	none		no	no
Khal-Hasidim_0202	Khal-Hasidim	minor	women:minor_character	yes	yes
Khal-Hasidim_0203	Khal-Hasidim	none		no	no
Khal-Hasidim_0204	Khal-Hasidim	mention_only	women:mention_only	yes	no
Khal-Hasidim_0205	Khal-Hasidim	none		no	no
Khal-Hasidim_0206	Khal-Hasidim	none		no	no
Khal-Hasidim_0207	Khal-Hasidim	none		no	no
Khal-Hasidim_0208	Khal-Hasidim	none		no	no
Khal-Hasidim_0209	Khal-Hasidim	none		no	no
Khal-Hasidim_0210	Khal-Hasidim	catalyst	women:catalyst_character	yes	yes
Khal-Hasidim_0211	Khal-Hasidim	none		no	no
Khal-Hasidim_0212	Khal-Hasidim	minor	women:minor_character	yes	yes
Khal-Hasidim_0213	Khal-Hasidim	none		no	no
Khal-Hasidim_0214	Khal-Hasidim	none		no	no
Khal-Hasidim_0215	Khal-Hasidim	none		no	no
Khal-Hasidim_0216	Khal-Hasidim	none		no	no
Khal-Hasidim_0217	Khal-Hasidim	catalyst	women:catalyst_character	yes	yes
Khal-Hasidim_0218	Khal-Hasidim	minor	women:minor_character	yes	yes
Khal-Hasidim_0219	Khal-Hasidim	none		no	no
Khal-Hasidim_0220	Khal-Hasidim	none		no	no
Khal-Hasidim_0221	Khal-Hasidim	none		no	no
Khal-Hasidim_0222	Khal-Hasidim	mention_only	women:mention_only	yes	no
Khal-Hasidim_0223	Khal-Hasidim	none		no	no
Khal-Hasidim_0224	Khal-Hasidim	mention_only	women:mention_only	yes	no
Khal-Hasidim_0225	Khal-Hasidim	none		no	no
Khal-Hasidim_0226	Khal-Hasidim	mention_only	women:mention_only	yes	no
Khal-Hasidim_0227	Khal-Hasidim	none		no	no
Khal-Hasidim_0228	Khal-Hasidim	none		no	no
Khal-Hasidim_0229	Khal-Hasidim	catalyst	women:catalyst_character	yes	yes
Khal-Hasidim_0230	Khal-Hasidim	mention_only	women:mention_only	yes	no
Khal-Hasidim_0231	Khal-Hasidim	none		no	no
Khal-Hasidim_0232	Khal-Hasidim	none		no	no
Khal-Hasidim_0233	Khal-Hasidim	catalyst	women:catalyst_character	yes	yes
Khal-Hasidim_0234	Khal-Hasidim	none		no	no
Khal-Hasidim_0235	Khal-Hasidim	none		no	no
Khal-Hasidim_0236	Khal-Hasidim	major	women:major_character	yes	yes
Khal-Hasidim_0237	Khal-Hasidim	major	women:major_character	yes	yes
Khal-Hasidim_0238	Khal-Hasidim	mention_only	women:mention_only	yes	no
Khal-Hasidim_0239	Khal-Hasidim	none		no	no
Khal-Hasidim_0240	Khal-Hasidim	minor	women:minor_character	yes	yes
Khal-Hasidim_0241	Khal-Hasidim	none		no	no
Khal-Hasidim_0242	Khal-Hasidim	major	women:major_character	yes	yes
Khal-Hasidim_0243	Khal-Hasidim	mention_only	women:mention_only	yes	no
Khal-Hasidim_0244	Khal-Hasidim	catalyst	women:catalyst_character	yes	yes
Khal-Hasidim_0245	Khal-Hasidim	none		no	no
Khal-Hasidim_0246	Khal-Hasidim	major	women:major_character	yes	yes
Khal-Hasidim_0247	Khal-Hasidim	mention_only	women:mention_only	yes	no
Khal-Hasidim_0248	Khal-Hasidim	none		no	no
Khal-Hasidim_0249	Khal-Hasidim	mention_only	women:mention_only	yes	no
Khal-Hasidim_0250	Khal-Hasidim	minor	women:minor_character	yes	yes
Khal-Hasidim_0251	Khal-Hasidim	catalyst	women:catalyst_character	yes	yes
Khal-Hasidim_0252	Khal-Hasidim	mention_only	women:mention_only	yes	no
Khal-Hasidim_0253	Khal-Hasidim	none		no	no
Khal-Hasidim_0254	Khal-Hasidim	minor	women:minor_character	yes	yes
Khal-Kdoshim_0001	Khal-Kdoshim	mention_only	women:mention_only	yes	no
Khal-Kdoshim_0002	Khal-Kdoshim	none		no	no
Khal-Kdoshim_0003	Khal-Kdoshim	minor	women:minor_character	yes	yes
Khal-Kdoshim_0004	Khal-Kdoshim	mention_only	women:mention_only	yes	no
Khal-Kdoshim_0005	Khal-Kdoshim	none		no	no
Khal-Kdoshim_0006	Khal-Kdoshim	none		no	no
Khal-Kdoshim_0007	Khal-Kdoshim	minor	women:minor_character	yes	yes
Khal-Kdoshim_0008	Khal-Kdoshim	none		no	no
Khal-Kdoshim_0009	Khal-Kdoshim	none		no	no
Khal-Kdoshim_0010	Khal-Kdoshim	mention_only	women:mention_only	yes	no
Khal-Kdoshim_0011	Khal-Kdoshim	minor	women:minor_character	yes	yes
Khal-Kdoshim_0012	Khal-Kdoshim	minor	women:minor_character	yes	yes
Maase-Zadikim_0001	Maase-Zadikim	major	women:major_character	yes	yes
Maase-Zadikim_0002	Maase-Zadikim	mention_only	women:mention_only	yes	no
Maase-Zadikim_0003	Maase-Zadikim	catalyst	women:catalyst_character	yes	yes
Maase-Zadikim_0004	Maase-Zadikim	none		no	no
Maase-Zadikim_0005	Maase-Zadikim	major	women:major_character	yes	yes
Maase-Zadikim_0006	Maase-Zadikim	minor	women:minor_character	yes	yes
Maase-Zadikim_0007	Maase-Zadikim	minor	women:minor_character	yes	yes
Maase-Zadikim_0008	Maase-Zadikim	none		no	no
Maase-Zadikim_0009	Maase-Zadikim	none		no	no
Maase-Zadikim_0010	Maase-Zadikim	none		no	no
Maase-Zadikim_0011	Maase-Zadikim	none		no	no
Maase-Zadikim_0012	Maase-Zadikim	none		no	no
Maase-Zadikim_0013	Maase-Zadikim	none		no	no
Maase-Zadikim_0014	Maase-Zadikim	none		no	no
Maase-Zadikim_0015	Maase-Zadikim	minor	women:minor_character	yes	yes
Maase-Zadikim_0016	Maase-Zadikim	minor	women:minor_character	yes	yes
Maase-Zadikim_0017	Maase-Zadikim	none		no	no
Maase-Zadikim_0018	Maase-Zadikim	mention_only	women:mention_only	yes	no
Maase-Zadikim_0019	Maase-Zadikim	none		no	no
Maase-Zadikim_0020	Maase-Zadikim	mention_only	women:mention_only	yes	no
Maase-Zadikim_0021	Maase-Zadikim	none		no	no
Maase-Zadikim_0022	Maase-Zadikim	mention_only	women:mention_only	yes	no
Maase-Zadikim_0023	Maase-Zadikim	none		no	no
Maase-Zadikim_0024	Maase-Zadikim	none		no	no
Maase-Zadikim_0025	Maase-Zadikim	catalyst	women:catalyst_character	yes	yes
Maase-Zadikim_0026	Maase-Zadikim	none		no	no
Maase-Zadikim_0027	Maase-Zadikim	none		no	no
Maase-Zadikim_0028	Maase-Zadikim	catalyst	women:catalyst_character	yes	yes
Maase-Zadikim_0029	Maase-Zadikim	none		no	no
Maase-Zadikim_0030	Maase-Zadikim	none		no	no
Maase-Zadikim_0031	Maase-Zadikim	mention_only	women:mention_only	yes	no
Maase-Zadikim_0032	Maase-Zadikim	major	women:major_character	yes	yes
Maase-Zadikim_0033	Maase-Zadikim	mention_only	women:mention_only	yes	no
Maase-Zadikim_0034	Maase-Zadikim	none		no	no
Maase-Zadikim_0035	Maase-Zadikim	none		no	no
Maase-Zadikim_0036	Maase-Zadikim	none		no	no
Maase-Zadikim_0037	Maase-Zadikim	minor	women:minor_character	yes	yes
Maase-Zadikim_0038	Maase-Zadikim	none		no	no
Maase-Zadikim_0039	Maase-Zadikim	none		no	no
Maase-Zadikim_0040	Maase-Zadikim	none		no	no
Maase-Zadikim_0041	Maase-Zadikim	none		no	no
Mifalot-HaZadikim_0001	Mifalot-HaZadikim	major	women:major_character	yes	yes
Mifalot-HaZadikim_0002	Mifalot-HaZadikim	none		no	no
Mifalot-HaZadikim_0003	Mifalot-HaZadikim	none		no	no
Mifalot-HaZadikim_0004	Mifalot-HaZadikim	none		no	no
Mifalot-HaZadikim_0005	Mifalot-HaZadikim	none		no	no
Mifalot-HaZadikim_0006	Mifalot-HaZadikim	minor	women:minor_character	yes	yes
Mifalot-HaZadikim_0007	Mifalot-HaZadikim	none		no	no
Mifalot-HaZadikim_0008	Mifalot-HaZadikim	minor	women:minor_character	yes	yes
Mifalot-HaZadikim_0009	Mifalot-HaZadikim	none		no	no
Mifalot-HaZadikim_0010	Mifalot-HaZadikim	none		no	no
Mifalot-HaZadikim_0011	Mifalot-HaZadikim	none		no	no
Mifalot-HaZadikim_0012	Mifalot-HaZadikim	none		no	no
Mifalot-HaZadikim_0013	Mifalot-HaZadikim	minor	women:minor_character	yes	yes
Mifalot-HaZadikim_0014	Mifalot-HaZadikim	mention_only	women:mention_only	yes	no
Mifalot-HaZadikim_0015	Mifalot-HaZadikim	minor	women:minor_character	yes	yes
Mifalot-HaZadikim_0016	Mifalot-HaZadikim	none		no	no
Mifalot-HaZadikim_0017	Mifalot-HaZadikim	minor	women:minor_character	yes	yes
Mifalot-HaZadikim_0018	Mifalot-HaZadikim	mention_only	women:mention_only	yes	no
Mifalot-HaZadikim_0019	Mifalot-HaZadikim	mention_only	women:mention_only	yes	no
Mifalot-HaZadikim_0020	Mifalot-HaZadikim	none		no	no
Mifalot-HaZadikim_0021	Mifalot-HaZadikim	none		no	no
Mifalot-HaZadikim_0022	Mifalot-HaZadikim	none		no	no
Mifalot-HaZadikim_0023	Mifalot-HaZadikim	minor	women:minor_character	yes	yes
Mifalot-HaZadikim_0024	Mifalot-HaZadikim	minor	women:minor_character	yes	yes
Mifalot-HaZadikim_0025	Mifalot-HaZadikim	mention_only	women:mention_only	yes	no
Mifalot-HaZadikim_0026	Mifalot-HaZadikim	none		no	no
Mifalot-HaZadikim_0027	Mifalot-HaZadikim	major	women:major_character	yes	yes
Mifalot-HaZadikim_0028	Mifalot-HaZadikim	major	women:major_character	yes	yes
Mifalot-HaZadikim_0029	Mifalot-HaZadikim	minor	women:minor_character	yes	yes
Mifalot-HaZadikim_0030	Mifalot-HaZadikim	none		no	no
Mifalot-HaZadikim_0031	Mifalot-HaZadikim	none		no	no
Mifalot-HaZadikim_0032	Mifalot-HaZadikim	none		no	no
Mifalot-HaZadikim_0033	Mifalot-HaZadikim	none		no	no
Mifalot-HaZadikim_0034	Mifalot-HaZadikim	none		no	no
Mifalot-HaZadikim_0035	Mifalot-HaZadikim	none		no	no
Mifalot-HaZadikim_0036	Mifalot-HaZadikim	none		no	no
Mifalot-HaZadikim_0037	Mifalot-HaZadikim	none		no	no
Mifalot-HaZadikim_0038	Mifalot-HaZadikim	none		no	no
Mifalot-HaZadikim_0039	Mifalot-HaZadikim	none		no	no
Mifalot-HaZadikim_0040	Mifalot-HaZadikim	none		no	no
Mifalot-HaZadikim_0041	Mifalot-HaZadikim	none		no	no
Mifalot-HaZadikim_0042	Mifalot-HaZadikim	none		no	no
Mifalot-HaZadikim_0043	Mifalot-HaZadikim	none		no	no
Mifalot-HaZadikim_0044	Mifalot-HaZadikim	none		no	no
Mifalot-HaZadikim_0045	Mifalot-HaZadikim	none		no	no
Mifalot-HaZadikim_0046	Mifalot-HaZadikim	none		no	no
Mifalot-HaZadikim_0047	Mifalot-HaZadikim	none		no	no
Mifalot-HaZadikim_0048	Mifalot-HaZadikim	none		no	no
Mifalot-HaZadikim_0049	Mifalot-HaZadikim	none		no	no
Mifalot-HaZadikim_0050	Mifalot-HaZadikim	none		no	no
Mifalot-HaZadikim_0051	Mifalot-HaZadikim	none		no	no
Mifalot-HaZadikim_0052	Mifalot-HaZadikim	none		no	no
Mifalot-HaZadikim_0053	Mifalot-HaZadikim	minor	women:minor_character	yes	yes
Mifalot-HaZadikim_0054	Mifalot-HaZadikim	none		no	no
Peer-MiKdoshim_0001	Peer-MiKdoshim	catalyst	women:catalyst_character	yes	yes
Peer-MiKdoshim_0002	Peer-MiKdoshim	none		no	no
Peer-MiKdoshim_0003	Peer-MiKdoshim	none		no	no
Peer-MiKdoshim_0004	Peer-MiKdoshim	catalyst	women:catalyst_character	yes	yes
Peer-MiKdoshim_0005	Peer-MiKdoshim	mention_only	women:mention_only	yes	no
Peer-MiKdoshim_0006	Peer-MiKdoshim	catalyst	women:catalyst_character	yes	yes
Peer-MiKdoshim_0007	Peer-MiKdoshim	none		no	no
Peer-MiKdoshim_0008	Peer-MiKdoshim	none		no	no
Peer-MiKdoshim_0009	Peer-MiKdoshim	catalyst	women:catalyst_character	yes	yes
Peer-MiKdoshim_0010	Peer-MiKdoshim	major	women:major_character	yes	yes
Peer-MiKdoshim_0011	Peer-MiKdoshim	catalyst	women:catalyst_character	yes	yes
Peer-MiKdoshim_0012	Peer-MiKdoshim	major	women:major_character	yes	yes
Peer-MiKdoshim_0013	Peer-MiKdoshim	none		no	no
Peer-MiKdoshim_0014	Peer-MiKdoshim	minor	women:minor_character	yes	yes
Peer-MiKdoshim_0015	Peer-MiKdoshim	major	women:major_character	yes	yes
Peer-MiKdoshim_0016	Peer-MiKdoshim	minor	women:minor_character	yes	yes
Peer-MiKdoshim_0017	Peer-MiKdoshim	none		no	no
Peer-MiKdoshim_0018	Peer-MiKdoshim	mention_only	women:mention_only	yes	no
Shivhei-Habesht_0001	Shivhei-Habesht	mention_only	women:mention_only	yes	no
Shivhei-Habesht_0002	Shivhei-Habesht	minor	women:minor_character	yes	yes
Shivhei-Habesht_0003	Shivhei-Habesht	minor	women:minor_character	yes	yes
Shivhei-Habesht_0004	Shivhei-Habesht	minor	women:minor_character	yes	yes
Shivhei-Habesht_0005A	Shivhei-Habesht	none		no	no
Shivhei-Habesht_0005B	Shivhei-Habesht	minor	women:minor_character	yes	yes
Shivhei-Habesht_0006	Shivhei-Habesht	minor	women:minor_character	yes	yes
Shivhei-Habesht_0007	Shivhei-Habesht	mention_only	women:mention_only	yes	no
Shivhei-Habesht_0008	Shivhei-Habesht	mention_only	women:mention_only	yes	no
Shivhei-Habesht_0008A	Shivhei-Habesht	none		no	no
Shivhei-Habesht_0008B	Shivhei-Habesht	none		no	no
Shivhei-Habesht_0009	Shivhei-Habesht	none		no	no
Shivhei-Habesht_0010	Shivhei-Habesht	major	women:major_character	yes	yes
Shivhei-Habesht_0011	Shivhei-Habesht	none		no	no
Shivhei-Habesht_0012	Shivhei-Habesht	minor	women:minor_character	yes	yes
Shivhei-Habesht_0013	Shivhei-Habesht	none		no	no
Shivhei-Habesht_0014	Shivhei-Habesht	major	women:major_character	yes	yes
Shivhei-Habesht_0015	Shivhei-Habesht	none		no	no
Shivhei-Habesht_0016	Shivhei-Habesht	catalyst	women:catalyst_character	yes	yes
Shivhei-Habesht_0017	Shivhei-Habesht	mention_only	women:mention_only	yes	no
Shivhei-Habesht_0018	Shivhei-Habesht	none		no	no
Shivhei-Habesht_0019	Shivhei-Habesht	none		no	no
Shivhei-Habesht_0020	Shivhei-Habesht	none		no	no
Shivhei-Habesht_0021	Shivhei-Habesht	none		no	no
Shivhei-Habesht_0022	Shivhei-Habesht	minor	women:minor_character	yes	yes
Shivhei-Habesht_0023	Shivhei-Habesht	none		no	no
Shivhei-Habesht_0024	Shivhei-Habesht	none		no	no
Shivhei-Habesht_0025	Shivhei-Habesht	none		no	no
Shivhei-Habesht_0026	Shivhei-Habesht	none		no	no
Shivhei-Habesht_0027	Shivhei-Habesht	mention_only	women:mention_only	yes	no
Shivhei-Habesht_0028	Shivhei-Habesht	none		no	no
Shivhei-Habesht_0029	Shivhei-Habesht	none		no	no
Shivhei-Habesht_0030	Shivhei-Habesht	major	women:major_character	yes	yes
Shivhei-Habesht_0031	Shivhei-Habesht	catalyst	women:catalyst_character	yes	yes
Shivhei-Habesht_0032	Shivhei-Habesht	minor	women:minor_character	yes	yes
Shivhei-Habesht_0033	Shivhei-Habesht	major	women:major_character	yes	yes
Shivhei-Habesht_0034	Shivhei-Habesht	none		no	no
Shivhei-Habesht_0035	Shivhei-Habesht	mention_only	women:mention_only	yes	no
Shivhei-Habesht_0036	Shivhei-Habesht	minor	women:minor_character	yes	yes
Shivhei-Habesht_0037	Shivhei-Habesht	none		no	no
Shivhei-Habesht_0038	Shivhei-Habesht	none		no	no
Shivhei-Habesht_0039	Shivhei-Habesht	none		no	no
Shivhei-Habesht_0040	Shivhei-Habesht	none		no	no
Shivhei-Habesht_0041	Shivhei-Habesht	none		no	no
Shivhei-Habesht_0042	Shivhei-Habesht	none		no	no
Shivhei-Habesht_0043	Shivhei-Habesht	major	women:major_character	yes	yes
Shivhei-Habesht_0044	Shivhei-Habesht	mention_only	women:mention_only	yes	no
Shivhei-Habesht_0045	Shivhei-Habesht	none		no	no
Shivhei-Habesht_0046	Shivhei-Habesht	none		no	no
Shivhei-Habesht_0047	Shivhei-Habesht	none		no	no
Shivhei-Habesht_0048	Shivhei-Habesht	none		no	no
Shivhei-Habesht_0049	Shivhei-Habesht	mention_only	women:mention_only	yes	no
Shivhei-Habesht_0050A	Shivhei-Habesht	minor	women:minor_character	yes	yes
Shivhei-Habesht_0050B	Shivhei-Habesht	catalyst	women:catalyst_character	yes	yes
Shivhei-Habesht_0051	Shivhei-Habesht	none		no	no
Shivhei-Habesht_0052	Shivhei-Habesht	mention_only	women:mention_only	yes	no
Shivhei-Habesht_0053	Shivhei-Habesht	none		no	no
Shivhei-Habesht_0054	Shivhei-Habesht	none		no	no
Shivhei-Habesht_0055	Shivhei-Habesht	none		no	no
Shivhei-Habesht_0056	Shivhei-Habesht	none		no	no
Shivhei-Habesht_0057	Shivhei-Habesht	none		no	no
Shivhei-Habesht_0058	Shivhei-Habesht	none		no	no
Shivhei-Habesht_0059	Shivhei-Habesht	none		no	no
Shivhei-Habesht_0060	Shivhei-Habesht	major	women:major_character	yes	yes
Shivhei-Habesht_0061	Shivhei-Habesht	mention_only	women:mention_only	yes	no
Shivhei-Habesht_0062	Shivhei-Habesht	minor	women:minor_character	yes	yes
Shivhei-Habesht_0063	Shivhei-Habesht	mention_only	women:mention_only	yes	no
Shivhei-Habesht_0064	Shivhei-Habesht	none		no	no
Shivhei-Habesht_0065	Shivhei-Habesht	none		no	no
Shivhei-Habesht_0066	Shivhei-Habesht	none		no	no
Shivhei-Habesht_0067	Shivhei-Habesht	none		no	no
Shivhei-Habesht_0068	Shivhei-Habesht	none		no	no
Shivhei-Habesht_0069	Shivhei-Habesht	minor	women:minor_character	yes	yes
Shivhei-Habesht_0070	Shivhei-Habesht	none		no	no
Shivhei-Habesht_0071	Shivhei-Habesht	catalyst	women:catalyst_character	yes	yes
Shivhei-Habesht_0072	Shivhei-Habesht	none		no	no
Shivhei-Habesht_0073	Shivhei-Habesht	none		no	no
Shivhei-Habesht_0074	Shivhei-Habesht	none		no	no
Shivhei-Habesht_0075	Shivhei-Habesht	none		no	no
Shivhei-Habesht_0076	Shivhei-Habesht	none		no	no
Shivhei-Habesht_0077	Shivhei-Habesht	minor	women:minor_character	yes	yes
Shivhei-Habesht_0078	Shivhei-Habesht	none		no	no
Shivhei-Habesht_0079	Shivhei-Habesht	minor	women:minor_character	yes	yes
Shivhei-Habesht_0080	Shivhei-Habesht	catalyst	women:catalyst_character	yes	yes
Shivhei-Habesht_0081	Shivhei-Habesht	mention_only	women:mention_only	yes	no
Shivhei-Habesht_0082	Shivhei-Habesht	mention_only	women:mention_only	yes	no
Shivhei-Habesht_0083	Shivhei-Habesht	none		no	no
Shivhei-Habesht_0084	Shivhei-Habesht	mention_only	women:mention_only	yes	no
Shivhei-Habesht_0085	Shivhei-Habesht	none		no	no
Shivhei-Habesht_0086	Shivhei-Habesht	mention_only	women:mention_only	yes	no
Shivhei-Habesht_0087	Shivhei-Habesht	none		no	no
Shivhei-Habesht_0088	Shivhei-Habesht	none		no	no
Shivhei-Habesht_0089	Shivhei-Habesht	none		no	no
Shivhei-Habesht_0090	Shivhei-Habesht	none		no	no
Shivhei-Habesht_0091	Shivhei-Habesht	none		no	no
Shivhei-Habesht_0092	Shivhei-Habesht	none		no	no
Shivhei-Habesht_0093	Shivhei-Habesht	none		no	no
Shivhei-Habesht_0094	Shivhei-Habesht	none		no	no
Shivhei-Habesht_0095	Shivhei-Habesht	none		no	no
Shivhei-Habesht_0096A	Shivhei-Habesht	mention_only	women:mention_only	yes	no
Shivhei-Habesht_0096B	Shivhei-Habesht	mention_only	women:mention_only	yes	no
Shivhei-Habesht_0097	Shivhei-Habesht	minor	women:minor_character	yes	yes
Shivhei-Habesht_0098	Shivhei-Habesht	catalyst	women:catalyst_character	yes	yes
Shivhei-Habesht_0099	Shivhei-Habesht	minor	women:minor_character	yes	yes
Shivhei-Habesht_0100	Shivhei-Habesht	none		no	no
Shivhei-Habesht_0101	Shivhei-Habesht	none		no	no
Shivhei-Habesht_0102	Shivhei-Habesht	none		no	no
Shivhei-Habesht_0103	Shivhei-Habesht	none		no	no
Shivhei-Habesht_0104	Shivhei-Habesht	mention_only	women:mention_only	yes	no
Shivhei-Habesht_0105	Shivhei-Habesht	mention_only	women:mention_only	yes	no
Shivhei-Habesht_0106	Shivhei-Habesht	none		no	no
Shivhei-Habesht_0107	Shivhei-Habesht	none		no	no
Shivhei-Habesht_0108	Shivhei-Habesht	none		no	no
Shivhei-Habesht_0109	Shivhei-Habesht	none		no	no
Shivhei-Habesht_0110	Shivhei-Habesht	minor	women:minor_character	yes	yes
Shivhei-Habesht_0111	Shivhei-Habesht	mention_only	women:mention_only	yes	no
Shivhei-Habesht_0112	Shivhei-Habesht	none		no	no
Shivhei-Habesht_0113	Shivhei-Habesht	none		no	no
Shivhei-Habesht_0114	Shivhei-Habesht	mention_only	women:mention_only	yes	no
Shivhei-Habesht_0115	Shivhei-Habesht	mention_only	women:mention_only	yes	no
Shivhei-Habesht_0116	Shivhei-Habesht	none		no	no
Shivhei-Habesht_0117	Shivhei-Habesht	none		no	no
Shivhei-Habesht_0118	Shivhei-Habesht	mention_only	women:mention_only	yes	no
Shivhei-Habesht_0119	Shivhei-Habesht	none		no	no
Shivhei-Habesht_0120	Shivhei-Habesht	none		no	no
Shivhei-Habesht_0121	Shivhei-Habesht	none		no	no
Shivhei-Habesht_0122	Shivhei-Habesht	minor	women:minor_character	yes	yes
Shivhei-Habesht_0123	Shivhei-Habesht	mention_only	women:mention_only	yes	no
Shivhei-Habesht_0124	Shivhei-Habesht	none		no	no
Shivhei-Habesht_0125	Shivhei-Habesht	none		no	no
Shivhei-Habesht_0126	Shivhei-Habesht	none		no	no
Shivhei-Habesht_0127	Shivhei-Habesht	none		no	no
Shivhei-Habesht_0128	Shivhei-Habesht	none		no	no
Shivhei-Habesht_0129	Shivhei-Habesht	none		no	no
Shivhei-Habesht_0130	Shivhei-Habesht	none		no	no
Shivhei-Habesht_0131	Shivhei-Habesht	none		no	no
Shivhei-Habesht_0132	Shivhei-Habesht	none		no	no
Shivhei-Habesht_0133	Shivhei-Habesht	minor	women:minor_character	yes	yes
Shivhei-Habesht_0134	Shivhei-Habesht	none		no	no
Shivhei-Habesht_0135	Shivhei-Habesht	none		no	no
Shivhei-Habesht_0136	Shivhei-Habesht	none		no	no
Shivhei-Habesht_0137	Shivhei-Habesht	mention_only	women:mention_only	yes	no
Shivhei-Habesht_0138	Shivhei-Habesht	none		no	no
Shivhei-Habesht_0139	Shivhei-Habesht	none		no	no
Shivhei-Habesht_0140	Shivhei-Habesht	minor	women:minor_character	yes	yes
Shivhei-Habesht_0141	Shivhei-Habesht	none		no	no
Shivhei-Habesht_0142	Shivhei-Habesht	none		no	no
Shivhei-Habesht_0143	Shivhei-Habesht	none		no	no
Shivhei-Habesht_0144	Shivhei-Habesht	major	women:major_character	yes	yes
Shivhei-Habesht_0145	Shivhei-Habesht	mention_only	women:mention_only	yes	no
Shivhei-Habesht_0146	Shivhei-Habesht	catalyst	women:catalyst_character	yes	yes
Shivhei-Habesht_0147	Shivhei-Habesht	none		no	no
Shivhei-Habesht_0148	Shivhei-Habesht	none		no	no
Shivhei-Habesht_0149	Shivhei-Habesht	none		no	no
Shivhei-Habesht_0150	Shivhei-Habesht	minor	women:minor_character	yes	yes
Shivhei-Habesht_0151	Shivhei-Habesht	none		no	no
Shivhei-Habesht_0152	Shivhei-Habesht	none		no	no
Shivhei-Habesht_0153	Shivhei-Habesht	none		no	no
Shivhei-Habesht_0154	Shivhei-Habesht	minor	women:minor_character	yes	yes
Shivhei-Habesht_0155	Shivhei-Habesht	none		no	no
Shivhei-Habesht_0156	Shivhei-Habesht	none		no	no
Shivhei-Habesht_0157	Shivhei-Habesht	catalyst	women:catalyst_character	yes	yes
Shivhei-Habesht_0158	Shivhei-Habesht	catalyst	women:catalyst_character	yes	yes
Shivhei-Habesht_0159	Shivhei-Habesht	none		no	no
Shivhei-Habesht_0160	Shivhei-Habesht	none		no	no
Shivhei-Habesht_0161	Shivhei-Habesht	none		no	no
Shivhei-Habesht_0162	Shivhei-Habesht	none		no	no
Shivhei-Habesht_0163	Shivhei-Habesht	none		no	no
Shivhei-Habesht_0164	Shivhei-Habesht	mention_only	women:mention_only	yes	no
Shivhei-Habesht_0165	Shivhei-Habesht	catalyst	women:catalyst_character	yes	yes
Shivhei-Habesht_0166	Shivhei-Habesht	none		no	no
Shivhei-Habesht_0167	Shivhei-Habesht	none		no	no
Shivhei-Habesht_0168	Shivhei-Habesht	none		no	no
Shivhei-Habesht_0169	Shivhei-Habesht	mention_only	women:mention_only	yes	no
Shivhei-Habesht_0170	Shivhei-Habesht	none		no	no
Shivhei-Habesht_0171	Shivhei-Habesht	mention_only	women:mention_only	yes	no
Shivhei-Habesht_0172	Shivhei-Habesht	major	women:major_character	yes	yes
Shivhei-Habesht_0173A	Shivhei-Habesht	mention_only	women:mention_only	yes	no
Shivhei-Habesht_0173B	Shivhei-Habesht	major	women:major_character	yes	yes
Shivhei-Habesht_0174	Shivhei-Habesht	none		no	no
Shivhei-Habesht_0175	Shivhei-Habesht	none		no	no
Shivhei-Habesht_0176	Shivhei-Habesht	minor	women:minor_character	yes	yes
Shivhei-Habesht_0177	Shivhei-Habesht	none		no	no
Shivhei-Habesht_0178	Shivhei-Habesht	none		no	no
Shivhei-Habesht_0179	Shivhei-Habesht	none		no	no
Shivhei-Habesht_0180	Shivhei-Habesht	none		no	no
Shivhei-Habesht_0181	Shivhei-Habesht	none		no	no
Shivhei-Habesht_0182	Shivhei-Habesht	major	women:major_character	yes	yes
Shivhei-Habesht_0183	Shivhei-Habesht	mention_only	women:mention_only	yes	no
Shivhei-Habesht_0184	Shivhei-Habesht	mention_only	women:mention_only	yes	no
Shivhei-Habesht_0185	Shivhei-Habesht	minor	women:minor_character	yes	yes
Shivhei-Habesht_0186	Shivhei-Habesht	none		no	no
Shivhei-Habesht_0187	Shivhei-Habesht	mention_only	women:mention_only	yes	no
Shivhei-Habesht_0188	Shivhei-Habesht	none		no	no
Shivhei-Habesht_0189	Shivhei-Habesht	none		no	no
Shivhei-Habesht_0190	Shivhei-Habesht	none		no	no
Shivhei-Habesht_0191	Shivhei-Habesht	minor	women:minor_character	yes	yes
Shivhei-Habesht_0192	Shivhei-Habesht	catalyst	women:catalyst_character	yes	yes
Shivhei-Habesht_0193	Shivhei-Habesht	minor	women:minor_character	yes	yes
Shivhei-Habesht_0194	Shivhei-Habesht	catalyst	women:catalyst_character	yes	yes
Shivhei-Habesht_0195	Shivhei-Habesht	mention_only	women:mention_only	yes	no
Shivhei-Habesht_0196	Shivhei-Habesht	none		no	no
Shivhei-Habesht_0197	Shivhei-Habesht	none		no	no
Shivhei-Habesht_0198	Shivhei-Habesht	catalyst	women:catalyst_character	yes	yes
Shivhei-Habesht_0199	Shivhei-Habesht	mention_only	women:mention_only	yes	no
Shivhei-Habesht_0200	Shivhei-Habesht	none		no	no
Shivhei-Habesht_0201	Shivhei-Habesht	none		no	no
Shivhei-Habesht_0202	Shivhei-Habesht	none		no	no
Shivhei-Habesht_0203	Shivhei-Habesht	none		no	no
Shivhei-Habesht_0204	Shivhei-Habesht	mention_only	women:mention_only	yes	no
Shivhei-Habesht_0205	Shivhei-Habesht	minor	women:minor_character	yes	yes
Shivhei-Habesht_0206	Shivhei-Habesht	minor	women:minor_character	yes	yes
Shivhei-Habesht_0207	Shivhei-Habesht	minor	women:minor_character	yes	yes
Shivhei-Habesht_0208	Shivhei-Habesht	mention_only	women:mention_only	yes	no
Shivhei-Habesht_0209	Shivhei-Habesht	none		no	no
Shivhei-Habesht_0210	Shivhei-Habesht	none		no	no
Shivhei-Harav_0001	Shivhei-Harav	minor	women:minor_character	yes	yes
Shivhei-Harav_0002	Shivhei-Harav	none		no	no
Shivhei-Harav_0003	Shivhei-Harav	none		no	no
Shivhei-Harav_0004	Shivhei-Harav	none		no	no
Shivhei-Harav_0005	Shivhei-Harav	none		no	no
Shivhei-Harav_0006	Shivhei-Harav	none		no	no
Shivhei-Harav_0007	Shivhei-Harav	none		no	no
Shivhei-Harav_0008	Shivhei-Harav	none		no	no
Shivhei-Harav_0009	Shivhei-Harav	minor	women:minor_character	yes	yes
Shivhei-Harav_0010	Shivhei-Harav	none		no	no
Shivhei-Harav_0011	Shivhei-Harav	mention_only	women:mention_only	yes	no
Shivhei-Harav_0012	Shivhei-Harav	major	women:major_character	yes	yes
Shivhei-Harav_0013	Shivhei-Harav	minor	women:minor_character	yes	yes
Shivhei-Harav_0014	Shivhei-Harav	none		no	no
Shivhei-Harav_0015	Shivhei-Harav	none		no	no
Shivhei-Harav_0016	Shivhei-Harav	catalyst	women:catalyst_character	yes	yes
Shivhei-Harav_0017	Shivhei-Harav	catalyst	women:catalyst_character	yes	yes
Shivhei-Harav_0018	Shivhei-Harav	none		no	no
Shivhei-Harav_0019	Shivhei-Harav	mention_only	women:mention_only	yes	no
Sipurei-Zadikim_0001	Sipurei-Zadikim	none		no	no
Sipurei-Zadikim_0002	Sipurei-Zadikim	mention_only	women:mention_only	yes	no
Sipurei-Zadikim_0003	Sipurei-Zadikim	none		no	no
Sipurei-Zadikim_0004	Sipurei-Zadikim	major	women:major_character	yes	yes
Sipurei-Zadikim_0005	Sipurei-Zadikim	none		no	no
Sipurei-Zadikim_0006	Sipurei-Zadikim	none		no	no
Sipurei-Zadikim_0007	Sipurei-Zadikim	mention_only	women:mention_only	yes	no
Sipurei-Zadikim_0008	Sipurei-Zadikim	none		no	no
Sipurei-Zadikim_0009	Sipurei-Zadikim	none		no	no
Sipurei-Zadikim_0010	Sipurei-Zadikim	catalyst	women:catalyst_character	yes	yes
Sipurei-Zadikim_0011	Sipurei-Zadikim	minor	women:minor_character	yes	yes
Sipurei-Zadikim_0012	Sipurei-Zadikim	none		no	no
Sipurei-Zadikim_0013	Sipurei-Zadikim	none		no	no
Sipurei-Zadikim_0014	Sipurei-Zadikim	none		no	no
