full_tag	top_tag	sub_tag	n_stories	n_women_present	pct_women_present	n_women_graded_character	pct_women_graded_character
characters-and-roles:agunah	characters-and-roles	agunah	7	7	100.0	7	100.0
characters-and-roles:angel_of_death	characters-and-roles	angel_of_death	7	5	71.4	1	14.3
characters-and-roles:angels	characters-and-roles	angels	29	18	62.1	12	41.4
characters-and-roles:baal_shem	characters-and-roles	baal_shem	3	1	33.3	0	0.0
characters-and-roles:demons	characters-and-roles	demons	32	28	87.5	16	50.0
characters-and-roles:elijah_the_prophet	characters-and-roles	elijah_the_prophet	17	12	70.6	7	41.2
characters-and-roles:hidden_righteous	characters-and-roles	hidden_righteous	45	32	71.1	22	48.9
characters-and-roles:magician	characters-and-roles	magician	7	5	71.4	4	57.1
characters-and-roles:melamed	characters-and-roles	melamed	1	1	100.0	1	100.0
characters-and-roles:messiah	characters-and-roles	messiah	6	2	33.3	1	16.7
characters-and-roles:preacher	characters-and-roles	preacher	39	19	48.7	15	38.5
characters-and-roles:ritual_slaughterer	characters-and-roles	ritual_slaughterer	24	10	41.7	7	29.2
characters-and-roles:sabbatai_zevi	characters-and-roles	sabbatai_zevi	4	4	100.0	1	25.0
characters-and-roles:scribe	characters-and-roles	scribe	4	3	75.0	3	75.0
characters-and-roles:tavern_keeper	characters-and-roles	tavern_keeper	8	7	87.5	7	87.5
characters-and-roles:the_family_of_the_tsaddik	characters-and-roles	the_family_of_the_tsaddik	87	67	77.0	57	65.5
characters-and-roles:witch	characters-and-roles	witch	3	3	100.0	2	66.7
ethics-and-emotions:adultery	ethics-and-emotions	adultery	33	32	97.0	19	57.6
ethics-and-emotions:anger	ethics-and-emotions	anger	97	59	60.8	39	40.2
ethics-and-emotions:awe	ethics-and-emotions	awe	44	10	22.7	9	20.5
ethics-and-emotions:charity	ethics-and-emotions	charity	48	28	58.3	22	45.8
ethics-and-emotions:fear	ethics-and-emotions	fear	137	76	55.5	53	38.7
ethics-and-emotions:humility	ethics-and-emotions	humility	40	8	20.0	4	10.0
ethics-and-emotions:joy	ethics-and-emotions	joy	43	28	65.1	21	48.8
ethics-and-emotions:lust	ethics-and-emotions	lust	33	32	97.0	22	66.7
ethics-and-emotions:lying	ethics-and-emotions	lying	58	45	77.6	32	55.2
ethics-and-emotions:pride	ethics-and-emotions	pride	39	12	30.8	7	17.9
ethics-and-emotions:prohibitions	ethics-and-emotions	prohibitions	130	82	63.1	58	44.6
ethics-and-emotions:punishment	ethics-and-emotions	punishment	103	79	76.7	55	53.4
ethics-and-emotions:repentance	ethics-and-emotions	repentance	80	56	70.0	40	50.0
ethics-and-emotions:resisting_temptation	ethics-and-emotions	resisting_temptation	7	7	100.0	5	71.4
ethics-and-emotions:sadness	ethics-and-emotions	sadness	73	42	57.5	29	39.7
ethics-and-emotions:shame	ethics-and-emotions	shame	43	23	53.5	18	41.9
ethics-and-emotions:virtues	ethics-and-emotions	virtues	91	44	48.4	33	36.3
experience:devekut	experience	devekut	25	8	32.0	8	32.0
experience:dream	experience	dream	53	34	64.2	25	47.2
experience:enthusiasm	experience	enthusiasm	39	19	48.7	17	43.6
experience:gilui_eliyahu	experience	gilui_eliyahu	1	1	100.0	1	100.0
experience:journey_to_heaven	experience	journey_to_heaven	20	9	45.0	5	25.0
experience:revelation	experience	revelation	113	75	66.4	56	49.6
experience:trembling	experience	trembling	12	1	8.3	1	8.3
experience:visions	experience	visions	48	18	37.5	14	29.2
folkloristics:story_type_ joke	folkloristics	story_type_ joke	1	0	0.0	0	0.0
folkloristics:story_type_advent	folkloristics	story_type_advent	23	15	65.2	11	47.8
folkloristics:story_type_birth_of_the_tsaddik	folkloristics	story_type_birth_of_the_tsaddik	6	6	100.0	4	66.7
folkloristics:story_type_death_of_the_tsaddik	folkloristics	story_type_death_of_the_tsaddik	22	7	31.8	4	18.2
folkloristics:story_type_inauguration	folkloristics	story_type_inauguration	6	6	100.0	4	66.7
folkloristics:story_type_parable	folkloristics	story_type_parable	4	2	50.0	0	0.0
folkloristics:story_type_prognostication	folkloristics	story_type_prognostication	81	58	71.6	36	44.4
folkloristics:story_type_protection	folkloristics	story_type_protection	51	37	72.5	22	43.1
folkloristics:story_type_rapprochement	folkloristics	story_type_rapprochement	63	29	46.0	20	31.7
folkloristics:story_type_revelation	folkloristics	story_type_revelation	28	16	57.1	13	46.4
folkloristics:story_type_virtues	folkloristics	story_type_virtues	82	46	56.1	33	40.2
kabbalah	kabbalah		31	10	32.3	6	19.4
kabbalah:kabbalistic_terms_kavvanot	kabbalah	kabbalistic_terms_kavvanot	18	11	61.1	7	38.9
kabbalah:kabbalistic_terms_yihudim	kabbalah	kabbalistic_terms_yihudim	20	7	35.0	3	15.0
knowledge:esoteric	knowledge	esoteric	91	44	48.4	35	38.5
knowledge:practical_kabbalah	knowledge	practical_kabbalah	33	25	75.8	17	51.5
knowledge:secret_texts	knowledge	secret_texts	4	4	100.0	4	100.0
practice:asceticism	practice	asceticism	26	11	42.3	7	26.9
practice:business_advice	practice	business_advice	9	9	100.0	5	55.6
practice:circumcision	practice	circumcision	14	10	71.4	6	42.9
practice:clothing	practice	clothing	8	5	62.5	4	50.0
practice:coping_with_alien_thoughts	practice	coping_with_alien_thoughts	10	0	0.0	0	0.0
practice:dance	practice	dance	19	9	47.4	8	42.1
practice:devekut	practice	devekut	23	9	39.1	9	39.1
practice:drinking_alcohol	practice	drinking_alcohol	24	19	79.2	11	45.8
practice:failure	practice	failure	5	3	60.0	3	60.0
practice:fasting	practice	fasting	30	15	50.0	12	40.0
practice:halakhah	practice	halakhah	10	4	40.0	1	10.0
practice:healing	practice	healing	63	46	73.0	28	44.4
practice:healing_of_the_soul	practice	healing_of_the_soul	22	10	45.5	4	18.2
practice:joke	practice	joke	4	4	100.0	0	0.0
practice:lifesaving	practice	lifesaving	27	18	66.7	9	33.3
practice:magic,besht_as_kabbalist	practice	magic,besht_as_kabbalist	1	1	100.0	1	100.0
practice:magic:make_it_rain	practice	magic:make_it_rain	1	1	100.0	1	100.0
practice:meditation	practice	meditation	27	14	51.9	11	40.7
practice:music	practice	music	19	16	84.2	12	63.2
practice:pidyon_haben	practice	pidyon_haben	1	1	100.0	0	0.0
practice:pidyon_nefesh	practice	pidyon_nefesh	23	22	95.7	15	65.2
practice:pidyon_shvuyim	practice	pidyon_shvuyim	12	9	75.0	4	33.3
practice:pilgrimage_to_the_graves_of_tsaddikim	practice	pilgrimage_to_the_graves_of_tsaddikim	18	14	77.8	10	55.6
practice:prayer	practice	prayer	169	73	43.2	51	30.2
practice:prayer,experience:shaking_during_prayer	practice	prayer,experience:shaking_during_prayer	1	0	0.0	0	0.0
practice:protection	practice	protection	85	52	61.2	36	42.4
practice:reception_of_hasidim	practice	reception_of_hasidim	34	14	41.2	3	8.8
practice:recitation_of_psalms	practice	recitation_of_psalms	45	34	75.6	26	57.8
practice:redemption_of_captives	practice	redemption_of_captives	3	2	66.7	2	66.7
practice:releasing_agunot	practice	releasing_agunot	20	18	90.0	16	80.0
practice:ritual_bathing, practice:prayer	practice	ritual_bathing, practice:prayer	1	1	100.0	1	100.0
practice:ritual_slaughtering	practice	ritual_slaughtering	20	10	50.0	9	45.0
practice:sermon	practice	sermon	66	24	36.4	17	25.8
practice:sexual_abstinence	practice	sexual_abstinence	10	10	100.0	2	20.0
practice:smoking	practice	smoking	24	8	33.3	5	20.8
practice:solitude	practice	solitude	19	17	89.5	15	78.9
practice:storytelling	practice	storytelling	53	28	52.8	18	34.0
practice:study	practice	study	105	57	54.3	40	38.1
practice:tefillin	practice	tefillin	24	9	37.5	6	25.0
practice:the_travels_of_the_tsaddik	practice	the_travels_of_the_tsaddik	9	4	44.4	2	22.2
practice:torat_ha_tsaddik	practice	torat_ha_tsaddik	5	2	40.0	2	40.0
practice:travel_to_other_tsaddik	practice	travel_to_other_tsaddik	13	6	46.2	4	30.8
practice:travel_to_the_tsaddik	practice	travel_to_the_tsaddik	70	35	50.0	24	34.3
practice:tvilah	practice	tvilah	62	31	50.0	27	43.5
practice:use_of_holy_names	practice	use_of_holy_names	15	10	66.7	6	40.0
practice:worship_through_corporeality	practice	worship_through_corporeality	2	2	100.0	1	50.0
practice:writing_amulets	practice	writing_amulets	8	7	87.5	6	75.0
ritual	ritual		1	1	100.0	1	100.0
ritual:debate	ritual	debate	1	1	100.0	1	100.0
ritual:third_meal	ritual	third_meal	1	0	0.0	0	0.0
social:competition	social	competition	16	8	50.0	5	31.2
social:conflict	social	conflict	141	90	63.8	67	47.5
social:converts_and_conversion	social	converts_and_conversion	13	11	84.6	10	76.9
social:disobedience	social	disobedience	32	28	87.5	21	65.6
social:divorce	social	divorce	7	7	100.0	5	71.4
social:excommunication	social	excommunication	6	3	50.0	2	33.3
social:inter_hasidic	social	inter_hasidic	90	45	50.0	28	31.1
social:inter_hasidic_conflict_between_tsaddikim	social	inter_hasidic_conflict_between_tsaddikim	11	4	36.4	3	27.3
social:inter_hasidic_inheritance_of_leadership	social	inter_hasidic_inheritance_of_leadership	19	8	42.1	3	15.8
social:inter_hasidic_master_disciple_relationship	social	inter_hasidic_master_disciple_relationship	225	90	40.0	61	27.1
social:marital_relationship	social	marital_relationship	55	55	100.0	40	72.7
social:marriage	social	marriage	42	41	97.6	28	66.7
social:poverty	social	poverty	25	20	80.0	20	80.0
social:relations_with_non_hasidim	social	relations_with_non_hasidim	90	35	38.9	21	23.3
social:relations_with_non_jews	social	relations_with_non_jews	122	82	67.2	49	40.2
social:relations_with_sinners	social	relations_with_sinners	23	21	91.3	15	65.2
social:relations_with_the_authorities	social	relations_with_the_authorities	71	45	63.4	28	39.4
social:retrospective_recognition	social	retrospective_recognition	166	108	65.1	79	47.6
spaces:beth_midrash	spaces	beth_midrash	37	19	51.4	12	32.4
spaces:heaven	spaces	heaven	46	22	47.8	17	37.0
spaces:hell	spaces	hell	9	6	66.7	4	44.4
spaces:institutions_hassidic_court	spaces	institutions_hassidic_court	8	2	25.0	1	12.5
spaces:mikveh	spaces	mikveh	34	17	50.0	16	47.1
spaces:rabbinical_court	spaces	rabbinical_court	5	5	100.0	4	80.0
spaces:the_land_of_israel	spaces	the_land_of_israel	32	15	46.9	11	34.4
supernatural:communicating_with_the_invisible	supernatural	communicating_with_the_invisible	130	83	63.8	61	46.9
supernatural:contraction_of_the_road	supernatural	contraction_of_the_road	13	11	84.6	10	76.9
supernatural:light_or_fire_as_a_sign_of_righteousness	supernatural	light_or_fire_as_a_sign_of_righteousness	39	26	66.7	21	53.8
supernatural:magic	supernatural	magic	89	61	68.5	45	50.6
supernatural:miracle	supernatural	miracle	96	72	75.0	53	55.2
supernatural:perception	supernatural	perception	407	220	54.1	150	36.9
supernatural:pregnancy	supernatural	pregnancy	28	27	96.4	14	50.0
supernatural:prognostication	supernatural	prognostication	168	111	66.1	71	42.3
supernatural:reincarnation	supernatural	reincarnation	31	17	54.8	12	38.7
times:birth	times	birth	27	26	96.3	16	59.3
times:death	times	death	122	67	54.9	45	36.9
times:eschatology	times	eschatology	9	2	22.2	1	11.1
times:historical_event	times	historical_event	26	13	50.0	10	38.5
times:holidays	times	holidays	51	29	56.9	17	33.3
times:inauguration	times	inauguration	13	10	76.9	6	46.2
times:shabbat	times	shabbat	91	41	45.1	31	34.1
